Driver,Circuit,Compound,TyreLife,LapNumber,Rainfall,FuelWeight,LapTime
VER,Yas Marina,MEDIUM,1.0,1.0,0,108.3,91.677
VER,Yas Marina,MEDIUM,2.0,2.0,0,106.6,89.117
VER,Yas Marina,MEDIUM,3.0,3.0,0,104.9,89.555
VER,Yas Marina,MEDIUM,4.0,4.0,0,103.2,89.563
VER,Yas Marina,MEDIUM,5.0,5.0,0,101.5,89.695
VER,Yas Marina,MEDIUM,6.0,6.0,0,99.8,89.772
VER,Yas Marina,MEDIUM,7.0,7.0,0,98.1,89.744
VER,Yas Marina,MEDIUM,8.0,8.0,0,96.4,89.601
VER,Yas Marina,MEDIUM,9.0,9.0,0,94.7,89.413
VER,Yas Marina,MEDIUM,10.0,10.0,0,93.0,89.465
VER,Yas Marina,MEDIUM,11.0,11.0,0,91.3,89.538
VER,Yas Marina,MEDIUM,12.0,12.0,0,89.6,89.543
VER,Yas Marina,MEDIUM,13.0,13.0,0,87.9,89.633
VER,Yas Marina,MEDIUM,14.0,14.0,0,86.2,89.526
VER,Yas Marina,MEDIUM,15.0,15.0,0,84.5,89.703
VER,Yas Marina,MEDIUM,16.0,16.0,0,82.8,89.46
VER,Yas Marina,MEDIUM,17.0,17.0,0,81.1,89.578
VER,Yas Marina,MEDIUM,18.0,18.0,0,79.4,89.596
VER,Yas Marina,MEDIUM,19.0,19.0,0,77.7,89.614
VER,Yas Marina,MEDIUM,20.0,20.0,0,76.0,89.557
VER,Yas Marina,MEDIUM,21.0,21.0,0,74.30000000000001,89.441
VER,Yas Marina,MEDIUM,22.0,22.0,0,72.6,89.243
VER,Yas Marina,MEDIUM,23.0,23.0,0,70.9,91.365
VER,Yas Marina,HARD,2.0,25.0,0,67.5,88.693
VER,Yas Marina,HARD,3.0,26.0,0,65.80000000000001,88.312
VER,Yas Marina,HARD,4.0,27.0,0,64.1,88.327
VER,Yas Marina,HARD,5.0,28.0,0,62.4,88.371
VER,Yas Marina,HARD,6.0,29.0,0,60.7,88.003
VER,Yas Marina,HARD,7.0,30.0,0,59.0,88.049
VER,Yas Marina,HARD,8.0,31.0,0,57.3,87.844
VER,Yas Marina,HARD,9.0,32.0,0,55.6,87.801
VER,Yas Marina,HARD,10.0,33.0,0,53.9,87.909
VER,Yas Marina,HARD,11.0,34.0,0,52.2,87.924
VER,Yas Marina,HARD,12.0,35.0,0,50.5,87.981
VER,Yas Marina,HARD,13.0,36.0,0,48.8,87.81
VER,Yas Marina,HARD,14.0,37.0,0,47.1,87.745
VER,Yas Marina,HARD,15.0,38.0,0,45.400000000000006,87.751
VER,Yas Marina,HARD,16.0,39.0,0,43.7,87.625
VER,Yas Marina,HARD,17.0,40.0,0,42.0,88.142
VER,Yas Marina,HARD,18.0,41.0,0,40.3,87.973
VER,Yas Marina,HARD,19.0,42.0,0,38.60000000000001,88.22
VER,Yas Marina,HARD,20.0,43.0,0,36.900000000000006,87.935
VER,Yas Marina,HARD,21.0,44.0,0,35.2,87.893
VER,Yas Marina,HARD,22.0,45.0,0,33.5,87.752
VER,Yas Marina,HARD,23.0,46.0,0,31.8,87.961
VER,Yas Marina,HARD,24.0,47.0,0,30.10000000000001,87.871
VER,Yas Marina,HARD,25.0,48.0,0,28.40000000000001,87.818
VER,Yas Marina,HARD,26.0,49.0,0,26.700000000000003,87.75
VER,Yas Marina,HARD,27.0,50.0,0,25.0,87.986
VER,Yas Marina,HARD,28.0,51.0,0,23.3,87.983
VER,Yas Marina,HARD,29.0,52.0,0,21.60000000000001,88.455
VER,Yas Marina,HARD,30.0,53.0,0,19.90000000000001,88.395
VER,Yas Marina,HARD,31.0,54.0,0,18.200000000000003,88.175
VER,Yas Marina,HARD,32.0,55.0,0,16.5,88.817
VER,Yas Marina,HARD,33.0,56.0,0,14.799999999999995,88.621
VER,Yas Marina,HARD,34.0,57.0,0,13.100000000000009,88.782
VER,Yas Marina,HARD,35.0,58.0,0,11.400000000000006,88.473
PIA,Yas Marina,HARD,2.0,2.0,0,106.6,89.814
PIA,Yas Marina,HARD,3.0,3.0,0,104.9,89.525
PIA,Yas Marina,HARD,4.0,4.0,0,103.2,89.926
PIA,Yas Marina,HARD,5.0,5.0,0,101.5,89.758
PIA,Yas Marina,HARD,6.0,6.0,0,99.8,89.787
PIA,Yas Marina,HARD,7.0,7.0,0,98.1,89.568
PIA,Yas Marina,HARD,8.0,8.0,0,96.4,89.496
PIA,Yas Marina,HARD,9.0,9.0,0,94.7,89.571
PIA,Yas Marina,HARD,10.0,10.0,0,93.0,89.468
PIA,Yas Marina,HARD,11.0,11.0,0,91.3,89.466
PIA,Yas Marina,HARD,12.0,12.0,0,89.6,89.492
PIA,Yas Marina,HARD,13.0,13.0,0,87.9,89.261
PIA,Yas Marina,HARD,14.0,14.0,0,86.2,89.625
PIA,Yas Marina,HARD,15.0,15.0,0,84.5,89.536
PIA,Yas Marina,HARD,16.0,16.0,0,82.8,89.681
PIA,Yas Marina,HARD,17.0,17.0,0,81.1,89.535
PIA,Yas Marina,HARD,18.0,18.0,0,79.4,89.557
PIA,Yas Marina,HARD,19.0,19.0,0,77.7,89.598
PIA,Yas Marina,HARD,20.0,20.0,0,76.0,89.892
PIA,Yas Marina,HARD,21.0,21.0,0,74.30000000000001,89.584
PIA,Yas Marina,HARD,22.0,22.0,0,72.6,89.503
PIA,Yas Marina,HARD,23.0,23.0,0,70.9,89.515
PIA,Yas Marina,HARD,24.0,24.0,0,69.2,89.435
PIA,Yas Marina,HARD,25.0,25.0,0,67.5,89.261
PIA,Yas Marina,HARD,26.0,26.0,0,65.80000000000001,89.492
PIA,Yas Marina,HARD,27.0,27.0,0,64.1,89.299
PIA,Yas Marina,HARD,28.0,28.0,0,62.4,89.004
PIA,Yas Marina,HARD,29.0,29.0,0,60.7,88.927
PIA,Yas Marina,HARD,30.0,30.0,0,59.0,89.119
PIA,Yas Marina,HARD,31.0,31.0,0,57.3,88.983
PIA,Yas Marina,HARD,32.0,32.0,0,55.6,89.001
PIA,Yas Marina,HARD,33.0,33.0,0,53.9,89.002
PIA,Yas Marina,HARD,34.0,34.0,0,52.2,89.313
PIA,Yas Marina,HARD,35.0,35.0,0,50.5,89.177
PIA,Yas Marina,HARD,36.0,36.0,0,48.8,89.009
PIA,Yas Marina,HARD,37.0,37.0,0,47.1,89.126
PIA,Yas Marina,HARD,38.0,38.0,0,45.400000000000006,89.106
PIA,Yas Marina,HARD,39.0,39.0,0,43.7,89.26
PIA,Yas Marina,HARD,40.0,40.0,0,42.0,89.388
PIA,Yas Marina,HARD,41.0,41.0,0,40.3,92.723
PIA,Yas Marina,MEDIUM,2.0,43.0,0,36.900000000000006,87.369
PIA,Yas Marina,MEDIUM,3.0,44.0,0,35.2,86.765
PIA,Yas Marina,MEDIUM,4.0,45.0,0,33.5,87.392
PIA,Yas Marina,MEDIUM,5.0,46.0,0,31.8,86.965
PIA,Yas Marina,MEDIUM,6.0,47.0,0,30.10000000000001,86.994
PIA,Yas Marina,MEDIUM,7.0,48.0,0,28.40000000000001,87.022
PIA,Yas Marina,MEDIUM,8.0,49.0,0,26.700000000000003,87.112
PIA,Yas Marina,MEDIUM,9.0,50.0,0,25.0,87.039
PIA,Yas Marina,MEDIUM,10.0,51.0,0,23.3,87.312
PIA,Yas Marina,MEDIUM,11.0,52.0,0,21.60000000000001,87.498
PIA,Yas Marina,MEDIUM,12.0,53.0,0,19.90000000000001,87.527
PIA,Yas Marina,MEDIUM,13.0,54.0,0,18.200000000000003,87.744
PIA,Yas Marina,MEDIUM,14.0,55.0,0,16.5,87.79
PIA,Yas Marina,MEDIUM,15.0,56.0,0,14.799999999999995,87.998
PIA,Yas Marina,MEDIUM,16.0,57.0,0,13.100000000000009,88.406
PIA,Yas Marina,MEDIUM,17.0,58.0,0,11.400000000000006,88.074
NOR,Yas Marina,MEDIUM,2.0,2.0,0,106.6,89.893
NOR,Yas Marina,MEDIUM,3.0,3.0,0,104.9,89.86
NOR,Yas Marina,MEDIUM,4.0,4.0,0,103.2,89.841
NOR,Yas Marina,MEDIUM,5.0,5.0,0,101.5,89.818
NOR,Yas Marina,MEDIUM,6.0,6.0,0,99.8,89.82
NOR,Yas Marina,MEDIUM,7.0,7.0,0,98.1,89.817
NOR,Yas Marina,MEDIUM,8.0,8.0,0,96.4,89.51
NOR,Yas Marina,MEDIUM,9.0,9.0,0,94.7,89.527
NOR,Yas Marina,MEDIUM,10.0,10.0,0,93.0,89.635
NOR,Yas Marina,MEDIUM,11.0,11.0,0,91.3,89.821
NOR,Yas Marina,MEDIUM,12.0,12.0,0,89.6,89.682
NOR,Yas Marina,MEDIUM,13.0,13.0,0,87.9,89.745
NOR,Yas Marina,MEDIUM,14.0,14.0,0,86.2,90.061
NOR,Yas Marina,MEDIUM,15.0,15.0,0,84.5,89.59
NOR,Yas Marina,MEDIUM,16.0,16.0,0,82.8,91.722
NOR,Yas Marina,HARD,2.0,18.0,0,79.4,89.958
NOR,Yas Marina,HARD,3.0,19.0,0,77.7,89.681
NOR,Yas Marina,HARD,4.0,20.0,0,76.0,89.528
NOR,Yas Marina,HARD,5.0,21.0,0,74.30000000000001,89.133
NOR,Yas Marina,HARD,6.0,22.0,0,72.6,88.983
NOR,Yas Marina,HARD,7.0,23.0,0,70.9,88.828
NOR,Yas Marina,HARD,8.0,24.0,0,69.2,88.875
NOR,Yas Marina,HARD,9.0,25.0,0,67.5,88.355
NOR,Yas Marina,HARD,10.0,26.0,0,65.80000000000001,88.486
NOR,Yas Marina,HARD,11.0,27.0,0,64.1,87.998
NOR,Yas Marina,HARD,12.0,28.0,0,62.4,88.202
NOR,Yas Marina,HARD,13.0,29.0,0,60.7,88.132
NOR,Yas Marina,HARD,14.0,30.0,0,59.0,88.066
NOR,Yas Marina,HARD,15.0,31.0,0,57.3,88.153
NOR,Yas Marina,HARD,16.0,32.0,0,55.6,88.374
NOR,Yas Marina,HARD,17.0,33.0,0,53.9,88.081
NOR,Yas Marina,HARD,18.0,34.0,0,52.2,88.108
NOR,Yas Marina,HARD,19.0,35.0,0,50.5,87.971
NOR,Yas Marina,HARD,20.0,36.0,0,48.8,87.841
NOR,Yas Marina,HARD,21.0,37.0,0,47.1,87.814
NOR,Yas Marina,HARD,22.0,38.0,0,45.400000000000006,87.998
NOR,Yas Marina,HARD,23.0,39.0,0,43.7,88.068
NOR,Yas Marina,HARD,24.0,40.0,0,42.0,90.069
NOR,Yas Marina,HARD,2.0,42.0,0,38.60000000000001,88.191
NOR,Yas Marina,HARD,3.0,43.0,0,36.900000000000006,87.829
NOR,Yas Marina,HARD,4.0,44.0,0,35.2,86.834
NOR,Yas Marina,HARD,5.0,45.0,0,33.5,86.953
NOR,Yas Marina,HARD,6.0,46.0,0,31.8,87.074
NOR,Yas Marina,HARD,7.0,47.0,0,30.10000000000001,86.867
NOR,Yas Marina,HARD,8.0,48.0,0,28.40000000000001,86.818
NOR,Yas Marina,HARD,9.0,49.0,0,26.700000000000003,86.907
NOR,Yas Marina,HARD,10.0,50.0,0,25.0,86.968
NOR,Yas Marina,HARD,11.0,51.0,0,23.3,87.277
NOR,Yas Marina,HARD,12.0,52.0,0,21.60000000000001,86.895
NOR,Yas Marina,HARD,13.0,53.0,0,19.90000000000001,87.08
NOR,Yas Marina,HARD,14.0,54.0,0,18.200000000000003,87.144
NOR,Yas Marina,HARD,15.0,55.0,0,16.5,87.975
NOR,Yas Marina,HARD,16.0,56.0,0,14.799999999999995,88.226
NOR,Yas Marina,HARD,17.0,57.0,0,13.100000000000009,88.435
NOR,Yas Marina,HARD,18.0,58.0,0,11.400000000000006,88.987
LEC,Yas Marina,MEDIUM,2.0,2.0,0,106.6,90.087
LEC,Yas Marina,MEDIUM,3.0,3.0,0,104.9,89.681
LEC,Yas Marina,MEDIUM,4.0,4.0,0,103.2,89.943
LEC,Yas Marina,MEDIUM,5.0,5.0,0,101.5,90.062
LEC,Yas Marina,MEDIUM,6.0,6.0,0,99.8,89.739
LEC,Yas Marina,MEDIUM,7.0,7.0,0,98.1,89.671
LEC,Yas Marina,MEDIUM,8.0,8.0,0,96.4,89.606
LEC,Yas Marina,MEDIUM,9.0,9.0,0,94.7,89.654
LEC,Yas Marina,MEDIUM,10.0,10.0,0,93.0,89.63
LEC,Yas Marina,MEDIUM,11.0,11.0,0,91.3,89.909
LEC,Yas Marina,MEDIUM,12.0,12.0,0,89.6,90.057
LEC,Yas Marina,MEDIUM,13.0,13.0,0,87.9,89.938
LEC,Yas Marina,MEDIUM,14.0,14.0,0,86.2,90.054
LEC,Yas Marina,MEDIUM,15.0,15.0,0,84.5,89.998
LEC,Yas Marina,MEDIUM,16.0,16.0,0,82.8,91.99
LEC,Yas Marina,HARD,2.0,18.0,0,79.4,89.872
LEC,Yas Marina,HARD,3.0,19.0,0,77.7,89.529
LEC,Yas Marina,HARD,4.0,20.0,0,76.0,89.256
LEC,Yas Marina,HARD,5.0,21.0,0,74.30000000000001,89.055
LEC,Yas Marina,HARD,6.0,22.0,0,72.6,88.891
LEC,Yas Marina,HARD,7.0,23.0,0,70.9,89.595
LEC,Yas Marina,HARD,8.0,24.0,0,69.2,89.019
LEC,Yas Marina,HARD,9.0,25.0,0,67.5,88.171
LEC,Yas Marina,HARD,10.0,26.0,0,65.80000000000001,88.044
LEC,Yas Marina,HARD,11.0,27.0,0,64.1,88.098
LEC,Yas Marina,HARD,12.0,28.0,0,62.4,88.149
LEC,Yas Marina,HARD,13.0,29.0,0,60.7,88.391
LEC,Yas Marina,HARD,14.0,30.0,0,59.0,88.471
LEC,Yas Marina,HARD,15.0,31.0,0,57.3,88.548
LEC,Yas Marina,HARD,16.0,32.0,0,55.6,88.854
LEC,Yas Marina,HARD,17.0,33.0,0,53.9,88.664
LEC,Yas Marina,HARD,18.0,34.0,0,52.2,88.58
LEC,Yas Marina,HARD,19.0,35.0,0,50.5,88.453
LEC,Yas Marina,HARD,20.0,36.0,0,48.8,88.303
LEC,Yas Marina,HARD,21.0,37.0,0,47.1,88.35
LEC,Yas Marina,HARD,22.0,38.0,0,45.400000000000006,88.152
LEC,Yas Marina,HARD,23.0,39.0,0,43.7,90.239
LEC,Yas Marina,MEDIUM,5.0,41.0,0,40.3,88.125
LEC,Yas Marina,MEDIUM,6.0,42.0,0,38.60000000000001,87.269
LEC,Yas Marina,MEDIUM,7.0,43.0,0,36.900000000000006,86.919
LEC,Yas Marina,MEDIUM,8.0,44.0,0,35.2,86.847
LEC,Yas Marina,MEDIUM,9.0,45.0,0,33.5,86.725
LEC,Yas Marina,MEDIUM,10.0,46.0,0,31.8,86.856
LEC,Yas Marina,MEDIUM,11.0,47.0,0,30.10000000000001,86.974
LEC,Yas Marina,MEDIUM,12.0,48.0,0,28.40000000000001,86.845
LEC,Yas Marina,MEDIUM,13.0,49.0,0,26.700000000000003,86.936
LEC,Yas Marina,MEDIUM,14.0,50.0,0,25.0,87.213
LEC,Yas Marina,MEDIUM,15.0,51.0,0,23.3,87.376
LEC,Yas Marina,MEDIUM,16.0,52.0,0,21.60000000000001,87.55
LEC,Yas Marina,MEDIUM,17.0,53.0,0,19.90000000000001,89.005
LEC,Yas Marina,MEDIUM,18.0,54.0,0,18.200000000000003,88.291
LEC,Yas Marina,MEDIUM,19.0,55.0,0,16.5,88.195
LEC,Yas Marina,MEDIUM,20.0,56.0,0,14.799999999999995,87.464
LEC,Yas Marina,MEDIUM,21.0,57.0,0,13.100000000000009,88.165
LEC,Yas Marina,MEDIUM,22.0,58.0,0,11.400000000000006,88.273
RUS,Yas Marina,MEDIUM,2.0,2.0,0,106.6,90.629
RUS,Yas Marina,MEDIUM,3.0,3.0,0,104.9,90.067
RUS,Yas Marina,MEDIUM,4.0,4.0,0,103.2,89.337
RUS,Yas Marina,MEDIUM,5.0,5.0,0,101.5,89.989
RUS,Yas Marina,MEDIUM,6.0,6.0,0,99.8,89.929
RUS,Yas Marina,MEDIUM,7.0,7.0,0,98.1,89.759
RUS,Yas Marina,MEDIUM,8.0,8.0,0,96.4,90.124
RUS,Yas Marina,MEDIUM,9.0,9.0,0,94.7,90.205
RUS,Yas Marina,MEDIUM,10.0,10.0,0,93.0,90.006
RUS,Yas Marina,MEDIUM,11.0,11.0,0,91.3,90.044
RUS,Yas Marina,MEDIUM,12.0,12.0,0,89.6,90.095
RUS,Yas Marina,MEDIUM,13.0,13.0,0,87.9,90.06
RUS,Yas Marina,MEDIUM,14.0,14.0,0,86.2,92.081
RUS,Yas Marina,HARD,2.0,16.0,0,82.8,88.648
RUS,Yas Marina,HARD,3.0,17.0,0,81.1,90.035
RUS,Yas Marina,HARD,4.0,18.0,0,79.4,89.857
RUS,Yas Marina,HARD,5.0,19.0,0,77.7,90.191
RUS,Yas Marina,HARD,6.0,20.0,0,76.0,90.286
RUS,Yas Marina,HARD,7.0,21.0,0,74.30000000000001,90.065
RUS,Yas Marina,HARD,8.0,22.0,0,72.6,89.399
RUS,Yas Marina,HARD,9.0,23.0,0,70.9,89.648
RUS,Yas Marina,HARD,10.0,24.0,0,69.2,89.589
RUS,Yas Marina,HARD,11.0,25.0,0,67.5,89.32
RUS,Yas Marina,HARD,12.0,26.0,0,65.80000000000001,89.431
RUS,Yas Marina,HARD,13.0,27.0,0,64.1,89.682
RUS,Yas Marina,HARD,14.0,28.0,0,62.4,89.75
RUS,Yas Marina,HARD,15.0,29.0,0,60.7,88.818
RUS,Yas Marina,HARD,16.0,30.0,0,59.0,89.01
RUS,Yas Marina,HARD,17.0,31.0,0,57.3,89.144
RUS,Yas Marina,HARD,18.0,32.0,0,55.6,89.166
RUS,Yas Marina,HARD,19.0,33.0,0,53.9,89.698
RUS,Yas Marina,HARD,20.0,34.0,0,52.2,89.485
RUS,Yas Marina,HARD,21.0,35.0,0,50.5,89.405
RUS,Yas Marina,HARD,22.0,36.0,0,48.8,89.377
RUS,Yas Marina,HARD,23.0,37.0,0,47.1,89.348
RUS,Yas Marina,HARD,24.0,38.0,0,45.400000000000006,89.064
RUS,Yas Marina,HARD,25.0,39.0,0,43.7,89.157
RUS,Yas Marina,HARD,26.0,40.0,0,42.0,89.278
RUS,Yas Marina,HARD,27.0,41.0,0,40.3,89.3
RUS,Yas Marina,HARD,28.0,42.0,0,38.60000000000001,89.981
RUS,Yas Marina,HARD,29.0,43.0,0,36.900000000000006,89.457
RUS,Yas Marina,HARD,30.0,44.0,0,35.2,88.818
RUS,Yas Marina,HARD,31.0,45.0,0,33.5,89.132
RUS,Yas Marina,HARD,32.0,46.0,0,31.8,88.944
RUS,Yas Marina,HARD,33.0,47.0,0,30.10000000000001,89.062
RUS,Yas Marina,HARD,34.0,48.0,0,28.40000000000001,88.922
RUS,Yas Marina,HARD,35.0,49.0,0,26.700000000000003,88.773
RUS,Yas Marina,HARD,36.0,50.0,0,25.0,89.088
RUS,Yas Marina,HARD,37.0,51.0,0,23.3,88.789
RUS,Yas Marina,HARD,38.0,52.0,0,21.60000000000001,89.041
RUS,Yas Marina,HARD,39.0,53.0,0,19.90000000000001,88.831
RUS,Yas Marina,HARD,40.0,54.0,0,18.200000000000003,88.701
RUS,Yas Marina,HARD,41.0,55.0,0,16.5,88.824
RUS,Yas Marina,HARD,42.0,56.0,0,14.799999999999995,88.835
RUS,Yas Marina,HARD,43.0,57.0,0,13.100000000000009,88.599
RUS,Yas Marina,HARD,44.0,58.0,0,11.400000000000006,88.853
ALO,Yas Marina,MEDIUM,3.0,2.0,0,106.6,90.396
ALO,Yas Marina,MEDIUM,4.0,3.0,0,104.9,90.059
ALO,Yas Marina,MEDIUM,5.0,4.0,0,103.2,90.896
ALO,Yas Marina,MEDIUM,6.0,5.0,0,101.5,90.196
ALO,Yas Marina,MEDIUM,7.0,6.0,0,99.8,90.412
ALO,Yas Marina,MEDIUM,8.0,7.0,0,98.1,90.319
ALO,Yas Marina,MEDIUM,9.0,8.0,0,96.4,90.099
ALO,Yas Marina,MEDIUM,10.0,9.0,0,94.7,90.011
ALO,Yas Marina,MEDIUM,11.0,10.0,0,93.0,90.025
ALO,Yas Marina,MEDIUM,12.0,11.0,0,91.3,89.8
ALO,Yas Marina,MEDIUM,13.0,12.0,0,89.6,89.969
ALO,Yas Marina,MEDIUM,14.0,13.0,0,87.9,89.968
ALO,Yas Marina,MEDIUM,15.0,14.0,0,86.2,90.267
ALO,Yas Marina,MEDIUM,16.0,15.0,0,84.5,89.836
ALO,Yas Marina,MEDIUM,17.0,16.0,0,82.8,91.928
ALO,Yas Marina,HARD,3.0,18.0,0,79.4,89.993
ALO,Yas Marina,HARD,4.0,19.0,0,77.7,90.112
ALO,Yas Marina,HARD,5.0,20.0,0,76.0,90.107
ALO,Yas Marina,HARD,6.0,21.0,0,74.30000000000001,90.031
ALO,Yas Marina,HARD,7.0,22.0,0,72.6,90.321
ALO,Yas Marina,HARD,8.0,23.0,0,70.9,89.42
ALO,Yas Marina,HARD,9.0,24.0,0,69.2,90.803
ALO,Yas Marina,HARD,10.0,25.0,0,67.5,90.26
ALO,Yas Marina,HARD,11.0,26.0,0,65.80000000000001,89.824
ALO,Yas Marina,HARD,12.0,27.0,0,64.1,89.75
ALO,Yas Marina,HARD,13.0,28.0,0,62.4,90.533
ALO,Yas Marina,HARD,14.0,29.0,0,60.7,90.397
ALO,Yas Marina,HARD,15.0,30.0,0,59.0,90.41
ALO,Yas Marina,HARD,16.0,31.0,0,57.3,89.708
ALO,Yas Marina,HARD,17.0,32.0,0,55.6,90.048
ALO,Yas Marina,HARD,18.0,33.0,0,53.9,89.982
ALO,Yas Marina,HARD,19.0,34.0,0,52.2,89.751
ALO,Yas Marina,HARD,20.0,35.0,0,50.5,89.764
ALO,Yas Marina,HARD,21.0,36.0,0,48.8,89.819
ALO,Yas Marina,HARD,22.0,37.0,0,47.1,90.3
ALO,Yas Marina,HARD,23.0,38.0,0,45.400000000000006,90.512
ALO,Yas Marina,HARD,24.0,39.0,0,43.7,90.101
ALO,Yas Marina,HARD,25.0,40.0,0,42.0,89.984
ALO,Yas Marina,HARD,26.0,41.0,0,40.3,89.527
ALO,Yas Marina,HARD,27.0,42.0,0,38.60000000000001,88.948
ALO,Yas Marina,HARD,28.0,43.0,0,36.900000000000006,89.638
ALO,Yas Marina,HARD,29.0,44.0,0,35.2,89.13
ALO,Yas Marina,HARD,30.0,45.0,0,33.5,89.355
ALO,Yas Marina,HARD,31.0,46.0,0,31.8,89.235
ALO,Yas Marina,HARD,32.0,47.0,0,30.10000000000001,89.12
ALO,Yas Marina,HARD,33.0,48.0,0,28.40000000000001,89.446
ALO,Yas Marina,HARD,34.0,49.0,0,26.700000000000003,89.32
ALO,Yas Marina,HARD,35.0,50.0,0,25.0,89.006
ALO,Yas Marina,HARD,36.0,51.0,0,23.3,88.514
ALO,Yas Marina,HARD,37.0,52.0,0,21.60000000000001,89.085
ALO,Yas Marina,HARD,38.0,53.0,0,19.90000000000001,88.557
ALO,Yas Marina,HARD,39.0,54.0,0,18.200000000000003,88.279
ALO,Yas Marina,HARD,40.0,55.0,0,16.5,88.393
ALO,Yas Marina,HARD,41.0,56.0,0,14.799999999999995,88.777
ALO,Yas Marina,HARD,42.0,57.0,0,13.100000000000009,89.116
ALO,Yas Marina,HARD,43.0,58.0,0,11.400000000000006,89.246
OCO,Yas Marina,MEDIUM,2.0,2.0,0,106.6,90.504
OCO,Yas Marina,MEDIUM,3.0,3.0,0,104.9,90.306
OCO,Yas Marina,MEDIUM,4.0,4.0,0,103.2,90.5
OCO,Yas Marina,MEDIUM,5.0,5.0,0,101.5,90.163
OCO,Yas Marina,MEDIUM,6.0,6.0,0,99.8,90.487
OCO,Yas Marina,MEDIUM,7.0,7.0,0,98.1,90.395
OCO,Yas Marina,MEDIUM,8.0,8.0,0,96.4,90.429
OCO,Yas Marina,MEDIUM,9.0,9.0,0,94.7,90.145
OCO,Yas Marina,MEDIUM,10.0,10.0,0,93.0,90.332
OCO,Yas Marina,MEDIUM,11.0,11.0,0,91.3,90.858
OCO,Yas Marina,MEDIUM,12.0,12.0,0,89.6,90.786
OCO,Yas Marina,MEDIUM,13.0,13.0,0,87.9,91.076
OCO,Yas Marina,MEDIUM,14.0,14.0,0,86.2,91.022
OCO,Yas Marina,MEDIUM,15.0,15.0,0,84.5,90.246
OCO,Yas Marina,MEDIUM,16.0,16.0,0,82.8,90.827
OCO,Yas Marina,MEDIUM,17.0,17.0,0,81.1,90.95
OCO,Yas Marina,MEDIUM,18.0,18.0,0,79.4,91.014
OCO,Yas Marina,HARD,2.0,21.0,0,74.30000000000001,88.755
OCO,Yas Marina,HARD,3.0,22.0,0,72.6,88.74
OCO,Yas Marina,HARD,4.0,23.0,0,70.9,88.882
OCO,Yas Marina,HARD,5.0,24.0,0,69.2,89.021
OCO,Yas Marina,HARD,6.0,25.0,0,67.5,89.118
OCO,Yas Marina,HARD,7.0,26.0,0,65.80000000000001,89.467
OCO,Yas Marina,HARD,8.0,27.0,0,64.1,89.688
OCO,Yas Marina,HARD,9.0,28.0,0,62.4,90.468
OCO,Yas Marina,HARD,10.0,29.0,0,60.7,90.77
OCO,Yas Marina,HARD,11.0,30.0,0,59.0,90.281
OCO,Yas Marina,HARD,12.0,31.0,0,57.3,90.599
OCO,Yas Marina,HARD,13.0,32.0,0,55.6,89.135
OCO,Yas Marina,HARD,14.0,33.0,0,53.9,89.818
OCO,Yas Marina,HARD,15.0,34.0,0,52.2,89.348
OCO,Yas Marina,HARD,16.0,35.0,0,50.5,89.476
OCO,Yas Marina,HARD,17.0,36.0,0,48.8,89.532
OCO,Yas Marina,HARD,18.0,37.0,0,47.1,90.25
OCO,Yas Marina,HARD,19.0,38.0,0,45.400000000000006,89.73
OCO,Yas Marina,HARD,20.0,39.0,0,43.7,90.117
OCO,Yas Marina,HARD,21.0,40.0,0,42.0,90.109
OCO,Yas Marina,HARD,22.0,41.0,0,40.3,89.435
OCO,Yas Marina,HARD,23.0,42.0,0,38.60000000000001,89.244
OCO,Yas Marina,HARD,24.0,43.0,0,36.900000000000006,89.522
OCO,Yas Marina,HARD,25.0,44.0,0,35.2,89.244
OCO,Yas Marina,HARD,26.0,45.0,0,33.5,89.16
OCO,Yas Marina,HARD,27.0,46.0,0,31.8,89.19
OCO,Yas Marina,HARD,28.0,47.0,0,30.10000000000001,89.158
OCO,Yas Marina,HARD,29.0,48.0,0,28.40000000000001,89.661
OCO,Yas Marina,HARD,30.0,49.0,0,26.700000000000003,89.334
OCO,Yas Marina,HARD,31.0,50.0,0,25.0,88.935
OCO,Yas Marina,HARD,32.0,51.0,0,23.3,88.995
OCO,Yas Marina,HARD,33.0,52.0,0,21.60000000000001,89.405
OCO,Yas Marina,HARD,34.0,53.0,0,19.90000000000001,89.232
OCO,Yas Marina,HARD,35.0,54.0,0,18.200000000000003,88.662
OCO,Yas Marina,HARD,36.0,55.0,0,16.5,88.719
OCO,Yas Marina,HARD,37.0,56.0,0,14.799999999999995,88.655
OCO,Yas Marina,HARD,38.0,57.0,0,13.100000000000009,88.75
OCO,Yas Marina,HARD,39.0,58.0,0,11.400000000000006,88.769
HAM,Yas Marina,SOFT,2.0,2.0,0,106.6,90.853
HAM,Yas Marina,SOFT,3.0,3.0,0,104.9,90.113
HAM,Yas Marina,SOFT,4.0,4.0,0,103.2,90.883
HAM,Yas Marina,SOFT,5.0,5.0,0,101.5,90.229
HAM,Yas Marina,SOFT,6.0,6.0,0,99.8,90.254
HAM,Yas Marina,SOFT,7.0,7.0,0,98.1,90.539
HAM,Yas Marina,SOFT,8.0,8.0,0,96.4,92.249
HAM,Yas Marina,HARD,2.0,10.0,0,93.0,88.517
HAM,Yas Marina,HARD,3.0,11.0,0,91.3,89.022
HAM,Yas Marina,HARD,4.0,12.0,0,89.6,89.598
HAM,Yas Marina,HARD,5.0,13.0,0,87.9,89.473
HAM,Yas Marina,HARD,6.0,14.0,0,86.2,89.276
HAM,Yas Marina,HARD,7.0,15.0,0,84.5,89.574
HAM,Yas Marina,HARD,8.0,16.0,0,82.8,89.461
HAM,Yas Marina,HARD,9.0,17.0,0,81.1,89.299
HAM,Yas Marina,HARD,10.0,18.0,0,79.4,89.7
HAM,Yas Marina,HARD,11.0,19.0,0,77.7,89.841
HAM,Yas Marina,HARD,12.0,20.0,0,76.0,90.736
HAM,Yas Marina,HARD,13.0,21.0,0,74.30000000000001,91.793
HAM,Yas Marina,HARD,14.0,22.0,0,72.6,90.535
HAM,Yas Marina,HARD,15.0,23.0,0,70.9,90.076
HAM,Yas Marina,HARD,16.0,24.0,0,69.2,89.866
HAM,Yas Marina,HARD,17.0,25.0,0,67.5,89.81
HAM,Yas Marina,HARD,18.0,26.0,0,65.80000000000001,89.644
HAM,Yas Marina,HARD,19.0,27.0,0,64.1,90.144
HAM,Yas Marina,HARD,20.0,28.0,0,62.4,89.918
HAM,Yas Marina,HARD,21.0,29.0,0,60.7,89.785
HAM,Yas Marina,HARD,22.0,30.0,0,59.0,89.88
HAM,Yas Marina,HARD,23.0,31.0,0,57.3,91.397
HAM,Yas Marina,MEDIUM,2.0,33.0,0,53.9,89.051
HAM,Yas Marina,MEDIUM,3.0,34.0,0,52.2,88.794
HAM,Yas Marina,MEDIUM,4.0,35.0,0,50.5,88.514
HAM,Yas Marina,MEDIUM,5.0,36.0,0,48.8,88.094
HAM,Yas Marina,MEDIUM,6.0,37.0,0,47.1,88.549
HAM,Yas Marina,MEDIUM,7.0,38.0,0,45.400000000000006,88.141
HAM,Yas Marina,MEDIUM,8.0,39.0,0,43.7,88.528
HAM,Yas Marina,MEDIUM,9.0,40.0,0,42.0,89.048
HAM,Yas Marina,MEDIUM,10.0,41.0,0,40.3,88.693
HAM,Yas Marina,MEDIUM,11.0,42.0,0,38.60000000000001,88.873
HAM,Yas Marina,MEDIUM,12.0,43.0,0,36.900000000000006,88.464
HAM,Yas Marina,MEDIUM,13.0,44.0,0,35.2,88.949
HAM,Yas Marina,MEDIUM,14.0,45.0,0,33.5,88.758
HAM,Yas Marina,MEDIUM,15.0,46.0,0,31.8,89.24
HAM,Yas Marina,MEDIUM,16.0,47.0,0,30.10000000000001,88.997
HAM,Yas Marina,MEDIUM,17.0,48.0,0,28.40000000000001,88.979
HAM,Yas Marina,MEDIUM,18.0,49.0,0,26.700000000000003,89.186
HAM,Yas Marina,MEDIUM,19.0,50.0,0,25.0,88.978
HAM,Yas Marina,MEDIUM,20.0,51.0,0,23.3,88.937
HAM,Yas Marina,MEDIUM,21.0,52.0,0,21.60000000000001,89.625
HAM,Yas Marina,MEDIUM,22.0,53.0,0,19.90000000000001,89.044
HAM,Yas Marina,MEDIUM,23.0,54.0,0,18.200000000000003,88.731
HAM,Yas Marina,MEDIUM,24.0,55.0,0,16.5,88.796
HAM,Yas Marina,MEDIUM,25.0,56.0,0,14.799999999999995,89.623
HAM,Yas Marina,MEDIUM,26.0,57.0,0,13.100000000000009,89.022
HAM,Yas Marina,MEDIUM,27.0,58.0,0,11.400000000000006,89.511
HUL,Yas Marina,SOFT,2.0,2.0,0,106.6,91.813
HUL,Yas Marina,SOFT,3.0,3.0,0,104.9,90.515
HUL,Yas Marina,SOFT,4.0,4.0,0,103.2,90.573
HUL,Yas Marina,SOFT,5.0,5.0,0,101.5,90.776
HUL,Yas Marina,SOFT,6.0,6.0,0,99.8,90.255
HUL,Yas Marina,SOFT,7.0,7.0,0,98.1,91.972
HUL,Yas Marina,HARD,2.0,9.0,0,94.7,88.442
HUL,Yas Marina,HARD,3.0,10.0,0,93.0,89.003
HUL,Yas Marina,HARD,4.0,11.0,0,91.3,89.418
HUL,Yas Marina,HARD,5.0,12.0,0,89.6,89.164
HUL,Yas Marina,HARD,6.0,13.0,0,87.9,89.436
HUL,Yas Marina,HARD,7.0,14.0,0,86.2,89.478
HUL,Yas Marina,HARD,8.0,15.0,0,84.5,89.488
HUL,Yas Marina,HARD,9.0,16.0,0,82.8,89.202
HUL,Yas Marina,HARD,10.0,17.0,0,81.1,89.144
HUL,Yas Marina,HARD,11.0,18.0,0,79.4,89.601
HUL,Yas Marina,HARD,12.0,19.0,0,77.7,89.736
HUL,Yas Marina,HARD,13.0,20.0,0,76.0,90.485
HUL,Yas Marina,HARD,14.0,21.0,0,74.30000000000001,91.706
HUL,Yas Marina,HARD,15.0,22.0,0,72.6,90.732
HUL,Yas Marina,HARD,16.0,23.0,0,70.9,90.908
HUL,Yas Marina,HARD,17.0,24.0,0,69.2,91.273
HUL,Yas Marina,HARD,18.0,25.0,0,67.5,90.113
HUL,Yas Marina,HARD,19.0,26.0,0,65.80000000000001,89.979
HUL,Yas Marina,HARD,20.0,27.0,0,64.1,90.353
HUL,Yas Marina,HARD,21.0,28.0,0,62.4,90.575
HUL,Yas Marina,HARD,22.0,29.0,0,60.7,90.573
HUL,Yas Marina,HARD,23.0,30.0,0,59.0,90.519
HUL,Yas Marina,HARD,24.0,31.0,0,57.3,91.724
HUL,Yas Marina,HARD,25.0,32.0,0,55.6,90.152
HUL,Yas Marina,HARD,26.0,33.0,0,53.9,90.907
HUL,Yas Marina,HARD,27.0,34.0,0,52.2,90.063
HUL,Yas Marina,HARD,28.0,35.0,0,50.5,89.611
HUL,Yas Marina,HARD,29.0,36.0,0,48.8,89.383
HUL,Yas Marina,HARD,30.0,37.0,0,47.1,89.423
HUL,Yas Marina,HARD,31.0,38.0,0,45.400000000000006,89.693
HUL,Yas Marina,HARD,32.0,39.0,0,43.7,89.822
HUL,Yas Marina,HARD,33.0,40.0,0,42.0,89.96
HUL,Yas Marina,HARD,34.0,41.0,0,40.3,90.223
HUL,Yas Marina,HARD,35.0,42.0,0,38.60000000000001,92.159
HUL,Yas Marina,MEDIUM,2.0,44.0,0,35.2,87.172
HUL,Yas Marina,MEDIUM,3.0,45.0,0,33.5,87.574
HUL,Yas Marina,MEDIUM,4.0,46.0,0,31.8,87.05
HUL,Yas Marina,MEDIUM,5.0,47.0,0,30.10000000000001,87.541
HUL,Yas Marina,MEDIUM,6.0,48.0,0,28.40000000000001,87.831
HUL,Yas Marina,MEDIUM,7.0,49.0,0,26.700000000000003,89.021
HUL,Yas Marina,MEDIUM,8.0,50.0,0,25.0,87.977
HUL,Yas Marina,MEDIUM,9.0,51.0,0,23.3,88.244
HUL,Yas Marina,MEDIUM,10.0,52.0,0,21.60000000000001,87.742
HUL,Yas Marina,MEDIUM,11.0,53.0,0,19.90000000000001,88.41
HUL,Yas Marina,MEDIUM,12.0,54.0,0,18.200000000000003,88.379
HUL,Yas Marina,MEDIUM,13.0,55.0,0,16.5,88.053
HUL,Yas Marina,MEDIUM,14.0,56.0,0,14.799999999999995,89.054
HUL,Yas Marina,MEDIUM,15.0,57.0,0,13.100000000000009,89.171
HUL,Yas Marina,MEDIUM,16.0,58.0,0,11.400000000000006,88.107
STR,Yas Marina,HARD,3.0,2.0,0,106.6,91.582
STR,Yas Marina,HARD,4.0,3.0,0,104.9,90.319
STR,Yas Marina,HARD,5.0,4.0,0,103.2,90.773
STR,Yas Marina,HARD,6.0,5.0,0,101.5,90.458
STR,Yas Marina,HARD,7.0,6.0,0,99.8,90.188
STR,Yas Marina,HARD,8.0,7.0,0,98.1,90.392
STR,Yas Marina,HARD,9.0,8.0,0,96.4,90.439
STR,Yas Marina,HARD,10.0,9.0,0,94.7,89.719
STR,Yas Marina,HARD,11.0,10.0,0,93.0,90.275
STR,Yas Marina,HARD,12.0,11.0,0,91.3,90.699
STR,Yas Marina,HARD,13.0,12.0,0,89.6,91.17
STR,Yas Marina,HARD,14.0,13.0,0,87.9,91.153
STR,Yas Marina,HARD,15.0,14.0,0,86.2,90.914
STR,Yas Marina,HARD,16.0,15.0,0,84.5,90.931
STR,Yas Marina,HARD,17.0,16.0,0,82.8,90.384
STR,Yas Marina,HARD,18.0,17.0,0,81.1,90.914
STR,Yas Marina,HARD,19.0,18.0,0,79.4,91.423
STR,Yas Marina,HARD,20.0,19.0,0,77.7,91.8
STR,Yas Marina,HARD,21.0,20.0,0,76.0,91.779
STR,Yas Marina,HARD,22.0,21.0,0,74.30000000000001,92.002
STR,Yas Marina,HARD,23.0,22.0,0,72.6,90.668
STR,Yas Marina,HARD,24.0,23.0,0,70.9,89.973
STR,Yas Marina,HARD,25.0,24.0,0,69.2,89.972
STR,Yas Marina,HARD,26.0,25.0,0,67.5,89.854
STR,Yas Marina,HARD,27.0,26.0,0,65.80000000000001,89.788
STR,Yas Marina,HARD,28.0,27.0,0,64.1,89.987
STR,Yas Marina,HARD,29.0,28.0,0,62.4,89.86
STR,Yas Marina,HARD,30.0,29.0,0,60.7,89.926
STR,Yas Marina,HARD,31.0,30.0,0,59.0,90.175
STR,Yas Marina,HARD,32.0,31.0,0,57.3,89.958
STR,Yas Marina,HARD,33.0,32.0,0,55.6,90.239
STR,Yas Marina,HARD,34.0,33.0,0,53.9,89.972
STR,Yas Marina,HARD,35.0,34.0,0,52.2,89.826
STR,Yas Marina,HARD,36.0,35.0,0,50.5,90.004
STR,Yas Marina,HARD,37.0,36.0,0,48.8,90.003
STR,Yas Marina,HARD,38.0,37.0,0,47.1,89.84
STR,Yas Marina,HARD,39.0,38.0,0,45.400000000000006,89.985
STR,Yas Marina,HARD,40.0,39.0,0,43.7,90.218
STR,Yas Marina,HARD,41.0,40.0,0,42.0,90.278
STR,Yas Marina,HARD,42.0,41.0,0,40.3,90.029
STR,Yas Marina,HARD,43.0,42.0,0,38.60000000000001,92.323
STR,Yas Marina,MEDIUM,3.0,44.0,0,35.2,87.918
STR,Yas Marina,MEDIUM,4.0,45.0,0,33.5,88.113
STR,Yas Marina,MEDIUM,5.0,46.0,0,31.8,88.288
STR,Yas Marina,MEDIUM,6.0,47.0,0,30.10000000000001,87.743
STR,Yas Marina,MEDIUM,7.0,48.0,0,28.40000000000001,88.427
STR,Yas Marina,MEDIUM,8.0,49.0,0,26.700000000000003,87.949
STR,Yas Marina,MEDIUM,9.0,50.0,0,25.0,88.065
STR,Yas Marina,MEDIUM,10.0,51.0,0,23.3,87.839
STR,Yas Marina,MEDIUM,11.0,52.0,0,21.60000000000001,87.626
STR,Yas Marina,MEDIUM,12.0,53.0,0,19.90000000000001,88.658
STR,Yas Marina,MEDIUM,13.0,54.0,0,18.200000000000003,88.951
STR,Yas Marina,MEDIUM,14.0,55.0,0,16.5,88.046
STR,Yas Marina,MEDIUM,15.0,56.0,0,14.799999999999995,87.952
STR,Yas Marina,MEDIUM,16.0,57.0,0,13.100000000000009,88.109
STR,Yas Marina,MEDIUM,17.0,58.0,0,11.400000000000006,89.029
BOR,Yas Marina,MEDIUM,2.0,2.0,0,106.6,90.656
BOR,Yas Marina,MEDIUM,3.0,3.0,0,104.9,90.137
BOR,Yas Marina,MEDIUM,4.0,4.0,0,103.2,90.222
BOR,Yas Marina,MEDIUM,5.0,5.0,0,101.5,90.186
BOR,Yas Marina,MEDIUM,6.0,6.0,0,99.8,90.444
BOR,Yas Marina,MEDIUM,7.0,7.0,0,98.1,90.367
BOR,Yas Marina,MEDIUM,8.0,8.0,0,96.4,90.266
BOR,Yas Marina,MEDIUM,9.0,9.0,0,94.7,90.058
BOR,Yas Marina,MEDIUM,10.0,10.0,0,93.0,90.086
BOR,Yas Marina,MEDIUM,11.0,11.0,0,91.3,90.223
BOR,Yas Marina,MEDIUM,12.0,12.0,0,89.6,90.151
BOR,Yas Marina,MEDIUM,13.0,13.0,0,87.9,90.144
BOR,Yas Marina,MEDIUM,14.0,14.0,0,86.2,90.359
BOR,Yas Marina,MEDIUM,15.0,15.0,0,84.5,91.832
BOR,Yas Marina,HARD,2.0,17.0,0,81.1,90.377
BOR,Yas Marina,HARD,3.0,18.0,0,79.4,90.116
BOR,Yas Marina,HARD,4.0,19.0,0,77.7,90.036
BOR,Yas Marina,HARD,5.0,20.0,0,76.0,90.128
BOR,Yas Marina,HARD,6.0,21.0,0,74.30000000000001,90.056
BOR,Yas Marina,HARD,7.0,22.0,0,72.6,90.34
BOR,Yas Marina,HARD,8.0,23.0,0,70.9,89.997
BOR,Yas Marina,HARD,9.0,24.0,0,69.2,90.145
BOR,Yas Marina,HARD,10.0,25.0,0,67.5,90.091
BOR,Yas Marina,HARD,11.0,26.0,0,65.80000000000001,89.933
BOR,Yas Marina,HARD,12.0,27.0,0,64.1,90.479
BOR,Yas Marina,HARD,13.0,28.0,0,62.4,90.695
BOR,Yas Marina,HARD,14.0,29.0,0,60.7,90.312
BOR,Yas Marina,HARD,15.0,30.0,0,59.0,89.833
BOR,Yas Marina,HARD,16.0,31.0,0,57.3,89.981
BOR,Yas Marina,HARD,17.0,32.0,0,55.6,89.829
BOR,Yas Marina,HARD,18.0,33.0,0,53.9,89.954
BOR,Yas Marina,HARD,19.0,34.0,0,52.2,89.862
BOR,Yas Marina,HARD,20.0,35.0,0,50.5,89.708
BOR,Yas Marina,HARD,21.0,36.0,0,48.8,89.735
BOR,Yas Marina,HARD,22.0,37.0,0,47.1,90.367
BOR,Yas Marina,HARD,23.0,38.0,0,45.400000000000006,91.005
BOR,Yas Marina,HARD,24.0,39.0,0,43.7,90.115
BOR,Yas Marina,HARD,25.0,40.0,0,42.0,90.021
BOR,Yas Marina,HARD,26.0,41.0,0,40.3,91.051
BOR,Yas Marina,HARD,27.0,42.0,0,38.60000000000001,89.836
BOR,Yas Marina,HARD,28.0,43.0,0,36.900000000000006,90.299
BOR,Yas Marina,HARD,29.0,44.0,0,35.2,89.654
BOR,Yas Marina,HARD,30.0,45.0,0,33.5,89.363
BOR,Yas Marina,HARD,31.0,46.0,0,31.8,89.386
BOR,Yas Marina,HARD,32.0,47.0,0,30.10000000000001,89.114
BOR,Yas Marina,HARD,33.0,48.0,0,28.40000000000001,89.371
BOR,Yas Marina,HARD,34.0,49.0,0,26.700000000000003,89.459
BOR,Yas Marina,HARD,35.0,50.0,0,25.0,89.145
BOR,Yas Marina,HARD,36.0,51.0,0,23.3,89.253
BOR,Yas Marina,HARD,37.0,52.0,0,21.60000000000001,89.229
BOR,Yas Marina,HARD,38.0,53.0,0,19.90000000000001,89.609
BOR,Yas Marina,HARD,39.0,54.0,0,18.200000000000003,89.723
BOR,Yas Marina,HARD,40.0,55.0,0,16.5,90.038
BOR,Yas Marina,HARD,41.0,56.0,0,14.799999999999995,89.61
BOR,Yas Marina,HARD,42.0,57.0,0,13.100000000000009,89.836
BOR,Yas Marina,HARD,43.0,58.0,0,11.400000000000006,90.667
BEA,Yas Marina,MEDIUM,2.0,2.0,0,106.6,91.021
BEA,Yas Marina,MEDIUM,3.0,3.0,0,104.9,90.467
BEA,Yas Marina,MEDIUM,4.0,4.0,0,103.2,90.741
BEA,Yas Marina,MEDIUM,5.0,5.0,0,101.5,90.19
BEA,Yas Marina,MEDIUM,6.0,6.0,0,99.8,90.288
BEA,Yas Marina,MEDIUM,7.0,7.0,0,98.1,90.546
BEA,Yas Marina,MEDIUM,8.0,8.0,0,96.4,90.343
BEA,Yas Marina,MEDIUM,9.0,9.0,0,94.7,90.285
BEA,Yas Marina,MEDIUM,10.0,10.0,0,93.0,90.754
BEA,Yas Marina,MEDIUM,11.0,11.0,0,91.3,90.903
BEA,Yas Marina,MEDIUM,12.0,12.0,0,89.6,91.017
BEA,Yas Marina,MEDIUM,13.0,13.0,0,87.9,91.06
BEA,Yas Marina,MEDIUM,14.0,14.0,0,86.2,92.668
BEA,Yas Marina,HARD,2.0,16.0,0,82.8,89.263
BEA,Yas Marina,HARD,3.0,17.0,0,81.1,89.863
BEA,Yas Marina,HARD,4.0,18.0,0,79.4,89.533
BEA,Yas Marina,HARD,5.0,19.0,0,77.7,89.922
BEA,Yas Marina,HARD,6.0,20.0,0,76.0,89.787
BEA,Yas Marina,HARD,7.0,21.0,0,74.30000000000001,89.645
BEA,Yas Marina,HARD,8.0,22.0,0,72.6,89.473
BEA,Yas Marina,HARD,9.0,23.0,0,70.9,90.934
BEA,Yas Marina,HARD,10.0,24.0,0,69.2,90.11
BEA,Yas Marina,HARD,11.0,25.0,0,67.5,89.667
BEA,Yas Marina,HARD,12.0,26.0,0,65.80000000000001,89.883
BEA,Yas Marina,HARD,13.0,27.0,0,64.1,89.469
BEA,Yas Marina,HARD,14.0,28.0,0,62.4,89.491
BEA,Yas Marina,HARD,15.0,29.0,0,60.7,89.995
BEA,Yas Marina,HARD,16.0,30.0,0,59.0,89.763
BEA,Yas Marina,HARD,17.0,31.0,0,57.3,91.192
BEA,Yas Marina,HARD,18.0,32.0,0,55.6,90.214
BEA,Yas Marina,HARD,19.0,33.0,0,53.9,89.43
BEA,Yas Marina,HARD,20.0,34.0,0,52.2,89.491
BEA,Yas Marina,HARD,21.0,35.0,0,50.5,89.323
BEA,Yas Marina,HARD,22.0,36.0,0,48.8,89.455
BEA,Yas Marina,HARD,23.0,37.0,0,47.1,89.436
BEA,Yas Marina,HARD,24.0,38.0,0,45.400000000000006,89.972
BEA,Yas Marina,HARD,25.0,39.0,0,43.7,90.042
BEA,Yas Marina,HARD,26.0,40.0,0,42.0,90.056
BEA,Yas Marina,HARD,27.0,41.0,0,40.3,89.816
BEA,Yas Marina,HARD,28.0,42.0,0,38.60000000000001,89.34
BEA,Yas Marina,HARD,29.0,43.0,0,36.900000000000006,89.324
BEA,Yas Marina,HARD,30.0,44.0,0,35.2,89.307
BEA,Yas Marina,HARD,31.0,45.0,0,33.5,90.196
BEA,Yas Marina,HARD,32.0,46.0,0,31.8,89.469
BEA,Yas Marina,HARD,33.0,47.0,0,30.10000000000001,88.981
BEA,Yas Marina,HARD,34.0,48.0,0,28.40000000000001,89.306
BEA,Yas Marina,HARD,35.0,49.0,0,26.700000000000003,89.241
BEA,Yas Marina,HARD,36.0,50.0,0,25.0,88.976
BEA,Yas Marina,HARD,37.0,51.0,0,23.3,89.246
BEA,Yas Marina,HARD,38.0,52.0,0,21.60000000000001,89.07
BEA,Yas Marina,HARD,39.0,53.0,0,19.90000000000001,89.197
BEA,Yas Marina,HARD,40.0,54.0,0,18.200000000000003,89.276
BEA,Yas Marina,HARD,41.0,55.0,0,16.5,89.112
BEA,Yas Marina,HARD,42.0,56.0,0,14.799999999999995,89.175
BEA,Yas Marina,HARD,43.0,57.0,0,13.100000000000009,88.98
BEA,Yas Marina,HARD,44.0,58.0,0,11.400000000000006,91.291
SAI,Yas Marina,MEDIUM,2.0,2.0,0,106.6,91.984
SAI,Yas Marina,MEDIUM,3.0,3.0,0,104.9,90.119
SAI,Yas Marina,MEDIUM,4.0,4.0,0,103.2,90.829
SAI,Yas Marina,MEDIUM,5.0,5.0,0,101.5,90.224
SAI,Yas Marina,MEDIUM,6.0,6.0,0,99.8,90.274
SAI,Yas Marina,MEDIUM,7.0,7.0,0,98.1,90.379
SAI,Yas Marina,MEDIUM,8.0,8.0,0,96.4,90.558
SAI,Yas Marina,MEDIUM,9.0,9.0,0,94.7,90.047
SAI,Yas Marina,MEDIUM,10.0,10.0,0,93.0,90.457
SAI,Yas Marina,MEDIUM,11.0,11.0,0,91.3,90.872
SAI,Yas Marina,MEDIUM,12.0,12.0,0,89.6,90.955
SAI,Yas Marina,MEDIUM,13.0,13.0,0,87.9,91.109
SAI,Yas Marina,MEDIUM,14.0,14.0,0,86.2,91.059
SAI,Yas Marina,MEDIUM,15.0,15.0,0,84.5,90.862
SAI,Yas Marina,MEDIUM,16.0,16.0,0,82.8,91.855
SAI,Yas Marina,MEDIUM,17.0,17.0,0,81.1,91.17
SAI,Yas Marina,HARD,2.0,20.0,0,76.0,89.219
SAI,Yas Marina,HARD,3.0,21.0,0,74.30000000000001,89.22
SAI,Yas Marina,HARD,4.0,22.0,0,72.6,89.3
SAI,Yas Marina,HARD,5.0,23.0,0,70.9,89.44
SAI,Yas Marina,HARD,6.0,24.0,0,69.2,89.327
SAI,Yas Marina,HARD,7.0,25.0,0,67.5,89.657
SAI,Yas Marina,HARD,8.0,26.0,0,65.80000000000001,89.766
SAI,Yas Marina,HARD,9.0,27.0,0,64.1,89.825
SAI,Yas Marina,HARD,10.0,28.0,0,62.4,89.888
SAI,Yas Marina,HARD,11.0,29.0,0,60.7,89.946
SAI,Yas Marina,HARD,12.0,30.0,0,59.0,90.072
SAI,Yas Marina,HARD,13.0,31.0,0,57.3,89.924
SAI,Yas Marina,HARD,14.0,32.0,0,55.6,89.724
SAI,Yas Marina,HARD,15.0,33.0,0,53.9,89.965
SAI,Yas Marina,HARD,16.0,34.0,0,52.2,89.656
SAI,Yas Marina,HARD,17.0,35.0,0,50.5,89.576
SAI,Yas Marina,HARD,18.0,36.0,0,48.8,89.41
SAI,Yas Marina,HARD,19.0,37.0,0,47.1,89.212
SAI,Yas Marina,HARD,20.0,38.0,0,45.400000000000006,89.601
SAI,Yas Marina,HARD,21.0,39.0,0,43.7,89.938
SAI,Yas Marina,HARD,22.0,40.0,0,42.0,89.976
SAI,Yas Marina,HARD,23.0,41.0,0,40.3,90.502
SAI,Yas Marina,HARD,24.0,42.0,0,38.60000000000001,89.679
SAI,Yas Marina,HARD,25.0,43.0,0,36.900000000000006,89.485
SAI,Yas Marina,HARD,26.0,44.0,0,35.2,89.431
SAI,Yas Marina,HARD,27.0,45.0,0,33.5,89.336
SAI,Yas Marina,HARD,28.0,46.0,0,31.8,89.242
SAI,Yas Marina,HARD,29.0,47.0,0,30.10000000000001,89.373
SAI,Yas Marina,HARD,30.0,48.0,0,28.40000000000001,89.272
SAI,Yas Marina,HARD,31.0,49.0,0,26.700000000000003,89.168
SAI,Yas Marina,HARD,32.0,50.0,0,25.0,89.162
SAI,Yas Marina,HARD,33.0,51.0,0,23.3,89.052
SAI,Yas Marina,HARD,34.0,52.0,0,21.60000000000001,89.09
SAI,Yas Marina,HARD,35.0,53.0,0,19.90000000000001,89.496
SAI,Yas Marina,HARD,36.0,54.0,0,18.200000000000003,90.355
SAI,Yas Marina,HARD,37.0,55.0,0,16.5,89.556
SAI,Yas Marina,HARD,38.0,56.0,0,14.799999999999995,89.442
SAI,Yas Marina,HARD,39.0,57.0,0,13.100000000000009,90.727
SAI,Yas Marina,HARD,40.0,58.0,0,11.400000000000006,90.046
TSU,Yas Marina,HARD,2.0,2.0,0,106.6,90.688
TSU,Yas Marina,HARD,3.0,3.0,0,104.9,90.383
TSU,Yas Marina,HARD,4.0,4.0,0,103.2,90.521
TSU,Yas Marina,HARD,5.0,5.0,0,101.5,90.323
TSU,Yas Marina,HARD,6.0,6.0,0,99.8,90.361
TSU,Yas Marina,HARD,7.0,7.0,0,98.1,90.468
TSU,Yas Marina,HARD,8.0,8.0,0,96.4,90.395
TSU,Yas Marina,HARD,9.0,9.0,0,94.7,90.184
TSU,Yas Marina,HARD,10.0,10.0,0,93.0,90.588
TSU,Yas Marina,HARD,11.0,11.0,0,91.3,90.652
TSU,Yas Marina,HARD,12.0,12.0,0,89.6,90.86
TSU,Yas Marina,HARD,13.0,13.0,0,87.9,90.901
TSU,Yas Marina,HARD,14.0,14.0,0,86.2,91.13
TSU,Yas Marina,HARD,15.0,15.0,0,84.5,90.556
TSU,Yas Marina,HARD,16.0,16.0,0,82.8,90.938
TSU,Yas Marina,HARD,17.0,17.0,0,81.1,90.915
TSU,Yas Marina,HARD,18.0,18.0,0,79.4,90.729
TSU,Yas Marina,HARD,19.0,19.0,0,77.7,90.685
TSU,Yas Marina,HARD,20.0,20.0,0,76.0,90.093
TSU,Yas Marina,HARD,21.0,21.0,0,74.30000000000001,90.314
TSU,Yas Marina,HARD,22.0,22.0,0,72.6,90.004
TSU,Yas Marina,HARD,23.0,23.0,0,70.9,91.428
TSU,Yas Marina,HARD,24.0,24.0,0,69.2,91.462
TSU,Yas Marina,HARD,25.0,25.0,0,67.5,90.072
TSU,Yas Marina,HARD,26.0,26.0,0,65.80000000000001,90.113
TSU,Yas Marina,HARD,27.0,27.0,0,64.1,90.14
TSU,Yas Marina,HARD,28.0,28.0,0,62.4,89.949
TSU,Yas Marina,HARD,29.0,29.0,0,60.7,90.834
TSU,Yas Marina,HARD,30.0,30.0,0,59.0,90.772
TSU,Yas Marina,HARD,31.0,31.0,0,57.3,90.057
TSU,Yas Marina,HARD,32.0,32.0,0,55.6,91.781
TSU,Yas Marina,MEDIUM,2.0,34.0,0,52.2,88.572
TSU,Yas Marina,MEDIUM,3.0,35.0,0,50.5,88.955
TSU,Yas Marina,MEDIUM,4.0,36.0,0,48.8,89.428
TSU,Yas Marina,MEDIUM,5.0,37.0,0,47.1,89.165
TSU,Yas Marina,MEDIUM,6.0,38.0,0,45.400000000000006,89.165
TSU,Yas Marina,MEDIUM,7.0,39.0,0,43.7,88.686
TSU,Yas Marina,MEDIUM,8.0,40.0,0,42.0,88.827
TSU,Yas Marina,MEDIUM,9.0,41.0,0,40.3,88.857
TSU,Yas Marina,MEDIUM,10.0,42.0,0,38.60000000000001,89.016
TSU,Yas Marina,MEDIUM,11.0,43.0,0,36.900000000000006,89.443
TSU,Yas Marina,MEDIUM,12.0,44.0,0,35.2,88.557
TSU,Yas Marina,MEDIUM,13.0,45.0,0,33.5,88.892
TSU,Yas Marina,MEDIUM,14.0,46.0,0,31.8,88.843
TSU,Yas Marina,MEDIUM,15.0,47.0,0,30.10000000000001,88.703
TSU,Yas Marina,MEDIUM,16.0,48.0,0,28.40000000000001,88.96
TSU,Yas Marina,MEDIUM,17.0,49.0,0,26.700000000000003,89.15
TSU,Yas Marina,MEDIUM,18.0,50.0,0,25.0,89.278
TSU,Yas Marina,MEDIUM,19.0,51.0,0,23.3,89.286
TSU,Yas Marina,MEDIUM,20.0,52.0,0,21.60000000000001,89.978
TSU,Yas Marina,MEDIUM,21.0,53.0,0,19.90000000000001,89.612
TSU,Yas Marina,MEDIUM,22.0,54.0,0,18.200000000000003,89.474
TSU,Yas Marina,MEDIUM,23.0,55.0,0,16.5,90.24
TSU,Yas Marina,MEDIUM,24.0,56.0,0,14.799999999999995,90.003
TSU,Yas Marina,MEDIUM,25.0,57.0,0,13.100000000000009,89.695
TSU,Yas Marina,MEDIUM,26.0,58.0,0,11.400000000000006,89.566
ANT,Yas Marina,HARD,2.0,2.0,0,106.6,91.715
ANT,Yas Marina,HARD,3.0,3.0,0,104.9,90.492
ANT,Yas Marina,HARD,4.0,4.0,0,103.2,90.524
ANT,Yas Marina,HARD,5.0,5.0,0,101.5,90.707
ANT,Yas Marina,HARD,6.0,6.0,0,99.8,90.26
ANT,Yas Marina,HARD,7.0,7.0,0,98.1,90.308
ANT,Yas Marina,HARD,8.0,8.0,0,96.4,90.441
ANT,Yas Marina,HARD,9.0,9.0,0,94.7,90.028
ANT,Yas Marina,HARD,10.0,10.0,0,93.0,90.088
ANT,Yas Marina,HARD,11.0,11.0,0,91.3,90.655
ANT,Yas Marina,HARD,12.0,12.0,0,89.6,91.066
ANT,Yas Marina,HARD,13.0,13.0,0,87.9,90.976
ANT,Yas Marina,HARD,14.0,14.0,0,86.2,91.109
ANT,Yas Marina,HARD,15.0,15.0,0,84.5,90.93
ANT,Yas Marina,HARD,16.0,16.0,0,82.8,91.12
ANT,Yas Marina,HARD,17.0,17.0,0,81.1,91.12
ANT,Yas Marina,HARD,18.0,18.0,0,79.4,91.805
ANT,Yas Marina,HARD,19.0,19.0,0,77.7,91.119
ANT,Yas Marina,HARD,20.0,20.0,0,76.0,91.744
ANT,Yas Marina,HARD,21.0,21.0,0,74.30000000000001,91.807
ANT,Yas Marina,HARD,22.0,22.0,0,72.6,90.518
ANT,Yas Marina,HARD,23.0,23.0,0,70.9,90.129
ANT,Yas Marina,HARD,24.0,24.0,0,69.2,91.287
ANT,Yas Marina,HARD,25.0,25.0,0,67.5,90.2
ANT,Yas Marina,HARD,26.0,26.0,0,65.80000000000001,89.821
ANT,Yas Marina,HARD,27.0,27.0,0,64.1,91.272
ANT,Yas Marina,HARD,28.0,28.0,0,62.4,90.684
ANT,Yas Marina,HARD,29.0,29.0,0,60.7,90.334
ANT,Yas Marina,HARD,30.0,30.0,0,59.0,91.188
ANT,Yas Marina,HARD,31.0,31.0,0,57.3,91.017
ANT,Yas Marina,MEDIUM,2.0,34.0,0,52.2,88.029
ANT,Yas Marina,MEDIUM,3.0,35.0,0,50.5,88.319
ANT,Yas Marina,MEDIUM,4.0,36.0,0,48.8,88.185
ANT,Yas Marina,MEDIUM,5.0,37.0,0,47.1,88.677
ANT,Yas Marina,MEDIUM,6.0,38.0,0,45.400000000000006,88.959
ANT,Yas Marina,MEDIUM,7.0,39.0,0,43.7,89.347
ANT,Yas Marina,MEDIUM,8.0,40.0,0,42.0,89.261
ANT,Yas Marina,MEDIUM,9.0,41.0,0,40.3,88.13
ANT,Yas Marina,MEDIUM,10.0,42.0,0,38.60000000000001,88.174
ANT,Yas Marina,MEDIUM,11.0,43.0,0,36.900000000000006,88.398
ANT,Yas Marina,MEDIUM,12.0,44.0,0,35.2,88.503
ANT,Yas Marina,MEDIUM,13.0,45.0,0,33.5,89.001
ANT,Yas Marina,MEDIUM,14.0,46.0,0,31.8,88.883
ANT,Yas Marina,MEDIUM,15.0,47.0,0,30.10000000000001,88.104
ANT,Yas Marina,MEDIUM,16.0,48.0,0,28.40000000000001,88.89
ANT,Yas Marina,MEDIUM,17.0,49.0,0,26.700000000000003,88.862
ANT,Yas Marina,MEDIUM,18.0,50.0,0,25.0,88.865
ANT,Yas Marina,MEDIUM,19.0,51.0,0,23.3,89.698
ANT,Yas Marina,MEDIUM,20.0,52.0,0,21.60000000000001,88.866
ANT,Yas Marina,MEDIUM,21.0,53.0,0,19.90000000000001,89.395
ANT,Yas Marina,MEDIUM,22.0,54.0,0,18.200000000000003,90.005
ANT,Yas Marina,MEDIUM,23.0,55.0,0,16.5,89.512
ANT,Yas Marina,MEDIUM,24.0,56.0,0,14.799999999999995,89.734
ANT,Yas Marina,MEDIUM,25.0,57.0,0,13.100000000000009,89.712
ANT,Yas Marina,MEDIUM,26.0,58.0,0,11.400000000000006,89.63
ALB,Yas Marina,SOFT,2.0,2.0,0,106.6,91.71
ALB,Yas Marina,SOFT,3.0,3.0,0,104.9,90.224
ALB,Yas Marina,SOFT,4.0,4.0,0,103.2,90.874
ALB,Yas Marina,SOFT,5.0,5.0,0,101.5,90.314
ALB,Yas Marina,SOFT,6.0,6.0,0,99.8,90.223
ALB,Yas Marina,SOFT,7.0,7.0,0,98.1,90.42
ALB,Yas Marina,SOFT,8.0,8.0,0,96.4,91.974
ALB,Yas Marina,HARD,2.0,10.0,0,93.0,89.374
ALB,Yas Marina,HARD,3.0,11.0,0,91.3,89.807
ALB,Yas Marina,HARD,4.0,12.0,0,89.6,89.46
ALB,Yas Marina,HARD,5.0,13.0,0,87.9,89.692
ALB,Yas Marina,HARD,6.0,14.0,0,86.2,89.793
ALB,Yas Marina,HARD,7.0,15.0,0,84.5,89.819
ALB,Yas Marina,HARD,8.0,16.0,0,82.8,89.907
ALB,Yas Marina,HARD,9.0,17.0,0,81.1,90.133
ALB,Yas Marina,HARD,10.0,18.0,0,79.4,89.987
ALB,Yas Marina,HARD,11.0,19.0,0,77.7,90.047
ALB,Yas Marina,HARD,12.0,20.0,0,76.0,90.109
ALB,Yas Marina,HARD,13.0,21.0,0,74.30000000000001,90.27
ALB,Yas Marina,HARD,14.0,22.0,0,72.6,90.298
ALB,Yas Marina,HARD,15.0,23.0,0,70.9,90.621
ALB,Yas Marina,HARD,16.0,24.0,0,69.2,90.388
ALB,Yas Marina,HARD,17.0,25.0,0,67.5,90.934
ALB,Yas Marina,HARD,18.0,26.0,0,65.80000000000001,90.294
ALB,Yas Marina,HARD,19.0,27.0,0,64.1,90.113
ALB,Yas Marina,HARD,20.0,28.0,0,62.4,91.014
ALB,Yas Marina,HARD,21.0,29.0,0,60.7,90.422
ALB,Yas Marina,HARD,22.0,30.0,0,59.0,90.215
ALB,Yas Marina,HARD,23.0,31.0,0,57.3,90.539
ALB,Yas Marina,HARD,24.0,32.0,0,55.6,90.485
ALB,Yas Marina,HARD,25.0,33.0,0,53.9,91.616
ALB,Yas Marina,MEDIUM,2.0,35.0,0,50.5,88.588
ALB,Yas Marina,MEDIUM,3.0,36.0,0,48.8,88.439
ALB,Yas Marina,MEDIUM,4.0,37.0,0,47.1,88.411
ALB,Yas Marina,MEDIUM,5.0,38.0,0,45.400000000000006,88.569
ALB,Yas Marina,MEDIUM,6.0,39.0,0,43.7,88.87
ALB,Yas Marina,MEDIUM,7.0,40.0,0,42.0,89.722
ALB,Yas Marina,MEDIUM,8.0,41.0,0,40.3,88.777
ALB,Yas Marina,MEDIUM,9.0,42.0,0,38.60000000000001,88.845
ALB,Yas Marina,MEDIUM,10.0,43.0,0,36.900000000000006,88.391
ALB,Yas Marina,MEDIUM,11.0,44.0,0,35.2,88.507
ALB,Yas Marina,MEDIUM,12.0,45.0,0,33.5,88.367
ALB,Yas Marina,MEDIUM,13.0,46.0,0,31.8,88.517
ALB,Yas Marina,MEDIUM,14.0,47.0,0,30.10000000000001,89.563
ALB,Yas Marina,MEDIUM,15.0,48.0,0,28.40000000000001,88.947
ALB,Yas Marina,MEDIUM,16.0,49.0,0,26.700000000000003,89.29
ALB,Yas Marina,MEDIUM,17.0,50.0,0,25.0,89.526
ALB,Yas Marina,MEDIUM,18.0,51.0,0,23.3,89.42
ALB,Yas Marina,MEDIUM,19.0,52.0,0,21.60000000000001,89.393
ALB,Yas Marina,MEDIUM,20.0,53.0,0,19.90000000000001,88.627
ALB,Yas Marina,MEDIUM,21.0,54.0,0,18.200000000000003,88.752
ALB,Yas Marina,MEDIUM,22.0,55.0,0,16.5,88.785
ALB,Yas Marina,MEDIUM,23.0,56.0,0,14.799999999999995,89.061
ALB,Yas Marina,MEDIUM,24.0,57.0,0,13.100000000000009,89.103
ALB,Yas Marina,MEDIUM,25.0,58.0,0,11.400000000000006,89.256
HAD,Yas Marina,MEDIUM,2.0,2.0,0,106.6,90.44
HAD,Yas Marina,MEDIUM,3.0,3.0,0,104.9,90.211
HAD,Yas Marina,MEDIUM,4.0,4.0,0,103.2,90.237
HAD,Yas Marina,MEDIUM,5.0,5.0,0,101.5,90.261
HAD,Yas Marina,MEDIUM,6.0,6.0,0,99.8,90.555
HAD,Yas Marina,MEDIUM,7.0,7.0,0,98.1,90.289
HAD,Yas Marina,MEDIUM,8.0,8.0,0,96.4,90.416
HAD,Yas Marina,MEDIUM,9.0,9.0,0,94.7,90.078
HAD,Yas Marina,MEDIUM,10.0,10.0,0,93.0,90.346
HAD,Yas Marina,MEDIUM,11.0,11.0,0,91.3,90.94
HAD,Yas Marina,MEDIUM,12.0,12.0,0,89.6,90.633
HAD,Yas Marina,MEDIUM,13.0,13.0,0,87.9,91.064
HAD,Yas Marina,MEDIUM,14.0,14.0,0,86.2,92.759
HAD,Yas Marina,HARD,2.0,16.0,0,82.8,89.839
HAD,Yas Marina,HARD,3.0,17.0,0,81.1,90.142
HAD,Yas Marina,HARD,4.0,18.0,0,79.4,89.869
HAD,Yas Marina,HARD,5.0,19.0,0,77.7,90.478
HAD,Yas Marina,HARD,6.0,20.0,0,76.0,90.028
HAD,Yas Marina,HARD,7.0,21.0,0,74.30000000000001,90.305
HAD,Yas Marina,HARD,8.0,22.0,0,72.6,89.788
HAD,Yas Marina,HARD,9.0,23.0,0,70.9,90.078
HAD,Yas Marina,HARD,10.0,24.0,0,69.2,90.621
HAD,Yas Marina,HARD,11.0,25.0,0,67.5,92.178
HAD,Yas Marina,HARD,12.0,26.0,0,65.80000000000001,89.989
HAD,Yas Marina,HARD,13.0,27.0,0,64.1,90.0
HAD,Yas Marina,HARD,14.0,28.0,0,62.4,89.879
HAD,Yas Marina,HARD,15.0,29.0,0,60.7,90.356
HAD,Yas Marina,HARD,16.0,30.0,0,59.0,90.232
HAD,Yas Marina,HARD,17.0,31.0,0,57.3,90.425
HAD,Yas Marina,HARD,18.0,32.0,0,55.6,91.414
HAD,Yas Marina,HARD,19.0,33.0,0,53.9,90.562
HAD,Yas Marina,HARD,20.0,34.0,0,52.2,90.485
HAD,Yas Marina,HARD,21.0,35.0,0,50.5,90.197
HAD,Yas Marina,HARD,22.0,36.0,0,48.8,89.623
HAD,Yas Marina,HARD,23.0,37.0,0,47.1,89.448
HAD,Yas Marina,HARD,24.0,38.0,0,45.400000000000006,90.562
HAD,Yas Marina,HARD,25.0,39.0,0,43.7,90.066
HAD,Yas Marina,HARD,26.0,40.0,0,42.0,89.879
HAD,Yas Marina,HARD,27.0,41.0,0,40.3,89.381
HAD,Yas Marina,HARD,28.0,42.0,0,38.60000000000001,89.515
HAD,Yas Marina,HARD,29.0,43.0,0,36.900000000000006,89.625
HAD,Yas Marina,HARD,30.0,44.0,0,35.2,90.447
HAD,Yas Marina,HARD,31.0,45.0,0,33.5,89.833
HAD,Yas Marina,HARD,32.0,46.0,0,31.8,89.415
HAD,Yas Marina,HARD,33.0,47.0,0,30.10000000000001,89.891
HAD,Yas Marina,HARD,34.0,48.0,0,28.40000000000001,89.57
HAD,Yas Marina,HARD,35.0,49.0,0,26.700000000000003,90.059
HAD,Yas Marina,HARD,36.0,50.0,0,25.0,89.522
HAD,Yas Marina,HARD,37.0,51.0,0,23.3,90.082
HAD,Yas Marina,HARD,38.0,52.0,0,21.60000000000001,89.375
HAD,Yas Marina,HARD,39.0,53.0,0,19.90000000000001,90.475
HAD,Yas Marina,HARD,40.0,54.0,0,18.200000000000003,89.999
HAD,Yas Marina,HARD,41.0,55.0,0,16.5,89.599
HAD,Yas Marina,HARD,42.0,56.0,0,14.799999999999995,89.451
HAD,Yas Marina,HARD,43.0,57.0,0,13.100000000000009,90.979
LAW,Yas Marina,MEDIUM,2.0,2.0,0,106.6,90.799
LAW,Yas Marina,MEDIUM,3.0,3.0,0,104.9,90.466
LAW,Yas Marina,MEDIUM,4.0,4.0,0,103.2,90.661
LAW,Yas Marina,MEDIUM,5.0,5.0,0,101.5,90.219
LAW,Yas Marina,MEDIUM,6.0,6.0,0,99.8,90.325
LAW,Yas Marina,MEDIUM,7.0,7.0,0,98.1,90.537
LAW,Yas Marina,MEDIUM,8.0,8.0,0,96.4,90.34
LAW,Yas Marina,MEDIUM,9.0,9.0,0,94.7,90.353
LAW,Yas Marina,MEDIUM,10.0,10.0,0,93.0,90.55
LAW,Yas Marina,MEDIUM,11.0,11.0,0,91.3,90.669
LAW,Yas Marina,MEDIUM,12.0,12.0,0,89.6,90.91
LAW,Yas Marina,MEDIUM,13.0,13.0,0,87.9,91.045
LAW,Yas Marina,MEDIUM,14.0,14.0,0,86.2,91.323
LAW,Yas Marina,MEDIUM,15.0,15.0,0,84.5,91.049
LAW,Yas Marina,MEDIUM,16.0,16.0,0,82.8,91.366
LAW,Yas Marina,MEDIUM,17.0,17.0,0,81.1,91.343
LAW,Yas Marina,MEDIUM,18.0,18.0,0,79.4,91.426
LAW,Yas Marina,MEDIUM,19.0,19.0,0,77.7,91.815
LAW,Yas Marina,MEDIUM,20.0,20.0,0,76.0,91.884
LAW,Yas Marina,HARD,2.0,23.0,0,70.9,89.826
LAW,Yas Marina,HARD,3.0,24.0,0,69.2,89.26
LAW,Yas Marina,HARD,4.0,25.0,0,67.5,89.498
LAW,Yas Marina,HARD,5.0,26.0,0,65.80000000000001,89.337
LAW,Yas Marina,HARD,6.0,27.0,0,64.1,89.501
LAW,Yas Marina,HARD,7.0,28.0,0,62.4,89.554
LAW,Yas Marina,HARD,8.0,29.0,0,60.7,89.665
LAW,Yas Marina,HARD,9.0,30.0,0,59.0,89.6
LAW,Yas Marina,HARD,10.0,31.0,0,57.3,89.416
LAW,Yas Marina,HARD,11.0,32.0,0,55.6,89.158
LAW,Yas Marina,HARD,12.0,33.0,0,53.9,89.444
LAW,Yas Marina,HARD,13.0,34.0,0,52.2,89.499
LAW,Yas Marina,HARD,14.0,35.0,0,50.5,89.26
LAW,Yas Marina,HARD,15.0,36.0,0,48.8,89.353
LAW,Yas Marina,HARD,16.0,37.0,0,47.1,89.616
LAW,Yas Marina,HARD,17.0,38.0,0,45.400000000000006,89.496
LAW,Yas Marina,HARD,18.0,39.0,0,43.7,88.886
LAW,Yas Marina,HARD,19.0,40.0,0,42.0,89.814
LAW,Yas Marina,HARD,20.0,41.0,0,40.3,90.032
LAW,Yas Marina,HARD,21.0,42.0,0,38.60000000000001,89.609
LAW,Yas Marina,HARD,22.0,43.0,0,36.900000000000006,90.371
LAW,Yas Marina,HARD,23.0,44.0,0,35.2,90.123
LAW,Yas Marina,HARD,24.0,45.0,0,33.5,89.762
LAW,Yas Marina,HARD,25.0,46.0,0,31.8,89.987
LAW,Yas Marina,HARD,26.0,47.0,0,30.10000000000001,88.99
LAW,Yas Marina,HARD,27.0,48.0,0,28.40000000000001,89.319
LAW,Yas Marina,HARD,28.0,49.0,0,26.700000000000003,89.009
LAW,Yas Marina,HARD,29.0,50.0,0,25.0,88.99
LAW,Yas Marina,HARD,30.0,51.0,0,23.3,89.008
LAW,Yas Marina,HARD,31.0,52.0,0,21.60000000000001,89.121
LAW,Yas Marina,HARD,32.0,53.0,0,19.90000000000001,92.152
LAW,Yas Marina,HARD,33.0,54.0,0,18.200000000000003,89.375
LAW,Yas Marina,HARD,34.0,55.0,0,16.5,89.206
LAW,Yas Marina,HARD,35.0,56.0,0,14.799999999999995,89.189
LAW,Yas Marina,HARD,36.0,57.0,0,13.100000000000009,89.022
GAS,Yas Marina,MEDIUM,2.0,2.0,0,106.6,92.01
GAS,Yas Marina,MEDIUM,3.0,3.0,0,104.9,90.864
GAS,Yas Marina,MEDIUM,4.0,4.0,0,103.2,90.669
GAS,Yas Marina,MEDIUM,5.0,5.0,0,101.5,90.908
GAS,Yas Marina,MEDIUM,6.0,6.0,0,99.8,90.891
GAS,Yas Marina,MEDIUM,7.0,7.0,0,98.1,90.537
GAS,Yas Marina,MEDIUM,8.0,8.0,0,96.4,90.612
GAS,Yas Marina,MEDIUM,9.0,9.0,0,94.7,90.4
GAS,Yas Marina,MEDIUM,10.0,10.0,0,93.0,90.586
GAS,Yas Marina,MEDIUM,11.0,11.0,0,91.3,91.135
GAS,Yas Marina,MEDIUM,12.0,12.0,0,89.6,91.79
GAS,Yas Marina,HARD,2.0,15.0,0,84.5,89.817
GAS,Yas Marina,HARD,3.0,16.0,0,82.8,89.571
GAS,Yas Marina,HARD,4.0,17.0,0,81.1,89.493
GAS,Yas Marina,HARD,5.0,18.0,0,79.4,89.487
GAS,Yas Marina,HARD,6.0,19.0,0,77.7,90.602
GAS,Yas Marina,HARD,7.0,20.0,0,76.0,89.911
GAS,Yas Marina,HARD,8.0,21.0,0,74.30000000000001,89.442
GAS,Yas Marina,HARD,9.0,22.0,0,72.6,89.69
GAS,Yas Marina,HARD,10.0,23.0,0,70.9,89.729
GAS,Yas Marina,HARD,11.0,24.0,0,69.2,89.747
GAS,Yas Marina,HARD,12.0,25.0,0,67.5,89.715
GAS,Yas Marina,HARD,13.0,26.0,0,65.80000000000001,89.855
GAS,Yas Marina,HARD,14.0,27.0,0,64.1,89.972
GAS,Yas Marina,HARD,15.0,28.0,0,62.4,89.971
GAS,Yas Marina,HARD,16.0,29.0,0,60.7,89.98
GAS,Yas Marina,HARD,17.0,30.0,0,59.0,89.955
GAS,Yas Marina,HARD,18.0,31.0,0,57.3,90.137
GAS,Yas Marina,HARD,19.0,32.0,0,55.6,90.018
GAS,Yas Marina,HARD,20.0,33.0,0,53.9,90.339
GAS,Yas Marina,HARD,21.0,34.0,0,52.2,90.137
GAS,Yas Marina,HARD,22.0,35.0,0,50.5,90.115
GAS,Yas Marina,HARD,23.0,36.0,0,48.8,90.592
GAS,Yas Marina,HARD,24.0,37.0,0,47.1,89.908
GAS,Yas Marina,HARD,25.0,38.0,0,45.400000000000006,90.193
GAS,Yas Marina,HARD,26.0,39.0,0,43.7,90.957
GAS,Yas Marina,HARD,27.0,40.0,0,42.0,91.907
GAS,Yas Marina,MEDIUM,5.0,42.0,0,38.60000000000001,88.765
GAS,Yas Marina,MEDIUM,6.0,43.0,0,36.900000000000006,88.051
GAS,Yas Marina,MEDIUM,7.0,44.0,0,35.2,88.166
GAS,Yas Marina,MEDIUM,8.0,45.0,0,33.5,88.047
GAS,Yas Marina,MEDIUM,9.0,46.0,0,31.8,87.767
GAS,Yas Marina,MEDIUM,10.0,47.0,0,30.10000000000001,88.143
GAS,Yas Marina,MEDIUM,11.0,48.0,0,28.40000000000001,88.048
GAS,Yas Marina,MEDIUM,12.0,49.0,0,26.700000000000003,88.4
GAS,Yas Marina,MEDIUM,13.0,50.0,0,25.0,87.992
GAS,Yas Marina,MEDIUM,14.0,51.0,0,23.3,88.364
GAS,Yas Marina,MEDIUM,15.0,52.0,0,21.60000000000001,88.428
GAS,Yas Marina,MEDIUM,16.0,53.0,0,19.90000000000001,88.72
GAS,Yas Marina,MEDIUM,17.0,54.0,0,18.200000000000003,89.511
GAS,Yas Marina,MEDIUM,18.0,55.0,0,16.5,89.233
GAS,Yas Marina,MEDIUM,19.0,56.0,0,14.799999999999995,89.483
GAS,Yas Marina,MEDIUM,20.0,57.0,0,13.100000000000009,88.908
COL,Yas Marina,MEDIUM,2.0,2.0,0,106.6,92.07
COL,Yas Marina,MEDIUM,3.0,3.0,0,104.9,91.303
COL,Yas Marina,MEDIUM,4.0,4.0,0,103.2,90.845
COL,Yas Marina,MEDIUM,5.0,5.0,0,101.5,90.99
COL,Yas Marina,MEDIUM,6.0,6.0,0,99.8,91.224
COL,Yas Marina,MEDIUM,7.0,7.0,0,98.1,90.61
COL,Yas Marina,MEDIUM,8.0,8.0,0,96.4,90.701
COL,Yas Marina,MEDIUM,9.0,9.0,0,94.7,90.551
COL,Yas Marina,MEDIUM,10.0,10.0,0,93.0,90.837
COL,Yas Marina,MEDIUM,11.0,11.0,0,91.3,90.884
COL,Yas Marina,MEDIUM,12.0,12.0,0,89.6,91.463
COL,Yas Marina,MEDIUM,13.0,13.0,0,87.9,91.563
COL,Yas Marina,MEDIUM,14.0,14.0,0,86.2,91.199
COL,Yas Marina,HARD,2.0,17.0,0,81.1,89.847
COL,Yas Marina,HARD,3.0,18.0,0,79.4,89.823
COL,Yas Marina,HARD,4.0,19.0,0,77.7,89.712
COL,Yas Marina,HARD,5.0,20.0,0,76.0,89.699
COL,Yas Marina,HARD,6.0,21.0,0,74.30000000000001,89.43
COL,Yas Marina,HARD,7.0,22.0,0,72.6,89.628
COL,Yas Marina,HARD,8.0,23.0,0,70.9,89.717
COL,Yas Marina,HARD,9.0,24.0,0,69.2,89.852
COL,Yas Marina,HARD,10.0,25.0,0,67.5,90.138
COL,Yas Marina,HARD,11.0,26.0,0,65.80000000000001,89.652
COL,Yas Marina,HARD,12.0,27.0,0,64.1,89.543
COL,Yas Marina,HARD,13.0,28.0,0,62.4,89.839
COL,Yas Marina,HARD,14.0,29.0,0,60.7,89.915
COL,Yas Marina,HARD,15.0,30.0,0,59.0,89.674
COL,Yas Marina,HARD,16.0,31.0,0,57.3,89.849
COL,Yas Marina,HARD,17.0,32.0,0,55.6,89.841
COL,Yas Marina,HARD,18.0,33.0,0,53.9,90.053
COL,Yas Marina,HARD,19.0,34.0,0,52.2,90.07
COL,Yas Marina,HARD,20.0,35.0,0,50.5,90.63
COL,Yas Marina,HARD,21.0,36.0,0,48.8,90.233
COL,Yas Marina,HARD,22.0,37.0,0,47.1,90.862
COL,Yas Marina,HARD,23.0,38.0,0,45.400000000000006,90.74
COL,Yas Marina,HARD,24.0,39.0,0,43.7,92.596
COL,Yas Marina,MEDIUM,2.0,42.0,0,38.60000000000001,87.71
COL,Yas Marina,MEDIUM,3.0,43.0,0,36.900000000000006,88.075
COL,Yas Marina,MEDIUM,4.0,44.0,0,35.2,88.449
COL,Yas Marina,MEDIUM,5.0,45.0,0,33.5,88.464
COL,Yas Marina,MEDIUM,6.0,46.0,0,31.8,88.307
COL,Yas Marina,MEDIUM,7.0,47.0,0,30.10000000000001,88.103
COL,Yas Marina,MEDIUM,8.0,48.0,0,28.40000000000001,88.022
COL,Yas Marina,MEDIUM,9.0,49.0,0,26.700000000000003,88.383
COL,Yas Marina,MEDIUM,10.0,50.0,0,25.0,88.494
COL,Yas Marina,MEDIUM,11.0,51.0,0,23.3,88.531
COL,Yas Marina,MEDIUM,12.0,52.0,0,21.60000000000001,88.579
COL,Yas Marina,MEDIUM,13.0,53.0,0,19.90000000000001,88.723
COL,Yas Marina,MEDIUM,14.0,54.0,0,18.200000000000003,88.68
COL,Yas Marina,MEDIUM,15.0,55.0,0,16.5,88.57
COL,Yas Marina,MEDIUM,16.0,56.0,0,14.799999999999995,88.94
COL,Yas Marina,MEDIUM,17.0,57.0,0,13.100000000000009,90.714
NOR,Albert Park,MEDIUM,2.0,2.0,0,106.6,87.344
NOR,Albert Park,MEDIUM,3.0,3.0,0,104.9,86.863
NOR,Albert Park,MEDIUM,4.0,4.0,0,103.2,85.857
NOR,Albert Park,MEDIUM,5.0,5.0,0,101.5,85.573
NOR,Albert Park,MEDIUM,6.0,6.0,0,99.8,85.036
NOR,Albert Park,MEDIUM,7.0,7.0,0,98.1,84.978
NOR,Albert Park,MEDIUM,8.0,8.0,0,96.4,85.299
NOR,Albert Park,MEDIUM,9.0,9.0,0,94.7,85.639
NOR,Albert Park,MEDIUM,10.0,10.0,0,93.0,85.295
NOR,Albert Park,HARD,3.0,14.0,0,86.2,84.233
NOR,Albert Park,HARD,4.0,15.0,0,84.5,83.784
NOR,Albert Park,HARD,5.0,16.0,0,82.8,83.912
NOR,Albert Park,HARD,6.0,17.0,0,81.1,84.053
NOR,Albert Park,HARD,9.0,20.0,0,76.0,85.774
NOR,Albert Park,HARD,10.0,21.0,0,74.30000000000001,83.972
NOR,Albert Park,HARD,11.0,22.0,0,72.6,83.687
NOR,Albert Park,HARD,12.0,23.0,0,70.9,83.534
NOR,Albert Park,HARD,13.0,24.0,0,69.2,83.394
NOR,Albert Park,HARD,14.0,25.0,0,67.5,83.5
NOR,Albert Park,HARD,15.0,26.0,0,65.80000000000001,83.403
NOR,Albert Park,HARD,16.0,27.0,0,64.1,83.896
NOR,Albert Park,HARD,17.0,28.0,0,62.4,84.04
NOR,Albert Park,HARD,18.0,29.0,0,60.7,84.08
NOR,Albert Park,HARD,19.0,30.0,0,59.0,83.961
NOR,Albert Park,HARD,20.0,31.0,0,57.3,84.094
NOR,Albert Park,HARD,21.0,32.0,0,55.6,84.075
NOR,Albert Park,HARD,22.0,33.0,0,53.9,84.79
NOR,Albert Park,MEDIUM,2.0,36.0,0,48.8,83.324
NOR,Albert Park,MEDIUM,3.0,37.0,0,47.1,83.448
NOR,Albert Park,MEDIUM,4.0,38.0,0,45.400000000000006,83.423
NOR,Albert Park,MEDIUM,5.0,39.0,0,43.7,84.001
NOR,Albert Park,MEDIUM,6.0,40.0,0,42.0,83.397
NOR,Albert Park,MEDIUM,7.0,41.0,0,40.3,83.762
NOR,Albert Park,MEDIUM,8.0,42.0,0,38.60000000000001,83.347
NOR,Albert Park,MEDIUM,9.0,43.0,0,36.900000000000006,83.286
NOR,Albert Park,MEDIUM,10.0,44.0,0,35.2,83.192
NOR,Albert Park,MEDIUM,11.0,45.0,0,33.5,82.886
NOR,Albert Park,MEDIUM,12.0,46.0,0,31.8,82.908
NOR,Albert Park,MEDIUM,13.0,47.0,0,30.10000000000001,82.778
NOR,Albert Park,MEDIUM,14.0,48.0,0,28.40000000000001,82.953
NOR,Albert Park,MEDIUM,15.0,49.0,0,26.700000000000003,82.804
NOR,Albert Park,MEDIUM,16.0,50.0,0,25.0,82.763
NOR,Albert Park,MEDIUM,17.0,51.0,0,23.3,82.598
NOR,Albert Park,MEDIUM,18.0,52.0,0,21.60000000000001,82.784
NOR,Albert Park,MEDIUM,19.0,53.0,0,19.90000000000001,82.358
NOR,Albert Park,MEDIUM,20.0,54.0,0,18.200000000000003,82.796
NOR,Albert Park,MEDIUM,21.0,55.0,0,16.5,82.867
NOR,Albert Park,MEDIUM,22.0,56.0,0,14.799999999999995,82.843
NOR,Albert Park,MEDIUM,23.0,57.0,0,13.100000000000009,83.416
NOR,Albert Park,MEDIUM,24.0,58.0,0,11.400000000000006,83.046
GAS,Albert Park,MEDIUM,2.0,2.0,0,106.6,87.281
GAS,Albert Park,MEDIUM,3.0,3.0,0,104.9,86.371
GAS,Albert Park,MEDIUM,4.0,4.0,0,103.2,85.894
GAS,Albert Park,MEDIUM,5.0,5.0,0,101.5,87.04
GAS,Albert Park,MEDIUM,6.0,6.0,0,99.8,85.989
GAS,Albert Park,MEDIUM,7.0,7.0,0,98.1,85.079
GAS,Albert Park,MEDIUM,8.0,8.0,0,96.4,84.964
GAS,Albert Park,MEDIUM,9.0,9.0,0,94.7,85.441
GAS,Albert Park,MEDIUM,10.0,10.0,0,93.0,86.669
GAS,Albert Park,HARD,3.0,14.0,0,86.2,85.748
GAS,Albert Park,HARD,4.0,15.0,0,84.5,84.823
GAS,Albert Park,HARD,5.0,16.0,0,82.8,84.69
GAS,Albert Park,HARD,6.0,17.0,0,81.1,85.203
GAS,Albert Park,HARD,9.0,20.0,0,76.0,86.578
GAS,Albert Park,HARD,10.0,21.0,0,74.30000000000001,85.678
GAS,Albert Park,HARD,11.0,22.0,0,72.6,84.586
GAS,Albert Park,HARD,12.0,23.0,0,70.9,84.499
GAS,Albert Park,HARD,13.0,24.0,0,69.2,84.852
GAS,Albert Park,HARD,14.0,25.0,0,67.5,84.54
GAS,Albert Park,HARD,15.0,26.0,0,65.80000000000001,84.771
GAS,Albert Park,HARD,16.0,27.0,0,64.1,84.661
GAS,Albert Park,HARD,17.0,28.0,0,62.4,84.795
GAS,Albert Park,HARD,18.0,29.0,0,60.7,85.096
GAS,Albert Park,HARD,19.0,30.0,0,59.0,85.242
GAS,Albert Park,HARD,20.0,31.0,0,57.3,85.271
GAS,Albert Park,HARD,21.0,32.0,0,55.6,85.202
GAS,Albert Park,HARD,24.0,35.0,0,50.5,85.029
GAS,Albert Park,HARD,25.0,36.0,0,48.8,85.177
GAS,Albert Park,HARD,26.0,37.0,0,47.1,86.333
GAS,Albert Park,HARD,27.0,38.0,0,45.400000000000006,86.094
GAS,Albert Park,HARD,28.0,39.0,0,43.7,85.265
GAS,Albert Park,HARD,29.0,40.0,0,42.0,86.132
GAS,Albert Park,HARD,30.0,41.0,0,40.3,85.319
GAS,Albert Park,HARD,31.0,42.0,0,38.60000000000001,84.879
GAS,Albert Park,HARD,32.0,43.0,0,36.900000000000006,84.977
GAS,Albert Park,HARD,33.0,44.0,0,35.2,85.028
GAS,Albert Park,HARD,34.0,45.0,0,33.5,87.175
GAS,Albert Park,HARD,35.0,46.0,0,31.8,85.353
GAS,Albert Park,HARD,36.0,47.0,0,30.10000000000001,86.497
GAS,Albert Park,HARD,37.0,48.0,0,28.40000000000001,84.982
GAS,Albert Park,HARD,38.0,49.0,0,26.700000000000003,85.281
GAS,Albert Park,HARD,39.0,50.0,0,25.0,84.927
GAS,Albert Park,HARD,40.0,51.0,0,23.3,86.46
GAS,Albert Park,HARD,41.0,52.0,0,21.60000000000001,86.527
GAS,Albert Park,HARD,42.0,53.0,0,19.90000000000001,84.79
GAS,Albert Park,HARD,43.0,54.0,0,18.200000000000003,84.52
GAS,Albert Park,HARD,44.0,55.0,0,16.5,84.595
GAS,Albert Park,HARD,45.0,56.0,0,14.799999999999995,84.486
GAS,Albert Park,HARD,46.0,57.0,0,13.100000000000009,84.837
PER,Albert Park,MEDIUM,4.0,4.0,0,103.2,87.222
PER,Albert Park,MEDIUM,6.0,6.0,0,99.8,87.595
PER,Albert Park,MEDIUM,7.0,7.0,0,98.1,87.625
PER,Albert Park,MEDIUM,8.0,8.0,0,96.4,87.184
PER,Albert Park,MEDIUM,9.0,9.0,0,94.7,87.05
PER,Albert Park,MEDIUM,10.0,10.0,0,93.0,87.595
PER,Albert Park,MEDIUM,14.0,14.0,0,86.2,87.084
PER,Albert Park,HARD,2.0,20.0,0,76.0,86.49
PER,Albert Park,HARD,3.0,21.0,0,74.30000000000001,87.262
PER,Albert Park,HARD,5.0,23.0,0,70.9,87.457
PER,Albert Park,HARD,7.0,25.0,0,67.5,87.093
PER,Albert Park,HARD,11.0,29.0,0,60.7,86.934
PER,Albert Park,HARD,12.0,30.0,0,59.0,87.419
PER,Albert Park,HARD,16.0,34.0,0,52.2,87.151
PER,Albert Park,HARD,19.0,37.0,0,47.1,87.081
PER,Albert Park,HARD,20.0,38.0,0,45.400000000000006,86.93
PER,Albert Park,HARD,21.0,39.0,0,43.7,87.099
PER,Albert Park,SOFT,2.0,45.0,0,33.5,86.314
PER,Albert Park,SOFT,4.0,47.0,0,30.10000000000001,86.07
PER,Albert Park,SOFT,5.0,48.0,0,28.40000000000001,86.151
PER,Albert Park,SOFT,6.0,49.0,0,26.700000000000003,86.21
PER,Albert Park,SOFT,7.0,50.0,0,25.0,86.085
PER,Albert Park,SOFT,8.0,51.0,0,23.3,86.2
PER,Albert Park,SOFT,9.0,52.0,0,21.60000000000001,86.412
PER,Albert Park,SOFT,10.0,53.0,0,19.90000000000001,86.13
ANT,Albert Park,MEDIUM,2.0,2.0,0,106.6,87.129
ANT,Albert Park,MEDIUM,3.0,3.0,0,104.9,85.463
ANT,Albert Park,MEDIUM,4.0,4.0,0,103.2,85.411
ANT,Albert Park,MEDIUM,5.0,5.0,0,101.5,84.499
ANT,Albert Park,MEDIUM,6.0,6.0,0,99.8,84.024
ANT,Albert Park,MEDIUM,7.0,7.0,0,98.1,83.835
ANT,Albert Park,MEDIUM,8.0,8.0,0,96.4,83.683
ANT,Albert Park,MEDIUM,9.0,9.0,0,94.7,83.908
ANT,Albert Park,MEDIUM,10.0,10.0,0,93.0,84.037
ANT,Albert Park,MEDIUM,11.0,11.0,0,91.3,83.89
ANT,Albert Park,HARD,2.0,14.0,0,86.2,86.679
ANT,Albert Park,HARD,3.0,15.0,0,84.5,83.287
ANT,Albert Park,HARD,4.0,16.0,0,82.8,83.618
ANT,Albert Park,HARD,5.0,17.0,0,81.1,83.26
ANT,Albert Park,HARD,9.0,21.0,0,74.30000000000001,82.781
ANT,Albert Park,HARD,10.0,22.0,0,72.6,82.862
ANT,Albert Park,HARD,11.0,23.0,0,70.9,82.582
ANT,Albert Park,HARD,12.0,24.0,0,69.2,83.222
ANT,Albert Park,HARD,13.0,25.0,0,67.5,84.545
ANT,Albert Park,HARD,14.0,26.0,0,65.80000000000001,83.138
ANT,Albert Park,HARD,15.0,27.0,0,64.1,83.103
ANT,Albert Park,HARD,16.0,28.0,0,62.4,83.03
ANT,Albert Park,HARD,17.0,29.0,0,60.7,82.968
ANT,Albert Park,HARD,18.0,30.0,0,59.0,82.889
ANT,Albert Park,HARD,19.0,31.0,0,57.3,82.88
ANT,Albert Park,HARD,20.0,32.0,0,55.6,83.239
ANT,Albert Park,HARD,21.0,33.0,0,53.9,83.017
ANT,Albert Park,HARD,23.0,35.0,0,50.5,83.292
ANT,Albert Park,HARD,24.0,36.0,0,48.8,82.865
ANT,Albert Park,HARD,25.0,37.0,0,47.1,82.966
ANT,Albert Park,HARD,26.0,38.0,0,45.400000000000006,82.989
ANT,Albert Park,HARD,27.0,39.0,0,43.7,82.921
ANT,Albert Park,HARD,28.0,40.0,0,42.0,82.672
ANT,Albert Park,HARD,29.0,41.0,0,40.3,82.928
ANT,Albert Park,HARD,30.0,42.0,0,38.60000000000001,82.942
ANT,Albert Park,HARD,31.0,43.0,0,36.900000000000006,83.015
ANT,Albert Park,HARD,32.0,44.0,0,35.2,83.079
ANT,Albert Park,HARD,33.0,45.0,0,33.5,83.123
ANT,Albert Park,HARD,34.0,46.0,0,31.8,83.038
ANT,Albert Park,HARD,35.0,47.0,0,30.10000000000001,83.066
ANT,Albert Park,HARD,36.0,48.0,0,28.40000000000001,82.992
ANT,Albert Park,HARD,37.0,49.0,0,26.700000000000003,83.245
ANT,Albert Park,HARD,38.0,50.0,0,25.0,82.903
ANT,Albert Park,HARD,39.0,51.0,0,23.3,82.625
ANT,Albert Park,HARD,40.0,52.0,0,21.60000000000001,82.558
ANT,Albert Park,HARD,41.0,53.0,0,19.90000000000001,82.613
ANT,Albert Park,HARD,42.0,54.0,0,18.200000000000003,82.842
ANT,Albert Park,HARD,43.0,55.0,0,16.5,82.928
ANT,Albert Park,HARD,44.0,56.0,0,14.799999999999995,82.603
ANT,Albert Park,HARD,45.0,57.0,0,13.100000000000009,82.417
ANT,Albert Park,HARD,46.0,58.0,0,11.400000000000006,82.653
ALO,Albert Park,SOFT,2.0,2.0,0,106.6,87.598
ALO,Albert Park,SOFT,4.0,4.0,0,103.2,87.424
ALO,Albert Park,SOFT,8.0,8.0,0,96.4,86.792
ALO,Albert Park,SOFT,9.0,9.0,0,94.7,87.04
ALO,Albert Park,SOFT,10.0,10.0,0,93.0,87.475
ALO,Albert Park,SOFT,4.0,15.0,0,84.5,85.713
ALO,Albert Park,SOFT,5.0,16.0,0,82.8,86.131
ALO,Albert Park,SOFT,6.0,17.0,0,81.1,86.376
ALO,Albert Park,SOFT,7.0,18.0,0,79.4,85.908
ALO,Albert Park,SOFT,9.0,20.0,0,76.0,86.641
LEC,Albert Park,MEDIUM,2.0,2.0,0,106.6,86.212
LEC,Albert Park,MEDIUM,3.0,3.0,0,104.9,85.453
LEC,Albert Park,MEDIUM,4.0,4.0,0,103.2,84.553
LEC,Albert Park,MEDIUM,5.0,5.0,0,101.5,83.981
LEC,Albert Park,MEDIUM,6.0,6.0,0,99.8,84.822
LEC,Albert Park,MEDIUM,7.0,7.0,0,98.1,84.034
LEC,Albert Park,MEDIUM,8.0,8.0,0,96.4,85.563
LEC,Albert Park,MEDIUM,9.0,9.0,0,94.7,85.602
LEC,Albert Park,MEDIUM,10.0,10.0,0,93.0,83.977
LEC,Albert Park,MEDIUM,11.0,11.0,0,91.3,83.798
LEC,Albert Park,MEDIUM,15.0,15.0,0,84.5,83.765
LEC,Albert Park,MEDIUM,16.0,16.0,0,82.8,83.511
LEC,Albert Park,MEDIUM,17.0,17.0,0,81.1,84.356
LEC,Albert Park,MEDIUM,21.0,21.0,0,74.30000000000001,83.322
LEC,Albert Park,MEDIUM,22.0,22.0,0,72.6,83.416
LEC,Albert Park,MEDIUM,23.0,23.0,0,70.9,83.476
LEC,Albert Park,MEDIUM,24.0,24.0,0,69.2,83.66
LEC,Albert Park,HARD,2.0,27.0,0,64.1,83.106
LEC,Albert Park,HARD,3.0,28.0,0,62.4,83.089
LEC,Albert Park,HARD,4.0,29.0,0,60.7,82.987
LEC,Albert Park,HARD,5.0,30.0,0,59.0,83.026
LEC,Albert Park,HARD,6.0,31.0,0,57.3,82.934
LEC,Albert Park,HARD,7.0,32.0,0,55.6,82.947
LEC,Albert Park,HARD,8.0,33.0,0,53.9,83.174
LEC,Albert Park,HARD,10.0,35.0,0,50.5,83.542
LEC,Albert Park,HARD,11.0,36.0,0,48.8,84.376
LEC,Albert Park,HARD,12.0,37.0,0,47.1,83.236
LEC,Albert Park,HARD,13.0,38.0,0,45.400000000000006,82.579
LEC,Albert Park,HARD,14.0,39.0,0,43.7,82.728
LEC,Albert Park,HARD,15.0,40.0,0,42.0,82.93
LEC,Albert Park,HARD,16.0,41.0,0,40.3,82.995
LEC,Albert Park,HARD,17.0,42.0,0,38.60000000000001,82.846
LEC,Albert Park,HARD,18.0,43.0,0,36.900000000000006,82.75
LEC,Albert Park,HARD,19.0,44.0,0,35.2,83.094
LEC,Albert Park,HARD,20.0,45.0,0,33.5,83.16
LEC,Albert Park,HARD,21.0,46.0,0,31.8,82.894
LEC,Albert Park,HARD,22.0,47.0,0,30.10000000000001,82.952
LEC,Albert Park,HARD,23.0,48.0,0,28.40000000000001,82.899
LEC,Albert Park,HARD,24.0,49.0,0,26.700000000000003,83.364
LEC,Albert Park,HARD,25.0,50.0,0,25.0,83.2
LEC,Albert Park,HARD,26.0,51.0,0,23.3,82.989
LEC,Albert Park,HARD,27.0,52.0,0,21.60000000000001,83.049
LEC,Albert Park,HARD,28.0,53.0,0,19.90000000000001,83.014
LEC,Albert Park,HARD,29.0,54.0,0,18.200000000000003,83.045
LEC,Albert Park,HARD,30.0,55.0,0,16.5,82.825
LEC,Albert Park,HARD,31.0,56.0,0,14.799999999999995,82.965
LEC,Albert Park,HARD,32.0,57.0,0,13.100000000000009,83.098
LEC,Albert Park,HARD,33.0,58.0,0,11.400000000000006,83.317
STR,Albert Park,MEDIUM,8.0,8.0,0,96.4,87.644
STR,Albert Park,MEDIUM,10.0,10.0,0,93.0,87.614
STR,Albert Park,HARD,3.0,14.0,0,86.2,87.008
STR,Albert Park,HARD,4.0,15.0,0,84.5,86.872
STR,Albert Park,HARD,5.0,16.0,0,82.8,87.37
STR,Albert Park,HARD,11.0,22.0,0,72.6,87.48
STR,Albert Park,HARD,12.0,23.0,0,70.9,87.511
STR,Albert Park,HARD,13.0,24.0,0,69.2,87.122
STR,Albert Park,SOFT,2.0,28.0,0,62.4,86.074
STR,Albert Park,SOFT,3.0,29.0,0,60.7,86.064
STR,Albert Park,SOFT,4.0,30.0,0,59.0,87.416
STR,Albert Park,SOFT,5.0,31.0,0,57.3,86.387
STR,Albert Park,SOFT,7.0,33.0,0,53.9,86.528
STR,Albert Park,SOFT,2.0,36.0,0,48.8,85.41
STR,Albert Park,SOFT,3.0,37.0,0,47.1,86.32
STR,Albert Park,SOFT,4.0,38.0,0,45.400000000000006,86.37
STR,Albert Park,SOFT,2.0,41.0,0,40.3,85.444
STR,Albert Park,SOFT,3.0,42.0,0,38.60000000000001,85.707
STR,Albert Park,SOFT,4.0,43.0,0,36.900000000000006,85.919
ALB,Albert Park,MEDIUM,2.0,2.0,0,106.6,87.78
ALB,Albert Park,MEDIUM,3.0,3.0,0,104.9,87.512
ALB,Albert Park,MEDIUM,5.0,5.0,0,101.5,87.176
ALB,Albert Park,MEDIUM,6.0,6.0,0,99.8,86.436
ALB,Albert Park,MEDIUM,7.0,7.0,0,98.1,85.688
ALB,Albert Park,MEDIUM,8.0,8.0,0,96.4,85.558
ALB,Albert Park,MEDIUM,9.0,9.0,0,94.7,85.728
ALB,Albert Park,MEDIUM,10.0,10.0,0,93.0,86.03
ALB,Albert Park,HARD,2.0,14.0,0,86.2,85.379
ALB,Albert Park,HARD,3.0,15.0,0,84.5,85.035
ALB,Albert Park,HARD,5.0,17.0,0,81.1,85.662
ALB,Albert Park,HARD,8.0,20.0,0,76.0,85.041
ALB,Albert Park,HARD,9.0,21.0,0,74.30000000000001,85.065
ALB,Albert Park,HARD,10.0,22.0,0,72.6,85.297
ALB,Albert Park,HARD,11.0,23.0,0,70.9,85.258
ALB,Albert Park,HARD,12.0,24.0,0,69.2,85.334
ALB,Albert Park,HARD,13.0,25.0,0,67.5,85.569
ALB,Albert Park,HARD,14.0,26.0,0,65.80000000000001,85.782
ALB,Albert Park,HARD,15.0,27.0,0,64.1,85.734
ALB,Albert Park,HARD,16.0,28.0,0,62.4,86.642
ALB,Albert Park,HARD,17.0,29.0,0,60.7,86.614
ALB,Albert Park,HARD,18.0,30.0,0,59.0,86.472
ALB,Albert Park,HARD,19.0,31.0,0,57.3,86.523
ALB,Albert Park,HARD,20.0,32.0,0,55.6,86.459
ALB,Albert Park,SOFT,2.0,35.0,0,50.5,84.446
ALB,Albert Park,SOFT,3.0,36.0,0,48.8,84.375
ALB,Albert Park,SOFT,4.0,37.0,0,47.1,85.052
ALB,Albert Park,SOFT,5.0,38.0,0,45.400000000000006,86.338
ALB,Albert Park,SOFT,6.0,39.0,0,43.7,84.858
ALB,Albert Park,SOFT,7.0,40.0,0,42.0,86.672
ALB,Albert Park,SOFT,8.0,41.0,0,40.3,84.876
ALB,Albert Park,SOFT,9.0,42.0,0,38.60000000000001,84.858
ALB,Albert Park,SOFT,10.0,43.0,0,36.900000000000006,84.956
ALB,Albert Park,SOFT,11.0,44.0,0,35.2,84.841
ALB,Albert Park,SOFT,12.0,45.0,0,33.5,84.702
ALB,Albert Park,SOFT,13.0,46.0,0,31.8,84.777
ALB,Albert Park,SOFT,14.0,47.0,0,30.10000000000001,84.815
ALB,Albert Park,SOFT,15.0,48.0,0,28.40000000000001,84.773
ALB,Albert Park,SOFT,16.0,49.0,0,26.700000000000003,84.785
ALB,Albert Park,SOFT,17.0,50.0,0,25.0,84.856
ALB,Albert Park,SOFT,18.0,51.0,0,23.3,84.749
ALB,Albert Park,SOFT,19.0,52.0,0,21.60000000000001,84.764
ALB,Albert Park,SOFT,20.0,53.0,0,19.90000000000001,85.019
ALB,Albert Park,SOFT,21.0,54.0,0,18.200000000000003,84.861
ALB,Albert Park,SOFT,22.0,55.0,0,16.5,84.995
ALB,Albert Park,SOFT,23.0,56.0,0,14.799999999999995,86.387
ALB,Albert Park,SOFT,24.0,57.0,0,13.100000000000009,86.268
VER,Albert Park,HARD,2.0,2.0,0,106.6,86.828
VER,Albert Park,HARD,3.0,3.0,0,104.9,87.096
VER,Albert Park,HARD,4.0,4.0,0,103.2,86.571
VER,Albert Park,HARD,5.0,5.0,0,101.5,84.879
VER,Albert Park,HARD,6.0,6.0,0,99.8,84.968
VER,Albert Park,HARD,7.0,7.0,0,98.1,85.384
VER,Albert Park,HARD,8.0,8.0,0,96.4,84.707
VER,Albert Park,HARD,9.0,9.0,0,94.7,85.071
VER,Albert Park,HARD,10.0,10.0,0,93.0,85.133
VER,Albert Park,HARD,14.0,14.0,0,86.2,86.13
VER,Albert Park,HARD,15.0,15.0,0,84.5,84.098
VER,Albert Park,HARD,16.0,16.0,0,82.8,84.606
VER,Albert Park,HARD,17.0,17.0,0,81.1,84.757
VER,Albert Park,MEDIUM,2.0,20.0,0,76.0,83.566
VER,Albert Park,MEDIUM,3.0,21.0,0,74.30000000000001,83.536
VER,Albert Park,MEDIUM,4.0,22.0,0,72.6,83.458
VER,Albert Park,MEDIUM,5.0,23.0,0,70.9,83.516
VER,Albert Park,MEDIUM,6.0,24.0,0,69.2,83.472
VER,Albert Park,MEDIUM,7.0,25.0,0,67.5,83.554
VER,Albert Park,MEDIUM,8.0,26.0,0,65.80000000000001,83.363
VER,Albert Park,MEDIUM,9.0,27.0,0,64.1,83.74
VER,Albert Park,MEDIUM,10.0,28.0,0,62.4,83.463
VER,Albert Park,MEDIUM,11.0,29.0,0,60.7,83.439
VER,Albert Park,MEDIUM,12.0,30.0,0,59.0,83.39
VER,Albert Park,MEDIUM,13.0,31.0,0,57.3,83.51
VER,Albert Park,MEDIUM,14.0,32.0,0,55.6,83.587
VER,Albert Park,MEDIUM,15.0,33.0,0,53.9,83.93
VER,Albert Park,MEDIUM,17.0,35.0,0,50.5,84.556
VER,Albert Park,MEDIUM,18.0,36.0,0,48.8,83.967
VER,Albert Park,MEDIUM,19.0,37.0,0,47.1,83.675
VER,Albert Park,MEDIUM,20.0,38.0,0,45.400000000000006,83.912
VER,Albert Park,MEDIUM,21.0,39.0,0,43.7,83.715
VER,Albert Park,MEDIUM,22.0,40.0,0,42.0,84.595
VER,Albert Park,HARD,2.0,43.0,0,36.900000000000006,82.091
VER,Albert Park,HARD,3.0,44.0,0,35.2,82.52
VER,Albert Park,HARD,4.0,45.0,0,33.5,82.453
VER,Albert Park,HARD,5.0,46.0,0,31.8,82.81
VER,Albert Park,HARD,6.0,47.0,0,30.10000000000001,82.489
VER,Albert Park,HARD,7.0,48.0,0,28.40000000000001,82.906
VER,Albert Park,HARD,8.0,49.0,0,26.700000000000003,82.939
VER,Albert Park,HARD,9.0,50.0,0,25.0,82.738
VER,Albert Park,HARD,10.0,51.0,0,23.3,82.69
VER,Albert Park,HARD,11.0,52.0,0,21.60000000000001,82.683
VER,Albert Park,HARD,12.0,53.0,0,19.90000000000001,83.109
VER,Albert Park,HARD,13.0,54.0,0,18.200000000000003,83.09
VER,Albert Park,HARD,14.0,55.0,0,16.5,83.211
VER,Albert Park,HARD,15.0,56.0,0,14.799999999999995,83.109
VER,Albert Park,HARD,16.0,57.0,0,13.100000000000009,83.469
VER,Albert Park,HARD,17.0,58.0,0,11.400000000000006,83.533
LAW,Albert Park,MEDIUM,3.0,3.0,0,104.9,86.869
LAW,Albert Park,MEDIUM,4.0,4.0,0,103.2,86.661
LAW,Albert Park,MEDIUM,5.0,5.0,0,101.5,87.142
LAW,Albert Park,MEDIUM,7.0,7.0,0,98.1,86.644
LAW,Albert Park,MEDIUM,8.0,8.0,0,96.4,85.888
LAW,Albert Park,MEDIUM,9.0,9.0,0,94.7,86.025
LAW,Albert Park,MEDIUM,10.0,10.0,0,93.0,85.751
LAW,Albert Park,HARD,3.0,14.0,0,86.2,85.233
LAW,Albert Park,HARD,4.0,15.0,0,84.5,86.791
LAW,Albert Park,HARD,6.0,17.0,0,81.1,85.839
LAW,Albert Park,HARD,9.0,20.0,0,76.0,85.068
LAW,Albert Park,HARD,10.0,21.0,0,74.30000000000001,84.91
LAW,Albert Park,HARD,11.0,22.0,0,72.6,85.041
LAW,Albert Park,HARD,12.0,23.0,0,70.9,85.074
LAW,Albert Park,HARD,13.0,24.0,0,69.2,86.526
LAW,Albert Park,HARD,14.0,25.0,0,67.5,85.255
LAW,Albert Park,HARD,15.0,26.0,0,65.80000000000001,84.972
LAW,Albert Park,HARD,16.0,27.0,0,64.1,85.173
LAW,Albert Park,HARD,17.0,28.0,0,62.4,85.377
LAW,Albert Park,HARD,18.0,29.0,0,60.7,85.253
LAW,Albert Park,HARD,19.0,30.0,0,59.0,85.65
LAW,Albert Park,HARD,20.0,31.0,0,57.3,85.792
LAW,Albert Park,HARD,21.0,32.0,0,55.6,85.867
LAW,Albert Park,SOFT,2.0,35.0,0,50.5,84.21
LAW,Albert Park,SOFT,3.0,36.0,0,48.8,86.728
LAW,Albert Park,SOFT,4.0,37.0,0,47.1,85.74
LAW,Albert Park,SOFT,5.0,38.0,0,45.400000000000006,84.423
LAW,Albert Park,SOFT,6.0,39.0,0,43.7,84.124
LAW,Albert Park,SOFT,7.0,40.0,0,42.0,84.077
LAW,Albert Park,SOFT,8.0,41.0,0,40.3,83.92
LAW,Albert Park,SOFT,9.0,42.0,0,38.60000000000001,84.048
LAW,Albert Park,SOFT,10.0,43.0,0,36.900000000000006,84.232
LAW,Albert Park,SOFT,11.0,44.0,0,35.2,84.071
LAW,Albert Park,SOFT,12.0,45.0,0,33.5,84.31
LAW,Albert Park,SOFT,13.0,46.0,0,31.8,84.023
LAW,Albert Park,SOFT,14.0,47.0,0,30.10000000000001,83.783
LAW,Albert Park,SOFT,15.0,48.0,0,28.40000000000001,84.222
LAW,Albert Park,SOFT,16.0,49.0,0,26.700000000000003,83.932
LAW,Albert Park,SOFT,17.0,50.0,0,25.0,83.912
LAW,Albert Park,SOFT,18.0,51.0,0,23.3,84.46
LAW,Albert Park,SOFT,19.0,52.0,0,21.60000000000001,84.665
LAW,Albert Park,SOFT,20.0,53.0,0,19.90000000000001,85.162
LAW,Albert Park,SOFT,21.0,54.0,0,18.200000000000003,84.525
LAW,Albert Park,SOFT,22.0,55.0,0,16.5,85.123
LAW,Albert Park,SOFT,23.0,56.0,0,14.799999999999995,86.895
LAW,Albert Park,SOFT,24.0,57.0,0,13.100000000000009,86.317
OCO,Albert Park,MEDIUM,2.0,2.0,0,106.6,87.035
OCO,Albert Park,MEDIUM,3.0,3.0,0,104.9,86.567
OCO,Albert Park,MEDIUM,4.0,4.0,0,103.2,86.186
OCO,Albert Park,MEDIUM,5.0,5.0,0,101.5,86.808
OCO,Albert Park,MEDIUM,6.0,6.0,0,99.8,85.569
OCO,Albert Park,MEDIUM,7.0,7.0,0,98.1,85.087
OCO,Albert Park,MEDIUM,8.0,8.0,0,96.4,85.029
OCO,Albert Park,MEDIUM,9.0,9.0,0,94.7,85.552
OCO,Albert Park,MEDIUM,10.0,10.0,0,93.0,85.632
OCO,Albert Park,HARD,3.0,14.0,0,86.2,85.303
OCO,Albert Park,HARD,4.0,15.0,0,84.5,85.36
OCO,Albert Park,HARD,5.0,16.0,0,82.8,85.43
OCO,Albert Park,HARD,6.0,17.0,0,81.1,85.716
OCO,Albert Park,HARD,9.0,20.0,0,76.0,86.713
OCO,Albert Park,HARD,10.0,21.0,0,74.30000000000001,86.571
OCO,Albert Park,HARD,11.0,22.0,0,72.6,84.821
OCO,Albert Park,HARD,12.0,23.0,0,70.9,84.65
OCO,Albert Park,HARD,13.0,24.0,0,69.2,85.255
OCO,Albert Park,HARD,14.0,25.0,0,67.5,84.424
OCO,Albert Park,HARD,15.0,26.0,0,65.80000000000001,84.696
OCO,Albert Park,HARD,16.0,27.0,0,64.1,84.801
OCO,Albert Park,HARD,17.0,28.0,0,62.4,84.737
OCO,Albert Park,HARD,18.0,29.0,0,60.7,84.769
OCO,Albert Park,HARD,19.0,30.0,0,59.0,84.966
OCO,Albert Park,HARD,20.0,31.0,0,57.3,85.307
OCO,Albert Park,HARD,21.0,32.0,0,55.6,85.045
OCO,Albert Park,HARD,24.0,35.0,0,50.5,85.199
OCO,Albert Park,HARD,25.0,36.0,0,48.8,85.018
OCO,Albert Park,HARD,26.0,37.0,0,47.1,85.462
OCO,Albert Park,HARD,27.0,38.0,0,45.400000000000006,86.972
OCO,Albert Park,HARD,28.0,39.0,0,43.7,85.913
OCO,Albert Park,HARD,29.0,40.0,0,42.0,85.433
OCO,Albert Park,HARD,30.0,41.0,0,40.3,85.164
OCO,Albert Park,HARD,31.0,42.0,0,38.60000000000001,85.249
OCO,Albert Park,HARD,32.0,43.0,0,36.900000000000006,85.106
OCO,Albert Park,HARD,33.0,44.0,0,35.2,86.597
OCO,Albert Park,HARD,34.0,45.0,0,33.5,85.228
OCO,Albert Park,HARD,35.0,46.0,0,31.8,86.221
OCO,Albert Park,HARD,36.0,47.0,0,30.10000000000001,86.334
OCO,Albert Park,HARD,37.0,48.0,0,28.40000000000001,85.019
OCO,Albert Park,HARD,38.0,49.0,0,26.700000000000003,85.115
OCO,Albert Park,HARD,39.0,50.0,0,25.0,86.815
OCO,Albert Park,HARD,40.0,51.0,0,23.3,86.297
OCO,Albert Park,HARD,41.0,52.0,0,21.60000000000001,84.584
OCO,Albert Park,HARD,42.0,53.0,0,19.90000000000001,84.622
OCO,Albert Park,HARD,43.0,54.0,0,18.200000000000003,84.908
OCO,Albert Park,HARD,44.0,55.0,0,16.5,84.577
OCO,Albert Park,HARD,45.0,56.0,0,14.799999999999995,84.533
OCO,Albert Park,HARD,46.0,57.0,0,13.100000000000009,84.573
LIN,Albert Park,MEDIUM,2.0,2.0,0,106.6,87.218
LIN,Albert Park,MEDIUM,3.0,3.0,0,104.9,85.497
LIN,Albert Park,MEDIUM,4.0,4.0,0,103.2,86.072
LIN,Albert Park,MEDIUM,5.0,5.0,0,101.5,86.235
LIN,Albert Park,MEDIUM,6.0,6.0,0,99.8,85.392
LIN,Albert Park,MEDIUM,7.0,7.0,0,98.1,85.194
LIN,Albert Park,MEDIUM,8.0,8.0,0,96.4,85.26
LIN,Albert Park,MEDIUM,9.0,9.0,0,94.7,85.337
LIN,Albert Park,MEDIUM,10.0,10.0,0,93.0,85.565
LIN,Albert Park,MEDIUM,15.0,15.0,0,84.5,84.877
LIN,Albert Park,MEDIUM,16.0,16.0,0,82.8,85.898
LIN,Albert Park,MEDIUM,17.0,17.0,0,81.1,85.096
LIN,Albert Park,HARD,2.0,20.0,0,76.0,85.424
LIN,Albert Park,HARD,3.0,21.0,0,74.30000000000001,84.182
LIN,Albert Park,HARD,4.0,22.0,0,72.6,84.29
LIN,Albert Park,HARD,5.0,23.0,0,70.9,84.909
LIN,Albert Park,HARD,6.0,24.0,0,69.2,84.554
LIN,Albert Park,HARD,7.0,25.0,0,67.5,84.263
LIN,Albert Park,HARD,8.0,26.0,0,65.80000000000001,84.205
LIN,Albert Park,HARD,9.0,27.0,0,64.1,84.361
LIN,Albert Park,HARD,10.0,28.0,0,62.4,84.475
LIN,Albert Park,HARD,11.0,29.0,0,60.7,84.916
LIN,Albert Park,HARD,12.0,30.0,0,59.0,84.282
LIN,Albert Park,HARD,13.0,31.0,0,57.3,84.876
LIN,Albert Park,HARD,14.0,32.0,0,55.6,84.671
LIN,Albert Park,HARD,17.0,35.0,0,50.5,84.536
LIN,Albert Park,HARD,18.0,36.0,0,48.8,84.698
LIN,Albert Park,HARD,19.0,37.0,0,47.1,84.523
LIN,Albert Park,HARD,20.0,38.0,0,45.400000000000006,84.797
LIN,Albert Park,HARD,21.0,39.0,0,43.7,85.955
LIN,Albert Park,HARD,23.0,41.0,0,40.3,85.406
LIN,Albert Park,HARD,24.0,42.0,0,38.60000000000001,85.409
LIN,Albert Park,HARD,25.0,43.0,0,36.900000000000006,84.862
LIN,Albert Park,HARD,26.0,44.0,0,35.2,84.747
LIN,Albert Park,HARD,27.0,45.0,0,33.5,84.645
LIN,Albert Park,HARD,28.0,46.0,0,31.8,84.688
LIN,Albert Park,HARD,29.0,47.0,0,30.10000000000001,84.773
LIN,Albert Park,HARD,30.0,48.0,0,28.40000000000001,84.863
LIN,Albert Park,HARD,31.0,49.0,0,26.700000000000003,84.774
LIN,Albert Park,HARD,32.0,50.0,0,25.0,84.715
LIN,Albert Park,HARD,33.0,51.0,0,23.3,84.374
LIN,Albert Park,HARD,34.0,52.0,0,21.60000000000001,85.21
LIN,Albert Park,HARD,35.0,53.0,0,19.90000000000001,86.148
LIN,Albert Park,HARD,37.0,55.0,0,16.5,84.614
LIN,Albert Park,HARD,38.0,56.0,0,14.799999999999995,84.688
LIN,Albert Park,HARD,39.0,57.0,0,13.100000000000009,84.689
COL,Albert Park,HARD,3.0,3.0,0,104.9,86.935
COL,Albert Park,HARD,4.0,4.0,0,103.2,86.812
COL,Albert Park,HARD,5.0,5.0,0,101.5,87.512
COL,Albert Park,HARD,6.0,6.0,0,99.8,87.513
COL,Albert Park,HARD,7.0,7.0,0,98.1,86.068
COL,Albert Park,HARD,8.0,8.0,0,96.4,85.818
COL,Albert Park,HARD,14.0,14.0,0,86.2,86.663
COL,Albert Park,HARD,15.0,15.0,0,84.5,85.6
COL,Albert Park,HARD,16.0,16.0,0,82.8,85.911
COL,Albert Park,HARD,17.0,17.0,0,81.1,85.708
COL,Albert Park,HARD,20.0,20.0,0,76.0,85.331
COL,Albert Park,HARD,21.0,21.0,0,74.30000000000001,84.932
COL,Albert Park,HARD,22.0,22.0,0,72.6,85.011
COL,Albert Park,HARD,23.0,23.0,0,70.9,85.136
COL,Albert Park,HARD,24.0,24.0,0,69.2,85.449
COL,Albert Park,HARD,25.0,25.0,0,67.5,85.225
COL,Albert Park,HARD,26.0,26.0,0,65.80000000000001,85.174
COL,Albert Park,HARD,27.0,27.0,0,64.1,85.626
COL,Albert Park,HARD,28.0,28.0,0,62.4,86.172
COL,Albert Park,HARD,29.0,29.0,0,60.7,86.483
COL,Albert Park,HARD,30.0,30.0,0,59.0,85.566
COL,Albert Park,HARD,31.0,31.0,0,57.3,87.26
COL,Albert Park,HARD,32.0,32.0,0,55.6,85.707
COL,Albert Park,HARD,34.0,34.0,0,52.2,86.067
COL,Albert Park,HARD,35.0,35.0,0,50.5,85.633
COL,Albert Park,HARD,36.0,36.0,0,48.8,87.434
COL,Albert Park,HARD,37.0,37.0,0,47.1,87.047
COL,Albert Park,HARD,38.0,38.0,0,45.400000000000006,87.012
COL,Albert Park,HARD,39.0,39.0,0,43.7,86.964
COL,Albert Park,HARD,40.0,40.0,0,42.0,86.665
COL,Albert Park,HARD,41.0,41.0,0,40.3,86.469
COL,Albert Park,HARD,42.0,42.0,0,38.60000000000001,85.275
COL,Albert Park,HARD,43.0,43.0,0,36.900000000000006,85.381
COL,Albert Park,HARD,44.0,44.0,0,35.2,85.24
COL,Albert Park,HARD,45.0,45.0,0,33.5,84.939
COL,Albert Park,SOFT,2.0,48.0,0,28.40000000000001,82.926
COL,Albert Park,SOFT,3.0,49.0,0,26.700000000000003,83.259
COL,Albert Park,SOFT,4.0,50.0,0,25.0,83.721
COL,Albert Park,SOFT,5.0,51.0,0,23.3,85.633
COL,Albert Park,SOFT,6.0,52.0,0,21.60000000000001,85.151
COL,Albert Park,SOFT,7.0,53.0,0,19.90000000000001,87.12
COL,Albert Park,SOFT,8.0,54.0,0,18.200000000000003,83.988
COL,Albert Park,SOFT,9.0,55.0,0,16.5,83.912
COL,Albert Park,SOFT,10.0,56.0,0,14.799999999999995,83.621
HAM,Albert Park,MEDIUM,2.0,2.0,0,106.6,84.626
HAM,Albert Park,MEDIUM,3.0,3.0,0,104.9,84.874
HAM,Albert Park,MEDIUM,4.0,4.0,0,103.2,85.066
HAM,Albert Park,MEDIUM,5.0,5.0,0,101.5,84.502
HAM,Albert Park,MEDIUM,6.0,6.0,0,99.8,84.703
HAM,Albert Park,MEDIUM,7.0,7.0,0,98.1,84.365
HAM,Albert Park,MEDIUM,8.0,8.0,0,96.4,84.408
HAM,Albert Park,MEDIUM,9.0,9.0,0,94.7,85.844
HAM,Albert Park,MEDIUM,10.0,10.0,0,93.0,84.255
HAM,Albert Park,MEDIUM,11.0,11.0,0,91.3,84.073
HAM,Albert Park,MEDIUM,15.0,15.0,0,84.5,83.703
HAM,Albert Park,MEDIUM,16.0,16.0,0,82.8,83.412
HAM,Albert Park,MEDIUM,17.0,17.0,0,81.1,84.045
HAM,Albert Park,MEDIUM,21.0,21.0,0,74.30000000000001,83.617
HAM,Albert Park,MEDIUM,22.0,22.0,0,72.6,83.509
HAM,Albert Park,MEDIUM,23.0,23.0,0,70.9,83.382
HAM,Albert Park,MEDIUM,24.0,24.0,0,69.2,84.329
HAM,Albert Park,MEDIUM,25.0,25.0,0,67.5,83.66
HAM,Albert Park,MEDIUM,26.0,26.0,0,65.80000000000001,84.085
HAM,Albert Park,MEDIUM,27.0,27.0,0,64.1,83.76
HAM,Albert Park,HARD,2.0,30.0,0,59.0,83.474
HAM,Albert Park,HARD,3.0,31.0,0,57.3,83.129
HAM,Albert Park,HARD,4.0,32.0,0,55.6,83.185
HAM,Albert Park,HARD,5.0,33.0,0,53.9,83.775
HAM,Albert Park,HARD,7.0,35.0,0,50.5,83.317
HAM,Albert Park,HARD,8.0,36.0,0,48.8,83.338
HAM,Albert Park,HARD,9.0,37.0,0,47.1,83.086
HAM,Albert Park,HARD,10.0,38.0,0,45.400000000000006,82.688
HAM,Albert Park,HARD,11.0,39.0,0,43.7,82.536
HAM,Albert Park,HARD,12.0,40.0,0,42.0,82.55
HAM,Albert Park,HARD,13.0,41.0,0,40.3,82.648
HAM,Albert Park,HARD,14.0,42.0,0,38.60000000000001,82.636
HAM,Albert Park,HARD,15.0,43.0,0,36.900000000000006,82.559
HAM,Albert Park,HARD,16.0,44.0,0,35.2,82.837
HAM,Albert Park,HARD,17.0,45.0,0,33.5,82.529
HAM,Albert Park,HARD,18.0,46.0,0,31.8,82.945
HAM,Albert Park,HARD,19.0,47.0,0,30.10000000000001,82.677
HAM,Albert Park,HARD,20.0,48.0,0,28.40000000000001,82.764
HAM,Albert Park,HARD,21.0,49.0,0,26.700000000000003,82.835
HAM,Albert Park,HARD,22.0,50.0,0,25.0,83.31
HAM,Albert Park,HARD,23.0,51.0,0,23.3,82.683
HAM,Albert Park,HARD,24.0,52.0,0,21.60000000000001,83.008
HAM,Albert Park,HARD,25.0,53.0,0,19.90000000000001,83.165
HAM,Albert Park,HARD,26.0,54.0,0,18.200000000000003,82.554
HAM,Albert Park,HARD,27.0,55.0,0,16.5,82.423
HAM,Albert Park,HARD,28.0,56.0,0,14.799999999999995,82.5
HAM,Albert Park,HARD,29.0,57.0,0,13.100000000000009,82.716
HAM,Albert Park,HARD,30.0,58.0,0,11.400000000000006,82.637
BOR,Albert Park,MEDIUM,2.0,2.0,0,106.6,87.538
BOR,Albert Park,MEDIUM,3.0,3.0,0,104.9,86.324
BOR,Albert Park,MEDIUM,4.0,4.0,0,103.2,86.032
BOR,Albert Park,MEDIUM,5.0,5.0,0,101.5,86.327
BOR,Albert Park,MEDIUM,6.0,6.0,0,99.8,87.463
BOR,Albert Park,MEDIUM,7.0,7.0,0,98.1,85.785
BOR,Albert Park,MEDIUM,8.0,8.0,0,96.4,85.47
BOR,Albert Park,MEDIUM,9.0,9.0,0,94.7,85.224
BOR,Albert Park,MEDIUM,10.0,10.0,0,93.0,85.561
BOR,Albert Park,MEDIUM,14.0,14.0,0,86.2,85.958
BOR,Albert Park,MEDIUM,15.0,15.0,0,84.5,84.819
BOR,Albert Park,MEDIUM,16.0,16.0,0,82.8,84.98
BOR,Albert Park,MEDIUM,17.0,17.0,0,81.1,85.061
BOR,Albert Park,HARD,2.0,20.0,0,76.0,85.201
BOR,Albert Park,HARD,3.0,21.0,0,74.30000000000001,85.044
BOR,Albert Park,HARD,4.0,22.0,0,72.6,84.428
BOR,Albert Park,HARD,5.0,23.0,0,70.9,84.335
BOR,Albert Park,HARD,6.0,24.0,0,69.2,84.327
BOR,Albert Park,HARD,7.0,25.0,0,67.5,84.37
BOR,Albert Park,HARD,8.0,26.0,0,65.80000000000001,84.533
BOR,Albert Park,HARD,9.0,27.0,0,64.1,84.535
BOR,Albert Park,HARD,10.0,28.0,0,62.4,84.44
BOR,Albert Park,HARD,11.0,29.0,0,60.7,84.694
BOR,Albert Park,HARD,12.0,30.0,0,59.0,84.364
BOR,Albert Park,HARD,13.0,31.0,0,57.3,84.153
BOR,Albert Park,HARD,14.0,32.0,0,55.6,83.978
BOR,Albert Park,HARD,2.0,35.0,0,50.5,83.954
BOR,Albert Park,HARD,3.0,36.0,0,48.8,83.655
BOR,Albert Park,HARD,4.0,37.0,0,47.1,83.732
BOR,Albert Park,HARD,5.0,38.0,0,45.400000000000006,85.119
BOR,Albert Park,HARD,6.0,39.0,0,43.7,84.83
BOR,Albert Park,HARD,7.0,40.0,0,42.0,84.696
BOR,Albert Park,HARD,8.0,41.0,0,40.3,84.47
BOR,Albert Park,HARD,9.0,42.0,0,38.60000000000001,83.803
BOR,Albert Park,HARD,10.0,43.0,0,36.900000000000006,83.643
BOR,Albert Park,HARD,11.0,44.0,0,35.2,83.736
BOR,Albert Park,HARD,12.0,45.0,0,33.5,83.257
BOR,Albert Park,HARD,13.0,46.0,0,31.8,83.346
BOR,Albert Park,HARD,14.0,47.0,0,30.10000000000001,83.976
BOR,Albert Park,HARD,15.0,48.0,0,28.40000000000001,85.008
BOR,Albert Park,HARD,16.0,49.0,0,26.700000000000003,84.889
BOR,Albert Park,HARD,17.0,50.0,0,25.0,84.324
BOR,Albert Park,HARD,18.0,51.0,0,23.3,85.635
BOR,Albert Park,HARD,19.0,52.0,0,21.60000000000001,84.359
BOR,Albert Park,HARD,20.0,53.0,0,19.90000000000001,86.063
BOR,Albert Park,HARD,21.0,54.0,0,18.200000000000003,84.548
BOR,Albert Park,HARD,22.0,55.0,0,16.5,85.268
BOR,Albert Park,HARD,23.0,56.0,0,14.799999999999995,84.515
BOR,Albert Park,HARD,24.0,57.0,0,13.100000000000009,84.821
SAI,Albert Park,SOFT,4.0,4.0,0,103.2,87.216
SAI,Albert Park,SOFT,5.0,5.0,0,101.5,87.511
SAI,Albert Park,SOFT,6.0,6.0,0,99.8,86.872
SAI,Albert Park,SOFT,7.0,7.0,0,98.1,85.698
SAI,Albert Park,SOFT,8.0,8.0,0,96.4,85.433
SAI,Albert Park,SOFT,9.0,9.0,0,94.7,85.826
SAI,Albert Park,SOFT,10.0,10.0,0,93.0,86.202
SAI,Albert Park,HARD,3.0,14.0,0,86.2,84.927
SAI,Albert Park,HARD,4.0,15.0,0,84.5,84.824
SAI,Albert Park,HARD,5.0,16.0,0,82.8,84.94
SAI,Albert Park,HARD,6.0,17.0,0,81.1,85.151
SAI,Albert Park,HARD,9.0,20.0,0,76.0,85.394
SAI,Albert Park,HARD,10.0,21.0,0,74.30000000000001,85.409
SAI,Albert Park,HARD,11.0,22.0,0,72.6,85.37
SAI,Albert Park,HARD,12.0,23.0,0,70.9,85.6
SAI,Albert Park,HARD,13.0,24.0,0,69.2,85.704
SAI,Albert Park,HARD,14.0,25.0,0,67.5,86.122
SAI,Albert Park,HARD,15.0,26.0,0,65.80000000000001,86.141
SAI,Albert Park,HARD,16.0,27.0,0,64.1,86.124
SAI,Albert Park,HARD,17.0,28.0,0,62.4,86.796
SAI,Albert Park,HARD,19.0,30.0,0,59.0,87.095
SAI,Albert Park,HARD,20.0,31.0,0,57.3,86.639
SAI,Albert Park,HARD,21.0,32.0,0,55.6,87.386
SAI,Albert Park,MEDIUM,2.0,35.0,0,50.5,84.881
SAI,Albert Park,MEDIUM,3.0,36.0,0,48.8,84.804
SAI,Albert Park,MEDIUM,4.0,37.0,0,47.1,85.21
SAI,Albert Park,MEDIUM,5.0,38.0,0,45.400000000000006,87.205
SAI,Albert Park,MEDIUM,6.0,39.0,0,43.7,87.266
SAI,Albert Park,MEDIUM,7.0,40.0,0,42.0,86.222
SAI,Albert Park,MEDIUM,8.0,41.0,0,40.3,86.717
SAI,Albert Park,MEDIUM,9.0,42.0,0,38.60000000000001,85.361
SAI,Albert Park,MEDIUM,10.0,43.0,0,36.900000000000006,85.287
SAI,Albert Park,MEDIUM,11.0,44.0,0,35.2,85.529
SAI,Albert Park,SOFT,3.0,48.0,0,28.40000000000001,84.977
SAI,Albert Park,SOFT,4.0,49.0,0,26.700000000000003,83.922
SAI,Albert Park,SOFT,5.0,50.0,0,25.0,83.6
SAI,Albert Park,SOFT,6.0,51.0,0,23.3,83.87
SAI,Albert Park,SOFT,7.0,52.0,0,21.60000000000001,83.59
SAI,Albert Park,SOFT,9.0,54.0,0,18.200000000000003,84.266
SAI,Albert Park,SOFT,10.0,55.0,0,16.5,83.809
SAI,Albert Park,SOFT,11.0,56.0,0,14.799999999999995,84.823
HAD,Albert Park,MEDIUM,2.0,2.0,0,106.6,85.987
HAD,Albert Park,MEDIUM,3.0,3.0,0,104.9,85.556
HAD,Albert Park,MEDIUM,4.0,4.0,0,103.2,85.342
HAD,Albert Park,MEDIUM,5.0,5.0,0,101.5,85.355
HAD,Albert Park,MEDIUM,6.0,6.0,0,99.8,85.879
HAD,Albert Park,MEDIUM,7.0,7.0,0,98.1,85.445
HAD,Albert Park,MEDIUM,8.0,8.0,0,96.4,85.313
HAD,Albert Park,MEDIUM,9.0,9.0,0,94.7,85.239
HAD,Albert Park,MEDIUM,10.0,10.0,0,93.0,85.363
RUS,Albert Park,MEDIUM,2.0,2.0,0,106.6,85.007
RUS,Albert Park,MEDIUM,3.0,3.0,0,104.9,86.444
RUS,Albert Park,MEDIUM,4.0,4.0,0,103.2,84.789
RUS,Albert Park,MEDIUM,5.0,5.0,0,101.5,84.017
RUS,Albert Park,MEDIUM,6.0,6.0,0,99.8,84.639
RUS,Albert Park,MEDIUM,7.0,7.0,0,98.1,84.099
RUS,Albert Park,MEDIUM,8.0,8.0,0,96.4,85.19
RUS,Albert Park,MEDIUM,9.0,9.0,0,94.7,85.978
RUS,Albert Park,MEDIUM,10.0,10.0,0,93.0,84.112
RUS,Albert Park,MEDIUM,11.0,11.0,0,91.3,83.967
RUS,Albert Park,HARD,2.0,14.0,0,86.2,87.094
RUS,Albert Park,HARD,3.0,15.0,0,84.5,82.825
RUS,Albert Park,HARD,4.0,16.0,0,82.8,82.923
RUS,Albert Park,HARD,5.0,17.0,0,81.1,82.765
RUS,Albert Park,HARD,9.0,21.0,0,74.30000000000001,82.67
RUS,Albert Park,HARD,10.0,22.0,0,72.6,82.892
RUS,Albert Park,HARD,11.0,23.0,0,70.9,82.828
RUS,Albert Park,HARD,12.0,24.0,0,69.2,83.466
RUS,Albert Park,HARD,13.0,25.0,0,67.5,82.879
RUS,Albert Park,HARD,14.0,26.0,0,65.80000000000001,83.093
RUS,Albert Park,HARD,15.0,27.0,0,64.1,83.188
RUS,Albert Park,HARD,16.0,28.0,0,62.4,83.39
RUS,Albert Park,HARD,17.0,29.0,0,60.7,83.486
RUS,Albert Park,HARD,18.0,30.0,0,59.0,83.272
RUS,Albert Park,HARD,19.0,31.0,0,57.3,83.147
RUS,Albert Park,HARD,20.0,32.0,0,55.6,83.54
RUS,Albert Park,HARD,21.0,33.0,0,53.9,83.838
RUS,Albert Park,HARD,23.0,35.0,0,50.5,83.017
RUS,Albert Park,HARD,24.0,36.0,0,48.8,82.729
RUS,Albert Park,HARD,25.0,37.0,0,47.1,82.839
RUS,Albert Park,HARD,26.0,38.0,0,45.400000000000006,82.863
RUS,Albert Park,HARD,27.0,39.0,0,43.7,82.738
RUS,Albert Park,HARD,28.0,40.0,0,42.0,82.915
RUS,Albert Park,HARD,29.0,41.0,0,40.3,83.073
RUS,Albert Park,HARD,30.0,42.0,0,38.60000000000001,83.054
RUS,Albert Park,HARD,31.0,43.0,0,36.900000000000006,82.893
RUS,Albert Park,HARD,32.0,44.0,0,35.2,82.856
RUS,Albert Park,HARD,33.0,45.0,0,33.5,83.477
RUS,Albert Park,HARD,34.0,46.0,0,31.8,83.751
RUS,Albert Park,HARD,35.0,47.0,0,30.10000000000001,83.033
RUS,Albert Park,HARD,36.0,48.0,0,28.40000000000001,83.034
RUS,Albert Park,HARD,37.0,49.0,0,26.700000000000003,82.844
RUS,Albert Park,HARD,38.0,50.0,0,25.0,83.087
RUS,Albert Park,HARD,39.0,51.0,0,23.3,82.762
RUS,Albert Park,HARD,40.0,52.0,0,21.60000000000001,83.106
RUS,Albert Park,HARD,41.0,53.0,0,19.90000000000001,83.069
RUS,Albert Park,HARD,42.0,54.0,0,18.200000000000003,83.1
RUS,Albert Park,HARD,43.0,55.0,0,16.5,82.67
RUS,Albert Park,HARD,44.0,56.0,0,14.799999999999995,82.757
RUS,Albert Park,HARD,45.0,57.0,0,13.100000000000009,83.188
RUS,Albert Park,HARD,46.0,58.0,0,11.400000000000006,83.351
BOT,Albert Park,HARD,5.0,5.0,0,101.5,87.738
BOT,Albert Park,HARD,6.0,6.0,0,99.8,87.804
BOT,Albert Park,HARD,7.0,7.0,0,98.1,87.457
BOT,Albert Park,HARD,8.0,8.0,0,96.4,87.364
BOT,Albert Park,HARD,9.0,9.0,0,94.7,87.679
BOT,Albert Park,HARD,10.0,10.0,0,93.0,87.661
BEA,Albert Park,MEDIUM,2.0,2.0,0,106.6,87.321
BEA,Albert Park,MEDIUM,3.0,3.0,0,104.9,86.384
BEA,Albert Park,MEDIUM,4.0,4.0,0,103.2,85.92
BEA,Albert Park,MEDIUM,5.0,5.0,0,101.5,86.003
BEA,Albert Park,MEDIUM,6.0,6.0,0,99.8,85.969
BEA,Albert Park,MEDIUM,7.0,7.0,0,98.1,85.195
BEA,Albert Park,MEDIUM,8.0,8.0,0,96.4,86.046
BEA,Albert Park,MEDIUM,9.0,9.0,0,94.7,85.397
BEA,Albert Park,MEDIUM,10.0,10.0,0,93.0,85.668
BEA,Albert Park,MEDIUM,14.0,14.0,0,86.2,85.628
BEA,Albert Park,MEDIUM,15.0,15.0,0,84.5,84.562
BEA,Albert Park,MEDIUM,16.0,16.0,0,82.8,84.563
BEA,Albert Park,MEDIUM,17.0,17.0,0,81.1,84.807
BEA,Albert Park,HARD,2.0,20.0,0,76.0,85.186
BEA,Albert Park,HARD,3.0,21.0,0,74.30000000000001,84.203
BEA,Albert Park,HARD,4.0,22.0,0,72.6,84.02
BEA,Albert Park,HARD,5.0,23.0,0,70.9,84.968
BEA,Albert Park,HARD,6.0,24.0,0,69.2,84.692
BEA,Albert Park,HARD,7.0,25.0,0,67.5,84.058
BEA,Albert Park,HARD,8.0,26.0,0,65.80000000000001,84.155
BEA,Albert Park,HARD,9.0,27.0,0,64.1,84.284
BEA,Albert Park,HARD,10.0,28.0,0,62.4,84.216
BEA,Albert Park,HARD,11.0,29.0,0,60.7,85.315
BEA,Albert Park,HARD,12.0,30.0,0,59.0,84.509
BEA,Albert Park,HARD,13.0,31.0,0,57.3,84.627
BEA,Albert Park,HARD,14.0,32.0,0,55.6,85.006
BEA,Albert Park,HARD,17.0,35.0,0,50.5,84.914
BEA,Albert Park,HARD,18.0,36.0,0,48.8,84.598
BEA,Albert Park,HARD,19.0,37.0,0,47.1,84.5
BEA,Albert Park,HARD,20.0,38.0,0,45.400000000000006,85.093
BEA,Albert Park,HARD,21.0,39.0,0,43.7,84.756
BEA,Albert Park,HARD,22.0,40.0,0,42.0,86.988
BEA,Albert Park,HARD,23.0,41.0,0,40.3,85.049
BEA,Albert Park,HARD,24.0,42.0,0,38.60000000000001,84.503
BEA,Albert Park,HARD,25.0,43.0,0,36.900000000000006,84.549
BEA,Albert Park,HARD,26.0,44.0,0,35.2,84.612
BEA,Albert Park,HARD,27.0,45.0,0,33.5,84.13
BEA,Albert Park,HARD,28.0,46.0,0,31.8,84.55
BEA,Albert Park,HARD,29.0,47.0,0,30.10000000000001,84.76
BEA,Albert Park,HARD,30.0,48.0,0,28.40000000000001,84.404
BEA,Albert Park,HARD,31.0,49.0,0,26.700000000000003,84.281
BEA,Albert Park,HARD,32.0,50.0,0,25.0,84.467
BEA,Albert Park,HARD,33.0,51.0,0,23.3,84.233
BEA,Albert Park,HARD,34.0,52.0,0,21.60000000000001,84.264
BEA,Albert Park,HARD,35.0,53.0,0,19.90000000000001,84.615
BEA,Albert Park,HARD,36.0,54.0,0,18.200000000000003,84.61
BEA,Albert Park,HARD,37.0,55.0,0,16.5,84.5
BEA,Albert Park,HARD,38.0,56.0,0,14.799999999999995,86.439
BEA,Albert Park,HARD,39.0,57.0,0,13.100000000000009,86.649
GAS,Shanghai,MEDIUM,2.0,2.0,0,106.6,98.917
GAS,Shanghai,MEDIUM,3.0,3.0,0,104.9,98.923
GAS,Shanghai,MEDIUM,4.0,4.0,0,103.2,98.717
GAS,Shanghai,MEDIUM,5.0,5.0,0,101.5,98.474
GAS,Shanghai,MEDIUM,6.0,6.0,0,99.8,98.298
GAS,Shanghai,MEDIUM,7.0,7.0,0,98.1,98.635
GAS,Shanghai,MEDIUM,8.0,8.0,0,96.4,98.427
GAS,Shanghai,MEDIUM,9.0,9.0,0,94.7,98.609
GAS,Shanghai,HARD,4.0,14.0,0,86.2,100.408
GAS,Shanghai,HARD,5.0,15.0,0,84.5,98.883
GAS,Shanghai,HARD,6.0,16.0,0,82.8,98.644
GAS,Shanghai,HARD,7.0,17.0,0,81.1,98.238
GAS,Shanghai,HARD,8.0,18.0,0,79.4,97.593
GAS,Shanghai,HARD,9.0,19.0,0,77.7,99.325
GAS,Shanghai,HARD,10.0,20.0,0,76.0,99.504
GAS,Shanghai,HARD,11.0,21.0,0,74.30000000000001,99.208
GAS,Shanghai,HARD,12.0,22.0,0,72.6,99.338
GAS,Shanghai,HARD,13.0,23.0,0,70.9,98.067
GAS,Shanghai,HARD,14.0,24.0,0,69.2,98.373
GAS,Shanghai,HARD,15.0,25.0,0,67.5,98.568
GAS,Shanghai,HARD,16.0,26.0,0,65.80000000000001,97.82
GAS,Shanghai,HARD,17.0,27.0,0,64.1,98.163
GAS,Shanghai,HARD,18.0,28.0,0,62.4,98.225
GAS,Shanghai,HARD,19.0,29.0,0,60.7,97.566
GAS,Shanghai,HARD,20.0,30.0,0,59.0,98.132
GAS,Shanghai,HARD,21.0,31.0,0,57.3,97.634
GAS,Shanghai,HARD,22.0,32.0,0,55.6,97.253
GAS,Shanghai,HARD,23.0,33.0,0,53.9,97.123
GAS,Shanghai,HARD,24.0,34.0,0,52.2,97.193
GAS,Shanghai,HARD,25.0,35.0,0,50.5,97.293
GAS,Shanghai,HARD,26.0,36.0,0,48.8,97.103
GAS,Shanghai,HARD,27.0,37.0,0,47.1,96.752
GAS,Shanghai,HARD,28.0,38.0,0,45.400000000000006,96.672
GAS,Shanghai,HARD,29.0,39.0,0,43.7,96.754
GAS,Shanghai,HARD,30.0,40.0,0,42.0,96.865
GAS,Shanghai,HARD,31.0,41.0,0,40.3,97.214
GAS,Shanghai,HARD,32.0,42.0,0,38.60000000000001,97.026
GAS,Shanghai,HARD,33.0,43.0,0,36.900000000000006,96.877
GAS,Shanghai,HARD,34.0,44.0,0,35.2,96.764
GAS,Shanghai,HARD,35.0,45.0,0,33.5,96.895
GAS,Shanghai,HARD,36.0,46.0,0,31.8,96.748
GAS,Shanghai,HARD,37.0,47.0,0,30.10000000000001,97.584
GAS,Shanghai,HARD,38.0,48.0,0,28.40000000000001,97.01
GAS,Shanghai,HARD,39.0,49.0,0,26.700000000000003,96.752
GAS,Shanghai,HARD,40.0,50.0,0,25.0,97.04
GAS,Shanghai,HARD,41.0,51.0,0,23.3,96.753
GAS,Shanghai,HARD,42.0,52.0,0,21.60000000000001,96.642
GAS,Shanghai,HARD,43.0,53.0,0,19.90000000000001,96.505
GAS,Shanghai,HARD,44.0,54.0,0,18.200000000000003,96.682
GAS,Shanghai,HARD,45.0,55.0,0,16.5,96.638
GAS,Shanghai,HARD,46.0,56.0,0,14.799999999999995,96.569
PER,Shanghai,MEDIUM,2.0,2.0,0,106.6,101.066
PER,Shanghai,MEDIUM,3.0,3.0,0,104.9,101.224
PER,Shanghai,MEDIUM,4.0,4.0,0,103.2,100.934
PER,Shanghai,MEDIUM,5.0,5.0,0,101.5,100.978
PER,Shanghai,MEDIUM,6.0,6.0,0,99.8,100.557
PER,Shanghai,MEDIUM,7.0,7.0,0,98.1,100.918
PER,Shanghai,MEDIUM,8.0,8.0,0,96.4,101.103
PER,Shanghai,MEDIUM,9.0,9.0,0,94.7,101.781
PER,Shanghai,HARD,3.0,14.0,0,86.2,101.759
PER,Shanghai,HARD,4.0,15.0,0,84.5,100.004
PER,Shanghai,HARD,5.0,16.0,0,82.8,99.621
PER,Shanghai,HARD,7.0,18.0,0,79.4,99.321
PER,Shanghai,HARD,8.0,19.0,0,77.7,99.731
PER,Shanghai,HARD,9.0,20.0,0,76.0,100.134
PER,Shanghai,HARD,10.0,21.0,0,74.30000000000001,99.682
PER,Shanghai,HARD,11.0,22.0,0,72.6,99.622
PER,Shanghai,HARD,12.0,23.0,0,70.9,99.75
PER,Shanghai,HARD,13.0,24.0,0,69.2,99.736
PER,Shanghai,HARD,14.0,25.0,0,67.5,100.542
PER,Shanghai,HARD,15.0,26.0,0,65.80000000000001,100.01
PER,Shanghai,HARD,16.0,27.0,0,64.1,100.307
PER,Shanghai,HARD,17.0,28.0,0,62.4,99.583
PER,Shanghai,HARD,18.0,29.0,0,60.7,100.437
PER,Shanghai,HARD,19.0,30.0,0,59.0,100.016
PER,Shanghai,HARD,20.0,31.0,0,57.3,99.977
PER,Shanghai,HARD,21.0,32.0,0,55.6,99.799
PER,Shanghai,HARD,22.0,33.0,0,53.9,100.106
PER,Shanghai,HARD,23.0,34.0,0,52.2,100.185
PER,Shanghai,HARD,24.0,35.0,0,50.5,99.48
PER,Shanghai,HARD,25.0,36.0,0,48.8,99.551
PER,Shanghai,HARD,26.0,37.0,0,47.1,99.606
PER,Shanghai,HARD,27.0,38.0,0,45.400000000000006,100.111
PER,Shanghai,HARD,28.0,39.0,0,43.7,99.616
PER,Shanghai,HARD,29.0,40.0,0,42.0,99.591
PER,Shanghai,HARD,30.0,41.0,0,40.3,100.557
PER,Shanghai,HARD,31.0,42.0,0,38.60000000000001,99.127
PER,Shanghai,HARD,32.0,43.0,0,36.900000000000006,101.151
PER,Shanghai,HARD,35.0,46.0,0,31.8,100.983
PER,Shanghai,HARD,36.0,47.0,0,30.10000000000001,99.88
PER,Shanghai,HARD,37.0,48.0,0,28.40000000000001,100.227
PER,Shanghai,HARD,38.0,49.0,0,26.700000000000003,99.462
PER,Shanghai,HARD,39.0,50.0,0,25.0,98.523
PER,Shanghai,HARD,40.0,51.0,0,23.3,99.014
PER,Shanghai,HARD,41.0,52.0,0,21.60000000000001,99.526
PER,Shanghai,HARD,42.0,53.0,0,19.90000000000001,98.959
PER,Shanghai,HARD,43.0,54.0,0,18.200000000000003,99.076
PER,Shanghai,HARD,44.0,55.0,0,16.5,98.898
ANT,Shanghai,MEDIUM,1.0,1.0,0,108.3,100.137
ANT,Shanghai,MEDIUM,2.0,2.0,0,106.6,98.305
ANT,Shanghai,MEDIUM,3.0,3.0,0,104.9,98.013
ANT,Shanghai,MEDIUM,4.0,4.0,0,103.2,97.394
ANT,Shanghai,MEDIUM,5.0,5.0,0,101.5,97.535
ANT,Shanghai,MEDIUM,6.0,6.0,0,99.8,97.172
ANT,Shanghai,MEDIUM,7.0,7.0,0,98.1,97.412
ANT,Shanghai,MEDIUM,8.0,8.0,0,96.4,97.322
ANT,Shanghai,MEDIUM,9.0,9.0,0,94.7,97.356
ANT,Shanghai,HARD,4.0,14.0,0,86.2,98.957
ANT,Shanghai,HARD,5.0,15.0,0,84.5,98.222
ANT,Shanghai,HARD,6.0,16.0,0,82.8,96.604
ANT,Shanghai,HARD,7.0,17.0,0,81.1,96.555
ANT,Shanghai,HARD,8.0,18.0,0,79.4,97.059
ANT,Shanghai,HARD,9.0,19.0,0,77.7,96.816
ANT,Shanghai,HARD,10.0,20.0,0,76.0,96.762
ANT,Shanghai,HARD,11.0,21.0,0,74.30000000000001,96.929
ANT,Shanghai,HARD,12.0,22.0,0,72.6,96.612
ANT,Shanghai,HARD,13.0,23.0,0,70.9,96.806
ANT,Shanghai,HARD,14.0,24.0,0,69.2,96.513
ANT,Shanghai,HARD,15.0,25.0,0,67.5,96.514
ANT,Shanghai,HARD,16.0,26.0,0,65.80000000000001,96.588
ANT,Shanghai,HARD,17.0,27.0,0,64.1,96.59
ANT,Shanghai,HARD,18.0,28.0,0,62.4,96.589
ANT,Shanghai,HARD,19.0,29.0,0,60.7,96.381
ANT,Shanghai,HARD,20.0,30.0,0,59.0,96.166
ANT,Shanghai,HARD,21.0,31.0,0,57.3,96.108
ANT,Shanghai,HARD,22.0,32.0,0,55.6,95.983
ANT,Shanghai,HARD,23.0,33.0,0,53.9,96.443
ANT,Shanghai,HARD,24.0,34.0,0,52.2,96.021
ANT,Shanghai,HARD,25.0,35.0,0,50.5,96.037
ANT,Shanghai,HARD,26.0,36.0,0,48.8,96.014
ANT,Shanghai,HARD,27.0,37.0,0,47.1,96.159
ANT,Shanghai,HARD,28.0,38.0,0,45.400000000000006,95.526
ANT,Shanghai,HARD,29.0,39.0,0,43.7,95.494
ANT,Shanghai,HARD,30.0,40.0,0,42.0,96.15
ANT,Shanghai,HARD,31.0,41.0,0,40.3,95.343
ANT,Shanghai,HARD,32.0,42.0,0,38.60000000000001,95.93
ANT,Shanghai,HARD,33.0,43.0,0,36.900000000000006,95.936
ANT,Shanghai,HARD,34.0,44.0,0,35.2,95.332
ANT,Shanghai,HARD,35.0,45.0,0,33.5,95.528
ANT,Shanghai,HARD,36.0,46.0,0,31.8,95.282
ANT,Shanghai,HARD,37.0,47.0,0,30.10000000000001,95.501
ANT,Shanghai,HARD,38.0,48.0,0,28.40000000000001,95.706
ANT,Shanghai,HARD,39.0,49.0,0,26.700000000000003,95.523
ANT,Shanghai,HARD,40.0,50.0,0,25.0,95.659
ANT,Shanghai,HARD,41.0,51.0,0,23.3,96.011
ANT,Shanghai,HARD,42.0,52.0,0,21.60000000000001,95.275
ANT,Shanghai,HARD,43.0,53.0,0,19.90000000000001,97.53
ANT,Shanghai,HARD,44.0,54.0,0,18.200000000000003,96.176
ANT,Shanghai,HARD,45.0,55.0,0,16.5,96.378
ANT,Shanghai,HARD,46.0,56.0,0,14.799999999999995,96.929
ALO,Shanghai,HARD,3.0,3.0,0,104.9,101.588
ALO,Shanghai,HARD,4.0,4.0,0,103.2,100.471
ALO,Shanghai,HARD,5.0,5.0,0,101.5,101.554
ALO,Shanghai,HARD,6.0,6.0,0,99.8,101.824
ALO,Shanghai,HARD,7.0,7.0,0,98.1,101.659
ALO,Shanghai,HARD,8.0,8.0,0,96.4,101.113
ALO,Shanghai,HARD,9.0,9.0,0,94.7,101.631
ALO,Shanghai,HARD,15.0,15.0,0,84.5,101.183
ALO,Shanghai,HARD,16.0,16.0,0,82.8,100.26
ALO,Shanghai,HARD,17.0,17.0,0,81.1,100.363
ALO,Shanghai,HARD,18.0,18.0,0,79.4,101.241
ALO,Shanghai,HARD,19.0,19.0,0,77.7,100.356
ALO,Shanghai,HARD,20.0,20.0,0,76.0,100.254
ALO,Shanghai,HARD,21.0,21.0,0,74.30000000000001,99.812
ALO,Shanghai,HARD,22.0,22.0,0,72.6,99.938
ALO,Shanghai,HARD,23.0,23.0,0,70.9,99.801
ALO,Shanghai,HARD,24.0,24.0,0,69.2,99.767
ALO,Shanghai,HARD,25.0,25.0,0,67.5,99.721
ALO,Shanghai,HARD,26.0,26.0,0,65.80000000000001,99.755
ALO,Shanghai,HARD,27.0,27.0,0,64.1,100.242
ALO,Shanghai,HARD,28.0,28.0,0,62.4,99.745
ALO,Shanghai,HARD,29.0,29.0,0,60.7,99.945
ALO,Shanghai,HARD,30.0,30.0,0,59.0,100.349
LEC,Shanghai,MEDIUM,1.0,1.0,0,108.3,101.064
LEC,Shanghai,MEDIUM,2.0,2.0,0,106.6,98.558
LEC,Shanghai,MEDIUM,3.0,3.0,0,104.9,99.148
LEC,Shanghai,MEDIUM,4.0,4.0,0,103.2,97.835
LEC,Shanghai,MEDIUM,5.0,5.0,0,101.5,97.863
LEC,Shanghai,MEDIUM,6.0,6.0,0,99.8,98.136
LEC,Shanghai,MEDIUM,7.0,7.0,0,98.1,97.994
LEC,Shanghai,MEDIUM,8.0,8.0,0,96.4,97.794
LEC,Shanghai,MEDIUM,9.0,9.0,0,94.7,98.13
LEC,Shanghai,HARD,4.0,14.0,0,86.2,99.851
LEC,Shanghai,HARD,5.0,15.0,0,84.5,97.205
LEC,Shanghai,HARD,6.0,16.0,0,82.8,97.306
LEC,Shanghai,HARD,7.0,17.0,0,81.1,96.877
LEC,Shanghai,HARD,8.0,18.0,0,79.4,96.599
LEC,Shanghai,HARD,9.0,19.0,0,77.7,96.861
LEC,Shanghai,HARD,10.0,20.0,0,76.0,96.833
LEC,Shanghai,HARD,11.0,21.0,0,74.30000000000001,96.705
LEC,Shanghai,HARD,12.0,22.0,0,72.6,96.643
LEC,Shanghai,HARD,13.0,23.0,0,70.9,96.813
LEC,Shanghai,HARD,14.0,24.0,0,69.2,97.277
LEC,Shanghai,HARD,15.0,25.0,0,67.5,97.681
LEC,Shanghai,HARD,16.0,26.0,0,65.80000000000001,97.574
LEC,Shanghai,HARD,17.0,27.0,0,64.1,97.872
LEC,Shanghai,HARD,18.0,28.0,0,62.4,97.076
LEC,Shanghai,HARD,19.0,29.0,0,60.7,97.107
LEC,Shanghai,HARD,20.0,30.0,0,59.0,96.797
LEC,Shanghai,HARD,21.0,31.0,0,57.3,96.409
LEC,Shanghai,HARD,22.0,32.0,0,55.6,96.624
LEC,Shanghai,HARD,23.0,33.0,0,53.9,96.55
LEC,Shanghai,HARD,24.0,34.0,0,52.2,96.729
LEC,Shanghai,HARD,25.0,35.0,0,50.5,98.511
LEC,Shanghai,HARD,26.0,36.0,0,48.8,97.247
LEC,Shanghai,HARD,27.0,37.0,0,47.1,96.767
LEC,Shanghai,HARD,28.0,38.0,0,45.400000000000006,96.759
LEC,Shanghai,HARD,29.0,39.0,0,43.7,96.993
LEC,Shanghai,HARD,30.0,40.0,0,42.0,98.256
LEC,Shanghai,HARD,31.0,41.0,0,40.3,96.84
LEC,Shanghai,HARD,32.0,42.0,0,38.60000000000001,96.795
LEC,Shanghai,HARD,33.0,43.0,0,36.900000000000006,96.584
LEC,Shanghai,HARD,34.0,44.0,0,35.2,96.649
LEC,Shanghai,HARD,35.0,45.0,0,33.5,97.224
LEC,Shanghai,HARD,36.0,46.0,0,31.8,96.271
LEC,Shanghai,HARD,37.0,47.0,0,30.10000000000001,96.204
LEC,Shanghai,HARD,38.0,48.0,0,28.40000000000001,96.228
LEC,Shanghai,HARD,39.0,49.0,0,26.700000000000003,96.331
LEC,Shanghai,HARD,40.0,50.0,0,25.0,96.387
LEC,Shanghai,HARD,41.0,51.0,0,23.3,96.744
LEC,Shanghai,HARD,42.0,52.0,0,21.60000000000001,96.324
LEC,Shanghai,HARD,43.0,53.0,0,19.90000000000001,96.32
LEC,Shanghai,HARD,44.0,54.0,0,18.200000000000003,96.213
LEC,Shanghai,HARD,45.0,55.0,0,16.5,96.134
LEC,Shanghai,HARD,46.0,56.0,0,14.799999999999995,96.011
STR,Shanghai,HARD,2.0,2.0,0,106.6,101.83
STR,Shanghai,HARD,3.0,3.0,0,104.9,101.798
STR,Shanghai,HARD,4.0,4.0,0,103.2,101.854
STR,Shanghai,HARD,5.0,5.0,0,101.5,100.992
STR,Shanghai,HARD,6.0,6.0,0,99.8,100.971
STR,Shanghai,HARD,7.0,7.0,0,98.1,100.956
STR,Shanghai,HARD,8.0,8.0,0,96.4,101.174
STR,Shanghai,HARD,9.0,9.0,0,94.7,100.883
HUL,Shanghai,HARD,2.0,2.0,0,106.6,101.634
HUL,Shanghai,HARD,3.0,3.0,0,104.9,99.907
HUL,Shanghai,HARD,4.0,4.0,0,103.2,99.517
HUL,Shanghai,HARD,5.0,5.0,0,101.5,99.264
HUL,Shanghai,HARD,6.0,6.0,0,99.8,98.775
HUL,Shanghai,HARD,7.0,7.0,0,98.1,99.39
HUL,Shanghai,HARD,8.0,8.0,0,96.4,99.027
HUL,Shanghai,HARD,9.0,9.0,0,94.7,99.164
HUL,Shanghai,HARD,14.0,14.0,0,86.2,100.945
HUL,Shanghai,HARD,15.0,15.0,0,84.5,99.198
HUL,Shanghai,HARD,16.0,16.0,0,82.8,99.566
HUL,Shanghai,HARD,17.0,17.0,0,81.1,99.235
HUL,Shanghai,HARD,18.0,18.0,0,79.4,98.874
HUL,Shanghai,HARD,19.0,19.0,0,77.7,98.382
HUL,Shanghai,HARD,20.0,20.0,0,76.0,98.824
HUL,Shanghai,HARD,21.0,21.0,0,74.30000000000001,98.394
HUL,Shanghai,HARD,22.0,22.0,0,72.6,98.443
HUL,Shanghai,HARD,23.0,23.0,0,70.9,99.496
HUL,Shanghai,HARD,24.0,24.0,0,69.2,98.712
HUL,Shanghai,HARD,25.0,25.0,0,67.5,98.588
HUL,Shanghai,HARD,26.0,26.0,0,65.80000000000001,98.302
HUL,Shanghai,HARD,27.0,27.0,0,64.1,97.959
HUL,Shanghai,HARD,28.0,28.0,0,62.4,98.15
HUL,Shanghai,HARD,29.0,29.0,0,60.7,98.677
HUL,Shanghai,HARD,30.0,30.0,0,59.0,97.859
HUL,Shanghai,HARD,31.0,31.0,0,57.3,97.762
HUL,Shanghai,HARD,32.0,32.0,0,55.6,98.296
HUL,Shanghai,HARD,33.0,33.0,0,53.9,98.663
HUL,Shanghai,HARD,34.0,34.0,0,52.2,98.427
HUL,Shanghai,MEDIUM,2.0,37.0,0,47.1,96.62
HUL,Shanghai,MEDIUM,3.0,38.0,0,45.400000000000006,96.18
HUL,Shanghai,MEDIUM,4.0,39.0,0,43.7,97.116
HUL,Shanghai,MEDIUM,5.0,40.0,0,42.0,96.873
HUL,Shanghai,MEDIUM,6.0,41.0,0,40.3,96.625
HUL,Shanghai,MEDIUM,7.0,42.0,0,38.60000000000001,98.675
HUL,Shanghai,MEDIUM,8.0,43.0,0,36.900000000000006,96.761
HUL,Shanghai,MEDIUM,9.0,44.0,0,35.2,96.868
HUL,Shanghai,MEDIUM,10.0,45.0,0,33.5,96.901
HUL,Shanghai,MEDIUM,11.0,46.0,0,31.8,96.985
HUL,Shanghai,MEDIUM,12.0,47.0,0,30.10000000000001,98.763
HUL,Shanghai,MEDIUM,13.0,48.0,0,28.40000000000001,96.776
HUL,Shanghai,MEDIUM,14.0,49.0,0,26.700000000000003,98.064
HUL,Shanghai,MEDIUM,15.0,50.0,0,25.0,97.696
HUL,Shanghai,MEDIUM,16.0,51.0,0,23.3,97.505
HUL,Shanghai,MEDIUM,17.0,52.0,0,21.60000000000001,97.614
HUL,Shanghai,MEDIUM,18.0,53.0,0,19.90000000000001,97.97
HUL,Shanghai,MEDIUM,19.0,54.0,0,18.200000000000003,97.609
HUL,Shanghai,MEDIUM,20.0,55.0,0,16.5,97.571
VER,Shanghai,SOFT,5.0,2.0,0,106.6,100.295
VER,Shanghai,SOFT,6.0,3.0,0,104.9,99.08
VER,Shanghai,SOFT,7.0,4.0,0,103.2,99.12
VER,Shanghai,SOFT,8.0,5.0,0,101.5,99.582
VER,Shanghai,SOFT,9.0,6.0,0,99.8,99.206
VER,Shanghai,SOFT,10.0,7.0,0,98.1,99.574
VER,Shanghai,SOFT,11.0,8.0,0,96.4,99.465
VER,Shanghai,HARD,5.0,14.0,0,86.2,99.573
VER,Shanghai,HARD,6.0,15.0,0,84.5,99.068
VER,Shanghai,HARD,7.0,16.0,0,82.8,98.953
VER,Shanghai,HARD,8.0,17.0,0,81.1,98.267
VER,Shanghai,HARD,9.0,18.0,0,79.4,97.35
VER,Shanghai,HARD,10.0,19.0,0,77.7,99.035
VER,Shanghai,HARD,11.0,20.0,0,76.0,98.531
VER,Shanghai,HARD,12.0,21.0,0,74.30000000000001,98.768
VER,Shanghai,HARD,13.0,22.0,0,72.6,98.147
VER,Shanghai,HARD,14.0,23.0,0,70.9,98.039
VER,Shanghai,HARD,15.0,24.0,0,69.2,97.88
VER,Shanghai,HARD,16.0,25.0,0,67.5,97.869
VER,Shanghai,HARD,17.0,26.0,0,65.80000000000001,97.38
VER,Shanghai,HARD,18.0,27.0,0,64.1,97.645
VER,Shanghai,HARD,19.0,28.0,0,62.4,97.368
VER,Shanghai,HARD,20.0,29.0,0,60.7,97.672
VER,Shanghai,HARD,21.0,30.0,0,59.0,97.587
VER,Shanghai,HARD,22.0,31.0,0,57.3,97.518
VER,Shanghai,HARD,23.0,32.0,0,55.6,97.76
VER,Shanghai,HARD,24.0,33.0,0,53.9,97.381
VER,Shanghai,HARD,25.0,34.0,0,52.2,97.41
VER,Shanghai,HARD,26.0,35.0,0,50.5,97.49
VER,Shanghai,HARD,27.0,36.0,0,48.8,97.229
VER,Shanghai,HARD,28.0,37.0,0,47.1,97.15
VER,Shanghai,HARD,29.0,38.0,0,45.400000000000006,97.063
VER,Shanghai,HARD,30.0,39.0,0,43.7,97.046
VER,Shanghai,HARD,31.0,40.0,0,42.0,97.255
VER,Shanghai,HARD,32.0,41.0,0,40.3,97.405
VER,Shanghai,HARD,33.0,42.0,0,38.60000000000001,97.383
VER,Shanghai,HARD,34.0,43.0,0,36.900000000000006,97.123
VER,Shanghai,HARD,35.0,44.0,0,35.2,97.092
LAW,Shanghai,MEDIUM,2.0,2.0,0,106.6,99.798
LAW,Shanghai,MEDIUM,3.0,3.0,0,104.9,98.947
LAW,Shanghai,MEDIUM,4.0,4.0,0,103.2,99.114
LAW,Shanghai,MEDIUM,5.0,5.0,0,101.5,100.055
LAW,Shanghai,MEDIUM,6.0,6.0,0,99.8,99.51
LAW,Shanghai,MEDIUM,7.0,7.0,0,98.1,99.709
LAW,Shanghai,MEDIUM,8.0,8.0,0,96.4,99.878
LAW,Shanghai,HARD,5.0,14.0,0,86.2,100.779
LAW,Shanghai,HARD,6.0,15.0,0,84.5,99.02
LAW,Shanghai,HARD,7.0,16.0,0,82.8,99.437
LAW,Shanghai,HARD,8.0,17.0,0,81.1,98.909
LAW,Shanghai,HARD,9.0,18.0,0,79.4,98.709
LAW,Shanghai,HARD,10.0,19.0,0,77.7,98.989
LAW,Shanghai,HARD,11.0,20.0,0,76.0,99.187
LAW,Shanghai,HARD,12.0,21.0,0,74.30000000000001,98.491
LAW,Shanghai,HARD,13.0,22.0,0,72.6,98.8
LAW,Shanghai,HARD,14.0,23.0,0,70.9,98.552
LAW,Shanghai,HARD,15.0,24.0,0,69.2,98.546
LAW,Shanghai,HARD,16.0,25.0,0,67.5,98.599
LAW,Shanghai,HARD,17.0,26.0,0,65.80000000000001,98.445
LAW,Shanghai,HARD,18.0,27.0,0,64.1,98.358
LAW,Shanghai,HARD,19.0,28.0,0,62.4,98.389
LAW,Shanghai,HARD,20.0,29.0,0,60.7,98.308
LAW,Shanghai,HARD,21.0,30.0,0,59.0,97.894
LAW,Shanghai,HARD,22.0,31.0,0,57.3,98.084
LAW,Shanghai,HARD,23.0,32.0,0,55.6,97.959
LAW,Shanghai,HARD,24.0,33.0,0,53.9,97.898
LAW,Shanghai,HARD,25.0,34.0,0,52.2,98.224
LAW,Shanghai,HARD,26.0,35.0,0,50.5,98.009
LAW,Shanghai,HARD,27.0,36.0,0,48.8,97.981
LAW,Shanghai,HARD,28.0,37.0,0,47.1,97.972
LAW,Shanghai,HARD,29.0,38.0,0,45.400000000000006,97.568
LAW,Shanghai,HARD,30.0,39.0,0,43.7,97.763
LAW,Shanghai,HARD,31.0,40.0,0,42.0,97.81
LAW,Shanghai,HARD,32.0,41.0,0,40.3,97.616
LAW,Shanghai,HARD,33.0,42.0,0,38.60000000000001,97.556
LAW,Shanghai,HARD,34.0,43.0,0,36.900000000000006,97.561
LAW,Shanghai,HARD,35.0,44.0,0,35.2,97.354
LAW,Shanghai,HARD,36.0,45.0,0,33.5,97.547
LAW,Shanghai,HARD,37.0,46.0,0,31.8,97.369
LAW,Shanghai,HARD,38.0,47.0,0,30.10000000000001,97.298
LAW,Shanghai,HARD,39.0,48.0,0,28.40000000000001,97.443
LAW,Shanghai,HARD,40.0,49.0,0,26.700000000000003,97.457
LAW,Shanghai,HARD,41.0,50.0,0,25.0,97.201
LAW,Shanghai,HARD,42.0,51.0,0,23.3,97.393
LAW,Shanghai,HARD,43.0,52.0,0,21.60000000000001,97.324
LAW,Shanghai,HARD,44.0,53.0,0,19.90000000000001,97.35
LAW,Shanghai,HARD,45.0,54.0,0,18.200000000000003,97.202
LAW,Shanghai,HARD,46.0,55.0,0,16.5,97.166
LAW,Shanghai,HARD,47.0,56.0,0,14.799999999999995,97.096
OCO,Shanghai,HARD,2.0,2.0,0,106.6,99.736
OCO,Shanghai,HARD,3.0,3.0,0,104.9,99.082
OCO,Shanghai,HARD,4.0,4.0,0,103.2,99.102
OCO,Shanghai,HARD,5.0,5.0,0,101.5,98.846
OCO,Shanghai,HARD,6.0,6.0,0,99.8,98.758
OCO,Shanghai,HARD,7.0,7.0,0,98.1,99.086
OCO,Shanghai,HARD,8.0,8.0,0,96.4,99.015
OCO,Shanghai,HARD,9.0,9.0,0,94.7,99.018
OCO,Shanghai,HARD,14.0,14.0,0,86.2,100.325
OCO,Shanghai,HARD,15.0,15.0,0,84.5,99.043
OCO,Shanghai,HARD,16.0,16.0,0,82.8,99.417
OCO,Shanghai,HARD,17.0,17.0,0,81.1,98.357
OCO,Shanghai,HARD,18.0,18.0,0,79.4,98.671
OCO,Shanghai,HARD,19.0,19.0,0,77.7,99.911
OCO,Shanghai,HARD,20.0,20.0,0,76.0,98.991
OCO,Shanghai,HARD,21.0,21.0,0,74.30000000000001,99.822
OCO,Shanghai,HARD,22.0,22.0,0,72.6,98.7
OCO,Shanghai,HARD,23.0,23.0,0,70.9,98.334
OCO,Shanghai,HARD,24.0,24.0,0,69.2,98.85
OCO,Shanghai,HARD,25.0,25.0,0,67.5,98.331
OCO,Shanghai,HARD,26.0,26.0,0,65.80000000000001,97.825
OCO,Shanghai,HARD,27.0,27.0,0,64.1,98.121
OCO,Shanghai,HARD,28.0,28.0,0,62.4,98.669
OCO,Shanghai,MEDIUM,2.0,31.0,0,57.3,96.926
OCO,Shanghai,MEDIUM,3.0,32.0,0,55.6,97.104
OCO,Shanghai,MEDIUM,5.0,34.0,0,52.2,98.474
OCO,Shanghai,MEDIUM,6.0,35.0,0,50.5,98.037
OCO,Shanghai,MEDIUM,7.0,36.0,0,48.8,98.817
OCO,Shanghai,MEDIUM,8.0,37.0,0,47.1,97.83
OCO,Shanghai,MEDIUM,9.0,38.0,0,45.400000000000006,97.694
OCO,Shanghai,MEDIUM,10.0,39.0,0,43.7,98.017
OCO,Shanghai,MEDIUM,11.0,40.0,0,42.0,98.068
OCO,Shanghai,MEDIUM,12.0,41.0,0,40.3,97.901
OCO,Shanghai,MEDIUM,13.0,42.0,0,38.60000000000001,98.014
OCO,Shanghai,MEDIUM,14.0,43.0,0,36.900000000000006,99.758
OCO,Shanghai,MEDIUM,15.0,44.0,0,35.2,97.846
OCO,Shanghai,MEDIUM,16.0,45.0,0,33.5,99.146
OCO,Shanghai,SOFT,2.0,48.0,0,28.40000000000001,96.461
OCO,Shanghai,SOFT,3.0,49.0,0,26.700000000000003,96.746
OCO,Shanghai,SOFT,4.0,50.0,0,25.0,96.427
OCO,Shanghai,SOFT,5.0,51.0,0,23.3,96.476
OCO,Shanghai,SOFT,6.0,52.0,0,21.60000000000001,97.671
OCO,Shanghai,SOFT,7.0,53.0,0,19.90000000000001,96.642
OCO,Shanghai,SOFT,8.0,54.0,0,18.200000000000003,95.964
OCO,Shanghai,SOFT,9.0,55.0,0,16.5,96.281
LIN,Shanghai,HARD,2.0,2.0,0,106.6,101.049
LIN,Shanghai,HARD,3.0,3.0,0,104.9,99.308
LIN,Shanghai,HARD,4.0,4.0,0,103.2,99.298
LIN,Shanghai,HARD,5.0,5.0,0,101.5,99.395
LIN,Shanghai,HARD,6.0,6.0,0,99.8,99.363
LIN,Shanghai,HARD,7.0,7.0,0,98.1,99.198
LIN,Shanghai,HARD,8.0,8.0,0,96.4,99.45
LIN,Shanghai,HARD,9.0,9.0,0,94.7,99.859
LIN,Shanghai,HARD,14.0,14.0,0,86.2,100.873
LIN,Shanghai,HARD,15.0,15.0,0,84.5,99.084
LIN,Shanghai,HARD,16.0,16.0,0,82.8,99.328
LIN,Shanghai,HARD,17.0,17.0,0,81.1,99.287
LIN,Shanghai,HARD,18.0,18.0,0,79.4,99.47
LIN,Shanghai,HARD,19.0,19.0,0,77.7,99.363
LIN,Shanghai,HARD,20.0,20.0,0,76.0,99.466
LIN,Shanghai,HARD,21.0,21.0,0,74.30000000000001,99.78
LIN,Shanghai,HARD,22.0,22.0,0,72.6,99.306
LIN,Shanghai,HARD,23.0,23.0,0,70.9,98.456
LIN,Shanghai,HARD,24.0,24.0,0,69.2,98.975
LIN,Shanghai,HARD,25.0,25.0,0,67.5,99.529
LIN,Shanghai,HARD,26.0,26.0,0,65.80000000000001,99.139
LIN,Shanghai,HARD,28.0,28.0,0,62.4,99.843
LIN,Shanghai,HARD,29.0,29.0,0,60.7,98.66
LIN,Shanghai,HARD,30.0,30.0,0,59.0,98.503
LIN,Shanghai,HARD,31.0,31.0,0,57.3,98.543
LIN,Shanghai,HARD,32.0,32.0,0,55.6,98.387
LIN,Shanghai,HARD,33.0,33.0,0,53.9,98.223
LIN,Shanghai,HARD,34.0,34.0,0,52.2,98.471
LIN,Shanghai,HARD,35.0,35.0,0,50.5,98.321
LIN,Shanghai,HARD,36.0,36.0,0,48.8,98.052
LIN,Shanghai,HARD,37.0,37.0,0,47.1,98.067
LIN,Shanghai,HARD,38.0,38.0,0,45.400000000000006,97.97
LIN,Shanghai,HARD,39.0,39.0,0,43.7,98.031
LIN,Shanghai,HARD,40.0,40.0,0,42.0,98.037
LIN,Shanghai,HARD,41.0,41.0,0,40.3,100.061
LIN,Shanghai,MEDIUM,2.0,44.0,0,35.2,96.338
LIN,Shanghai,MEDIUM,3.0,45.0,0,33.5,96.104
LIN,Shanghai,MEDIUM,4.0,46.0,0,31.8,96.099
LIN,Shanghai,MEDIUM,5.0,47.0,0,30.10000000000001,96.147
LIN,Shanghai,MEDIUM,6.0,48.0,0,28.40000000000001,96.224
LIN,Shanghai,MEDIUM,7.0,49.0,0,26.700000000000003,96.203
LIN,Shanghai,MEDIUM,8.0,50.0,0,25.0,96.382
LIN,Shanghai,MEDIUM,9.0,51.0,0,23.3,96.782
LIN,Shanghai,MEDIUM,10.0,52.0,0,21.60000000000001,96.945
LIN,Shanghai,MEDIUM,11.0,53.0,0,19.90000000000001,97.164
LIN,Shanghai,MEDIUM,12.0,54.0,0,18.200000000000003,97.477
LIN,Shanghai,MEDIUM,13.0,55.0,0,16.5,97.504
COL,Shanghai,HARD,2.0,2.0,0,106.6,99.308
COL,Shanghai,HARD,3.0,3.0,0,104.9,98.925
COL,Shanghai,HARD,4.0,4.0,0,103.2,98.865
COL,Shanghai,HARD,5.0,5.0,0,101.5,98.91
COL,Shanghai,HARD,6.0,6.0,0,99.8,98.734
COL,Shanghai,HARD,7.0,7.0,0,98.1,98.805
COL,Shanghai,HARD,8.0,8.0,0,96.4,98.959
COL,Shanghai,HARD,9.0,9.0,0,94.7,99.036
COL,Shanghai,HARD,14.0,14.0,0,86.2,99.465
COL,Shanghai,HARD,15.0,15.0,0,84.5,98.829
COL,Shanghai,HARD,16.0,16.0,0,82.8,100.106
COL,Shanghai,HARD,17.0,17.0,0,81.1,98.383
COL,Shanghai,HARD,18.0,18.0,0,79.4,98.946
COL,Shanghai,HARD,19.0,19.0,0,77.7,99.566
COL,Shanghai,HARD,20.0,20.0,0,76.0,98.955
COL,Shanghai,HARD,21.0,21.0,0,74.30000000000001,99.324
COL,Shanghai,HARD,22.0,22.0,0,72.6,99.182
COL,Shanghai,HARD,23.0,23.0,0,70.9,98.493
COL,Shanghai,HARD,24.0,24.0,0,69.2,98.447
COL,Shanghai,HARD,25.0,25.0,0,67.5,98.384
COL,Shanghai,HARD,26.0,26.0,0,65.80000000000001,98.07
COL,Shanghai,HARD,27.0,27.0,0,64.1,98.288
COL,Shanghai,HARD,28.0,28.0,0,62.4,99.299
COL,Shanghai,HARD,29.0,29.0,0,60.7,98.724
COL,Shanghai,HARD,30.0,30.0,0,59.0,98.235
COL,Shanghai,HARD,31.0,31.0,0,57.3,97.802
COL,Shanghai,MEDIUM,2.0,34.0,0,52.2,97.233
COL,Shanghai,MEDIUM,3.0,35.0,0,50.5,96.783
COL,Shanghai,MEDIUM,4.0,36.0,0,48.8,97.023
COL,Shanghai,MEDIUM,5.0,37.0,0,47.1,96.958
COL,Shanghai,MEDIUM,6.0,38.0,0,45.400000000000006,96.819
COL,Shanghai,MEDIUM,7.0,39.0,0,43.7,97.217
COL,Shanghai,MEDIUM,8.0,40.0,0,42.0,96.841
COL,Shanghai,MEDIUM,9.0,41.0,0,40.3,97.448
COL,Shanghai,MEDIUM,10.0,42.0,0,38.60000000000001,97.53
COL,Shanghai,MEDIUM,11.0,43.0,0,36.900000000000006,97.381
COL,Shanghai,MEDIUM,12.0,44.0,0,35.2,97.075
COL,Shanghai,MEDIUM,13.0,45.0,0,33.5,97.426
COL,Shanghai,MEDIUM,14.0,46.0,0,31.8,97.139
COL,Shanghai,MEDIUM,15.0,47.0,0,30.10000000000001,97.504
COL,Shanghai,MEDIUM,16.0,48.0,0,28.40000000000001,97.598
COL,Shanghai,MEDIUM,17.0,49.0,0,26.700000000000003,99.052
COL,Shanghai,MEDIUM,18.0,50.0,0,25.0,97.592
COL,Shanghai,MEDIUM,19.0,51.0,0,23.3,97.781
COL,Shanghai,MEDIUM,20.0,52.0,0,21.60000000000001,98.022
COL,Shanghai,MEDIUM,21.0,53.0,0,19.90000000000001,99.609
COL,Shanghai,MEDIUM,22.0,54.0,0,18.200000000000003,98.685
COL,Shanghai,MEDIUM,23.0,55.0,0,16.5,98.237
HAM,Shanghai,MEDIUM,1.0,1.0,0,108.3,99.448
HAM,Shanghai,MEDIUM,2.0,2.0,0,106.6,99.561
HAM,Shanghai,MEDIUM,3.0,3.0,0,104.9,98.587
HAM,Shanghai,MEDIUM,4.0,4.0,0,103.2,98.234
HAM,Shanghai,MEDIUM,5.0,5.0,0,101.5,97.636
HAM,Shanghai,MEDIUM,6.0,6.0,0,99.8,97.962
HAM,Shanghai,MEDIUM,7.0,7.0,0,98.1,98.221
HAM,Shanghai,MEDIUM,8.0,8.0,0,96.4,97.929
HAM,Shanghai,MEDIUM,9.0,9.0,0,94.7,98.371
HAM,Shanghai,HARD,4.0,14.0,0,86.2,98.966
HAM,Shanghai,HARD,5.0,15.0,0,84.5,97.073
HAM,Shanghai,HARD,6.0,16.0,0,82.8,96.931
HAM,Shanghai,HARD,7.0,17.0,0,81.1,96.697
HAM,Shanghai,HARD,8.0,18.0,0,79.4,97.117
HAM,Shanghai,HARD,9.0,19.0,0,77.7,97.103
HAM,Shanghai,HARD,10.0,20.0,0,76.0,96.915
HAM,Shanghai,HARD,11.0,21.0,0,74.30000000000001,96.972
HAM,Shanghai,HARD,12.0,22.0,0,72.6,97.006
HAM,Shanghai,HARD,13.0,23.0,0,70.9,97.049
HAM,Shanghai,HARD,14.0,24.0,0,69.2,98.223
HAM,Shanghai,HARD,15.0,25.0,0,67.5,97.893
HAM,Shanghai,HARD,16.0,26.0,0,65.80000000000001,96.739
HAM,Shanghai,HARD,17.0,27.0,0,64.1,99.232
HAM,Shanghai,HARD,18.0,28.0,0,62.4,97.218
HAM,Shanghai,HARD,19.0,29.0,0,60.7,96.771
HAM,Shanghai,HARD,20.0,30.0,0,59.0,96.685
HAM,Shanghai,HARD,21.0,31.0,0,57.3,96.496
HAM,Shanghai,HARD,22.0,32.0,0,55.6,96.629
HAM,Shanghai,HARD,23.0,33.0,0,53.9,96.496
HAM,Shanghai,HARD,24.0,34.0,0,52.2,96.752
HAM,Shanghai,HARD,25.0,35.0,0,50.5,97.337
HAM,Shanghai,HARD,26.0,36.0,0,48.8,97.001
HAM,Shanghai,HARD,27.0,37.0,0,47.1,96.649
HAM,Shanghai,HARD,28.0,38.0,0,45.400000000000006,96.876
HAM,Shanghai,HARD,29.0,39.0,0,43.7,98.092
HAM,Shanghai,HARD,30.0,40.0,0,42.0,96.952
HAM,Shanghai,HARD,31.0,41.0,0,40.3,96.471
HAM,Shanghai,HARD,32.0,42.0,0,38.60000000000001,96.516
HAM,Shanghai,HARD,33.0,43.0,0,36.900000000000006,96.218
HAM,Shanghai,HARD,34.0,44.0,0,35.2,96.24
HAM,Shanghai,HARD,35.0,45.0,0,33.5,96.396
HAM,Shanghai,HARD,36.0,46.0,0,31.8,96.309
HAM,Shanghai,HARD,37.0,47.0,0,30.10000000000001,96.204
HAM,Shanghai,HARD,38.0,48.0,0,28.40000000000001,96.151
HAM,Shanghai,HARD,39.0,49.0,0,26.700000000000003,96.385
HAM,Shanghai,HARD,40.0,50.0,0,25.0,96.237
HAM,Shanghai,HARD,41.0,51.0,0,23.3,96.134
HAM,Shanghai,HARD,42.0,52.0,0,21.60000000000001,96.296
HAM,Shanghai,HARD,43.0,53.0,0,19.90000000000001,96.199
HAM,Shanghai,HARD,44.0,54.0,0,18.200000000000003,96.44
HAM,Shanghai,HARD,45.0,55.0,0,16.5,96.092
HAM,Shanghai,HARD,46.0,56.0,0,14.799999999999995,96.103
SAI,Shanghai,MEDIUM,2.0,2.0,0,106.6,100.743
SAI,Shanghai,MEDIUM,3.0,3.0,0,104.9,99.987
SAI,Shanghai,MEDIUM,4.0,4.0,0,103.2,98.988
SAI,Shanghai,MEDIUM,5.0,5.0,0,101.5,99.754
SAI,Shanghai,MEDIUM,6.0,6.0,0,99.8,100.138
SAI,Shanghai,MEDIUM,7.0,7.0,0,98.1,100.631
SAI,Shanghai,MEDIUM,8.0,8.0,0,96.4,99.913
SAI,Shanghai,HARD,5.0,14.0,0,86.2,100.484
SAI,Shanghai,HARD,6.0,15.0,0,84.5,99.125
SAI,Shanghai,HARD,7.0,16.0,0,82.8,99.428
SAI,Shanghai,HARD,8.0,17.0,0,81.1,99.029
SAI,Shanghai,HARD,9.0,18.0,0,79.4,98.657
SAI,Shanghai,HARD,10.0,19.0,0,77.7,99.119
SAI,Shanghai,HARD,11.0,20.0,0,76.0,99.397
SAI,Shanghai,HARD,12.0,21.0,0,74.30000000000001,99.144
SAI,Shanghai,HARD,13.0,22.0,0,72.6,100.245
SAI,Shanghai,HARD,14.0,23.0,0,70.9,99.101
SAI,Shanghai,HARD,15.0,24.0,0,69.2,98.964
SAI,Shanghai,HARD,16.0,25.0,0,67.5,98.754
SAI,Shanghai,HARD,17.0,26.0,0,65.80000000000001,98.708
SAI,Shanghai,HARD,18.0,27.0,0,64.1,99.708
SAI,Shanghai,HARD,19.0,28.0,0,62.4,98.672
SAI,Shanghai,HARD,20.0,29.0,0,60.7,98.814
SAI,Shanghai,HARD,21.0,30.0,0,59.0,98.509
SAI,Shanghai,HARD,22.0,31.0,0,57.3,98.46
SAI,Shanghai,HARD,23.0,32.0,0,55.6,98.339
SAI,Shanghai,HARD,24.0,33.0,0,53.9,98.462
SAI,Shanghai,HARD,25.0,34.0,0,52.2,98.763
SAI,Shanghai,HARD,26.0,35.0,0,50.5,98.672
SAI,Shanghai,HARD,27.0,36.0,0,48.8,98.744
SAI,Shanghai,HARD,28.0,37.0,0,47.1,98.48
SAI,Shanghai,HARD,29.0,38.0,0,45.400000000000006,98.495
SAI,Shanghai,HARD,30.0,39.0,0,43.7,98.585
SAI,Shanghai,HARD,31.0,40.0,0,42.0,98.358
SAI,Shanghai,HARD,32.0,41.0,0,40.3,98.421
SAI,Shanghai,HARD,33.0,42.0,0,38.60000000000001,98.272
SAI,Shanghai,HARD,34.0,43.0,0,36.900000000000006,98.283
SAI,Shanghai,HARD,35.0,44.0,0,35.2,98.268
SAI,Shanghai,HARD,36.0,45.0,0,33.5,98.104
SAI,Shanghai,HARD,37.0,46.0,0,31.8,98.034
SAI,Shanghai,HARD,38.0,47.0,0,30.10000000000001,98.329
SAI,Shanghai,HARD,39.0,48.0,0,28.40000000000001,98.022
SAI,Shanghai,HARD,40.0,49.0,0,26.700000000000003,98.022
SAI,Shanghai,HARD,41.0,50.0,0,25.0,99.03
SAI,Shanghai,HARD,42.0,51.0,0,23.3,97.981
SAI,Shanghai,HARD,43.0,52.0,0,21.60000000000001,98.424
SAI,Shanghai,HARD,44.0,53.0,0,19.90000000000001,100.087
SAI,Shanghai,HARD,45.0,54.0,0,18.200000000000003,98.254
SAI,Shanghai,HARD,46.0,55.0,0,16.5,98.228
HAD,Shanghai,HARD,2.0,3.0,0,104.9,98.812
HAD,Shanghai,HARD,3.0,4.0,0,103.2,99.088
HAD,Shanghai,HARD,4.0,5.0,0,101.5,98.824
HAD,Shanghai,HARD,5.0,6.0,0,99.8,98.261
HAD,Shanghai,HARD,6.0,7.0,0,98.1,98.457
HAD,Shanghai,HARD,7.0,8.0,0,96.4,98.661
HAD,Shanghai,HARD,8.0,9.0,0,94.7,98.662
HAD,Shanghai,HARD,4.0,14.0,0,86.2,99.331
HAD,Shanghai,HARD,5.0,15.0,0,84.5,99.161
HAD,Shanghai,HARD,6.0,16.0,0,82.8,99.689
HAD,Shanghai,HARD,7.0,17.0,0,81.1,98.952
HAD,Shanghai,HARD,8.0,18.0,0,79.4,98.823
HAD,Shanghai,HARD,9.0,19.0,0,77.7,98.757
HAD,Shanghai,HARD,10.0,20.0,0,76.0,99.269
HAD,Shanghai,HARD,11.0,21.0,0,74.30000000000001,99.133
HAD,Shanghai,HARD,12.0,22.0,0,72.6,98.392
HAD,Shanghai,HARD,13.0,23.0,0,70.9,98.437
HAD,Shanghai,HARD,14.0,24.0,0,69.2,98.88
HAD,Shanghai,HARD,15.0,25.0,0,67.5,98.617
HAD,Shanghai,HARD,16.0,26.0,0,65.80000000000001,98.374
HAD,Shanghai,HARD,17.0,27.0,0,64.1,98.293
HAD,Shanghai,HARD,18.0,28.0,0,62.4,98.359
HAD,Shanghai,HARD,19.0,29.0,0,60.7,98.082
HAD,Shanghai,HARD,20.0,30.0,0,59.0,97.919
HAD,Shanghai,HARD,21.0,31.0,0,57.3,97.868
HAD,Shanghai,HARD,22.0,32.0,0,55.6,98.089
HAD,Shanghai,HARD,23.0,33.0,0,53.9,97.821
HAD,Shanghai,HARD,24.0,34.0,0,52.2,98.039
HAD,Shanghai,HARD,25.0,35.0,0,50.5,97.938
HAD,Shanghai,HARD,26.0,36.0,0,48.8,97.754
HAD,Shanghai,HARD,27.0,37.0,0,47.1,97.842
HAD,Shanghai,HARD,28.0,38.0,0,45.400000000000006,97.579
HAD,Shanghai,HARD,29.0,39.0,0,43.7,97.653
HAD,Shanghai,HARD,30.0,40.0,0,42.0,97.935
HAD,Shanghai,HARD,31.0,41.0,0,40.3,97.923
HAD,Shanghai,HARD,32.0,42.0,0,38.60000000000001,97.353
HAD,Shanghai,HARD,33.0,43.0,0,36.900000000000006,97.647
HAD,Shanghai,HARD,34.0,44.0,0,35.2,97.359
HAD,Shanghai,HARD,35.0,45.0,0,33.5,97.616
HAD,Shanghai,HARD,36.0,46.0,0,31.8,97.311
HAD,Shanghai,HARD,37.0,47.0,0,30.10000000000001,98.205
HAD,Shanghai,HARD,38.0,48.0,0,28.40000000000001,98.006
HAD,Shanghai,HARD,39.0,49.0,0,26.700000000000003,97.83
HAD,Shanghai,HARD,40.0,50.0,0,25.0,97.689
HAD,Shanghai,HARD,41.0,51.0,0,23.3,98.003
HAD,Shanghai,HARD,42.0,52.0,0,21.60000000000001,97.805
HAD,Shanghai,HARD,43.0,53.0,0,19.90000000000001,97.937
HAD,Shanghai,HARD,44.0,54.0,0,18.200000000000003,97.925
HAD,Shanghai,HARD,45.0,55.0,0,16.5,97.798
HAD,Shanghai,HARD,46.0,56.0,0,14.799999999999995,97.544
RUS,Shanghai,MEDIUM,1.0,1.0,0,108.3,101.815
RUS,Shanghai,MEDIUM,2.0,2.0,0,106.6,98.075
RUS,Shanghai,MEDIUM,3.0,3.0,0,104.9,98.125
RUS,Shanghai,MEDIUM,4.0,4.0,0,103.2,97.093
RUS,Shanghai,MEDIUM,5.0,5.0,0,101.5,97.462
RUS,Shanghai,MEDIUM,6.0,6.0,0,99.8,97.375
RUS,Shanghai,MEDIUM,7.0,7.0,0,98.1,97.383
RUS,Shanghai,MEDIUM,8.0,8.0,0,96.4,97.266
RUS,Shanghai,MEDIUM,9.0,9.0,0,94.7,97.261
RUS,Shanghai,HARD,4.0,14.0,0,86.2,100.588
RUS,Shanghai,HARD,5.0,15.0,0,84.5,98.91
RUS,Shanghai,HARD,6.0,16.0,0,82.8,97.532
RUS,Shanghai,HARD,7.0,17.0,0,81.1,96.42
RUS,Shanghai,HARD,8.0,18.0,0,79.4,96.313
RUS,Shanghai,HARD,9.0,19.0,0,77.7,96.668
RUS,Shanghai,HARD,10.0,20.0,0,76.0,96.617
RUS,Shanghai,HARD,11.0,21.0,0,74.30000000000001,96.663
RUS,Shanghai,HARD,12.0,22.0,0,72.6,96.894
RUS,Shanghai,HARD,13.0,23.0,0,70.9,96.561
RUS,Shanghai,HARD,14.0,24.0,0,69.2,97.445
RUS,Shanghai,HARD,15.0,25.0,0,67.5,98.063
RUS,Shanghai,HARD,16.0,26.0,0,65.80000000000001,97.187
RUS,Shanghai,HARD,17.0,27.0,0,64.1,97.771
RUS,Shanghai,HARD,18.0,28.0,0,62.4,96.971
RUS,Shanghai,HARD,19.0,29.0,0,60.7,96.158
RUS,Shanghai,HARD,20.0,30.0,0,59.0,96.438
RUS,Shanghai,HARD,21.0,31.0,0,57.3,96.207
RUS,Shanghai,HARD,22.0,32.0,0,55.6,95.977
RUS,Shanghai,HARD,23.0,33.0,0,53.9,96.107
RUS,Shanghai,HARD,24.0,34.0,0,52.2,95.852
RUS,Shanghai,HARD,25.0,35.0,0,50.5,96.162
RUS,Shanghai,HARD,26.0,36.0,0,48.8,95.914
RUS,Shanghai,HARD,27.0,37.0,0,47.1,95.531
RUS,Shanghai,HARD,28.0,38.0,0,45.400000000000006,95.529
RUS,Shanghai,HARD,29.0,39.0,0,43.7,95.497
RUS,Shanghai,HARD,30.0,40.0,0,42.0,95.636
RUS,Shanghai,HARD,31.0,41.0,0,40.3,95.641
RUS,Shanghai,HARD,32.0,42.0,0,38.60000000000001,96.661
RUS,Shanghai,HARD,33.0,43.0,0,36.900000000000006,95.644
RUS,Shanghai,HARD,34.0,44.0,0,35.2,95.542
RUS,Shanghai,HARD,35.0,45.0,0,33.5,95.677
RUS,Shanghai,HARD,36.0,46.0,0,31.8,96.407
RUS,Shanghai,HARD,37.0,47.0,0,30.10000000000001,95.668
RUS,Shanghai,HARD,38.0,48.0,0,28.40000000000001,96.095
RUS,Shanghai,HARD,39.0,49.0,0,26.700000000000003,95.87
RUS,Shanghai,HARD,40.0,50.0,0,25.0,95.681
RUS,Shanghai,HARD,41.0,51.0,0,23.3,95.531
RUS,Shanghai,HARD,42.0,52.0,0,21.60000000000001,95.547
RUS,Shanghai,HARD,43.0,53.0,0,19.90000000000001,95.691
RUS,Shanghai,HARD,44.0,54.0,0,18.200000000000003,96.457
RUS,Shanghai,HARD,45.0,55.0,0,16.5,95.695
RUS,Shanghai,HARD,46.0,56.0,0,14.799999999999995,95.4
BOT,Shanghai,MEDIUM,2.0,2.0,0,106.6,101.601
BOT,Shanghai,MEDIUM,3.0,3.0,0,104.9,101.829
BOT,Shanghai,MEDIUM,4.0,4.0,0,103.2,100.904
BOT,Shanghai,MEDIUM,5.0,5.0,0,101.5,101.396
BOT,Shanghai,MEDIUM,6.0,6.0,0,99.8,100.278
BOT,Shanghai,MEDIUM,7.0,7.0,0,98.1,100.875
BOT,Shanghai,MEDIUM,8.0,8.0,0,96.4,101.258
BOT,Shanghai,MEDIUM,9.0,9.0,0,94.7,101.349
BOT,Shanghai,HARD,4.0,14.0,0,86.2,101.294
BOT,Shanghai,HARD,5.0,15.0,0,84.5,100.006
BOT,Shanghai,HARD,6.0,16.0,0,82.8,99.739
BOT,Shanghai,HARD,7.0,17.0,0,81.1,100.23
BOT,Shanghai,HARD,8.0,18.0,0,79.4,100.099
BOT,Shanghai,HARD,9.0,19.0,0,77.7,100.164
BOT,Shanghai,HARD,10.0,20.0,0,76.0,99.976
BOT,Shanghai,HARD,11.0,21.0,0,74.30000000000001,100.045
BOT,Shanghai,HARD,12.0,22.0,0,72.6,99.813
BOT,Shanghai,HARD,13.0,23.0,0,70.9,99.967
BOT,Shanghai,HARD,14.0,24.0,0,69.2,99.846
BOT,Shanghai,HARD,15.0,25.0,0,67.5,99.813
BOT,Shanghai,HARD,16.0,26.0,0,65.80000000000001,99.744
BOT,Shanghai,HARD,17.0,27.0,0,64.1,100.805
BOT,Shanghai,HARD,18.0,28.0,0,62.4,99.636
BOT,Shanghai,HARD,19.0,29.0,0,60.7,99.566
BOT,Shanghai,HARD,20.0,30.0,0,59.0,99.692
BOT,Shanghai,HARD,21.0,31.0,0,57.3,99.768
BOT,Shanghai,HARD,22.0,32.0,0,55.6,99.542
BOT,Shanghai,HARD,23.0,33.0,0,53.9,101.146
BOT,Shanghai,HARD,24.0,34.0,0,52.2,99.695
BOT,Shanghai,HARD,25.0,35.0,0,50.5,99.539
BOT,Shanghai,HARD,26.0,36.0,0,48.8,100.552
BOT,Shanghai,HARD,27.0,37.0,0,47.1,99.444
BOT,Shanghai,HARD,28.0,38.0,0,45.400000000000006,100.047
BOT,Shanghai,HARD,29.0,39.0,0,43.7,99.734
BOT,Shanghai,HARD,30.0,40.0,0,42.0,100.571
BOT,Shanghai,HARD,31.0,41.0,0,40.3,100.077
BOT,Shanghai,HARD,32.0,42.0,0,38.60000000000001,99.02
BOT,Shanghai,HARD,33.0,43.0,0,36.900000000000006,99.461
BOT,Shanghai,HARD,34.0,44.0,0,35.2,98.914
BOT,Shanghai,HARD,35.0,45.0,0,33.5,100.379
BOT,Shanghai,HARD,36.0,46.0,0,31.8,99.658
BOT,Shanghai,HARD,37.0,47.0,0,30.10000000000001,98.93
BOT,Shanghai,HARD,38.0,48.0,0,28.40000000000001,99.135
BOT,Shanghai,HARD,39.0,49.0,0,26.700000000000003,99.212
BOT,Shanghai,HARD,40.0,50.0,0,25.0,99.327
BOT,Shanghai,HARD,41.0,51.0,0,23.3,99.581
BOT,Shanghai,HARD,42.0,52.0,0,21.60000000000001,99.423
BOT,Shanghai,HARD,43.0,53.0,0,19.90000000000001,99.353
BOT,Shanghai,HARD,44.0,54.0,0,18.200000000000003,99.423
BOT,Shanghai,HARD,45.0,55.0,0,16.5,98.393
BEA,Shanghai,MEDIUM,2.0,2.0,0,106.6,101.136
BEA,Shanghai,MEDIUM,3.0,3.0,0,104.9,99.715
BEA,Shanghai,MEDIUM,4.0,4.0,0,103.2,99.18
BEA,Shanghai,MEDIUM,5.0,5.0,0,101.5,99.504
BEA,Shanghai,MEDIUM,6.0,6.0,0,99.8,98.61
BEA,Shanghai,MEDIUM,7.0,7.0,0,98.1,99.323
BEA,Shanghai,MEDIUM,8.0,8.0,0,96.4,99.436
BEA,Shanghai,MEDIUM,9.0,9.0,0,94.7,99.71
BEA,Shanghai,HARD,4.0,14.0,0,86.2,99.24
BEA,Shanghai,HARD,5.0,15.0,0,84.5,99.289
BEA,Shanghai,HARD,6.0,16.0,0,82.8,98.269
BEA,Shanghai,HARD,7.0,17.0,0,81.1,98.343
BEA,Shanghai,HARD,8.0,18.0,0,79.4,98.197
BEA,Shanghai,HARD,9.0,19.0,0,77.7,99.009
BEA,Shanghai,HARD,10.0,20.0,0,76.0,98.618
BEA,Shanghai,HARD,11.0,21.0,0,74.30000000000001,98.526
BEA,Shanghai,HARD,12.0,22.0,0,72.6,97.867
BEA,Shanghai,HARD,13.0,23.0,0,70.9,97.615
BEA,Shanghai,HARD,14.0,24.0,0,69.2,97.86
BEA,Shanghai,HARD,15.0,25.0,0,67.5,97.68
BEA,Shanghai,HARD,16.0,26.0,0,65.80000000000001,97.392
BEA,Shanghai,HARD,17.0,27.0,0,64.1,97.405
BEA,Shanghai,HARD,18.0,28.0,0,62.4,97.638
BEA,Shanghai,HARD,19.0,29.0,0,60.7,97.684
BEA,Shanghai,HARD,20.0,30.0,0,59.0,97.276
BEA,Shanghai,HARD,21.0,31.0,0,57.3,97.583
BEA,Shanghai,HARD,22.0,32.0,0,55.6,97.496
BEA,Shanghai,HARD,23.0,33.0,0,53.9,97.267
BEA,Shanghai,HARD,24.0,34.0,0,52.2,97.395
BEA,Shanghai,HARD,25.0,35.0,0,50.5,97.42
BEA,Shanghai,HARD,26.0,36.0,0,48.8,97.48
BEA,Shanghai,HARD,27.0,37.0,0,47.1,97.242
BEA,Shanghai,HARD,28.0,38.0,0,45.400000000000006,97.222
BEA,Shanghai,HARD,29.0,39.0,0,43.7,97.043
BEA,Shanghai,HARD,30.0,40.0,0,42.0,97.153
BEA,Shanghai,HARD,31.0,41.0,0,40.3,97.029
BEA,Shanghai,HARD,32.0,42.0,0,38.60000000000001,97.712
BEA,Shanghai,HARD,33.0,43.0,0,36.900000000000006,97.214
BEA,Shanghai,HARD,34.0,44.0,0,35.2,97.416
BEA,Shanghai,HARD,35.0,45.0,0,33.5,97.232
BEA,Shanghai,HARD,36.0,46.0,0,31.8,97.301
BEA,Shanghai,HARD,37.0,47.0,0,30.10000000000001,96.805
BEA,Shanghai,HARD,38.0,48.0,0,28.40000000000001,97.238
BEA,Shanghai,HARD,39.0,49.0,0,26.700000000000003,97.642
BEA,Shanghai,HARD,40.0,50.0,0,25.0,96.989
BEA,Shanghai,HARD,41.0,51.0,0,23.3,96.825
BEA,Shanghai,HARD,42.0,52.0,0,21.60000000000001,96.778
BEA,Shanghai,HARD,43.0,53.0,0,19.90000000000001,96.68
BEA,Shanghai,HARD,44.0,54.0,0,18.200000000000003,96.788
BEA,Shanghai,HARD,45.0,55.0,0,16.5,96.648
BEA,Shanghai,HARD,46.0,56.0,0,14.799999999999995,96.429
NOR,Suzuka,MEDIUM,1.0,1.0,0,108.3,97.206
NOR,Suzuka,MEDIUM,2.0,2.0,0,106.6,94.905
NOR,Suzuka,MEDIUM,3.0,3.0,0,104.9,96.301
NOR,Suzuka,MEDIUM,4.0,4.0,0,103.2,95.451
NOR,Suzuka,MEDIUM,5.0,5.0,0,101.5,95.17
NOR,Suzuka,MEDIUM,6.0,6.0,0,99.8,95.051
NOR,Suzuka,MEDIUM,7.0,7.0,0,98.1,95.045
NOR,Suzuka,MEDIUM,8.0,8.0,0,96.4,95.247
NOR,Suzuka,MEDIUM,9.0,9.0,0,94.7,95.672
NOR,Suzuka,MEDIUM,10.0,10.0,0,93.0,95.228
NOR,Suzuka,MEDIUM,11.0,11.0,0,91.3,96.219
NOR,Suzuka,MEDIUM,12.0,12.0,0,89.6,95.457
NOR,Suzuka,MEDIUM,13.0,13.0,0,87.9,95.079
NOR,Suzuka,MEDIUM,14.0,14.0,0,86.2,95.339
NOR,Suzuka,MEDIUM,15.0,15.0,0,84.5,95.315
NOR,Suzuka,MEDIUM,16.0,16.0,0,82.8,98.222
NOR,Suzuka,HARD,2.0,18.0,0,79.4,94.916
NOR,Suzuka,HARD,3.0,19.0,0,77.7,94.285
NOR,Suzuka,HARD,4.0,20.0,0,76.0,93.771
NOR,Suzuka,HARD,5.0,21.0,0,74.30000000000001,94.161
NOR,Suzuka,HARD,12.0,28.0,0,62.4,95.248
NOR,Suzuka,HARD,13.0,29.0,0,60.7,94.083
NOR,Suzuka,HARD,14.0,30.0,0,59.0,93.851
NOR,Suzuka,HARD,15.0,31.0,0,57.3,94.131
NOR,Suzuka,HARD,16.0,32.0,0,55.6,94.419
NOR,Suzuka,HARD,17.0,33.0,0,53.9,93.787
NOR,Suzuka,HARD,18.0,34.0,0,52.2,93.494
NOR,Suzuka,HARD,19.0,35.0,0,50.5,93.58
NOR,Suzuka,HARD,20.0,36.0,0,48.8,93.359
NOR,Suzuka,HARD,21.0,37.0,0,47.1,93.602
NOR,Suzuka,HARD,22.0,38.0,0,45.400000000000006,93.455
NOR,Suzuka,HARD,23.0,39.0,0,43.7,93.679
NOR,Suzuka,HARD,24.0,40.0,0,42.0,93.347
NOR,Suzuka,HARD,25.0,41.0,0,40.3,93.398
NOR,Suzuka,HARD,26.0,42.0,0,38.60000000000001,93.702
NOR,Suzuka,HARD,27.0,43.0,0,36.900000000000006,93.927
NOR,Suzuka,HARD,28.0,44.0,0,35.2,93.362
NOR,Suzuka,HARD,29.0,45.0,0,33.5,93.521
NOR,Suzuka,HARD,30.0,46.0,0,31.8,93.437
NOR,Suzuka,HARD,31.0,47.0,0,30.10000000000001,93.624
NOR,Suzuka,HARD,32.0,48.0,0,28.40000000000001,94.608
NOR,Suzuka,HARD,33.0,49.0,0,26.700000000000003,93.483
NOR,Suzuka,HARD,34.0,50.0,0,25.0,94.087
NOR,Suzuka,HARD,35.0,51.0,0,23.3,95.007
NOR,Suzuka,HARD,36.0,52.0,0,21.60000000000001,93.208
NOR,Suzuka,HARD,37.0,53.0,0,19.90000000000001,93.56
GAS,Suzuka,MEDIUM,2.0,2.0,0,106.6,95.436
GAS,Suzuka,MEDIUM,3.0,3.0,0,104.9,95.809
GAS,Suzuka,MEDIUM,4.0,4.0,0,103.2,95.899
GAS,Suzuka,MEDIUM,5.0,5.0,0,101.5,95.872
GAS,Suzuka,MEDIUM,6.0,6.0,0,99.8,96.143
GAS,Suzuka,MEDIUM,7.0,7.0,0,98.1,95.944
GAS,Suzuka,MEDIUM,8.0,8.0,0,96.4,95.566
GAS,Suzuka,MEDIUM,9.0,9.0,0,94.7,95.616
GAS,Suzuka,MEDIUM,10.0,10.0,0,93.0,95.871
GAS,Suzuka,MEDIUM,11.0,11.0,0,91.3,95.717
GAS,Suzuka,MEDIUM,12.0,12.0,0,89.6,95.524
GAS,Suzuka,MEDIUM,13.0,13.0,0,87.9,95.928
GAS,Suzuka,MEDIUM,14.0,14.0,0,86.2,96.11
GAS,Suzuka,MEDIUM,15.0,15.0,0,84.5,95.94
GAS,Suzuka,MEDIUM,16.0,16.0,0,82.8,95.837
GAS,Suzuka,MEDIUM,17.0,17.0,0,81.1,95.906
GAS,Suzuka,MEDIUM,18.0,18.0,0,79.4,95.825
GAS,Suzuka,MEDIUM,19.0,19.0,0,77.7,95.802
GAS,Suzuka,MEDIUM,20.0,20.0,0,76.0,95.528
GAS,Suzuka,MEDIUM,21.0,21.0,0,74.30000000000001,95.655
GAS,Suzuka,HARD,6.0,28.0,0,62.4,95.812
GAS,Suzuka,HARD,7.0,29.0,0,60.7,94.096
GAS,Suzuka,HARD,8.0,30.0,0,59.0,94.792
GAS,Suzuka,HARD,9.0,31.0,0,57.3,93.999
GAS,Suzuka,HARD,10.0,32.0,0,55.6,94.066
GAS,Suzuka,HARD,11.0,33.0,0,53.9,93.823
GAS,Suzuka,HARD,12.0,34.0,0,52.2,94.021
GAS,Suzuka,HARD,13.0,35.0,0,50.5,93.864
GAS,Suzuka,HARD,14.0,36.0,0,48.8,94.029
GAS,Suzuka,HARD,15.0,37.0,0,47.1,93.839
GAS,Suzuka,HARD,16.0,38.0,0,45.400000000000006,94.051
GAS,Suzuka,HARD,17.0,39.0,0,43.7,93.691
GAS,Suzuka,HARD,18.0,40.0,0,42.0,93.776
GAS,Suzuka,HARD,19.0,41.0,0,40.3,93.693
GAS,Suzuka,HARD,20.0,42.0,0,38.60000000000001,93.891
GAS,Suzuka,HARD,21.0,43.0,0,36.900000000000006,94.329
GAS,Suzuka,HARD,22.0,44.0,0,35.2,94.457
GAS,Suzuka,HARD,23.0,45.0,0,33.5,94.071
GAS,Suzuka,HARD,24.0,46.0,0,31.8,93.861
GAS,Suzuka,HARD,25.0,47.0,0,30.10000000000001,94.063
GAS,Suzuka,HARD,26.0,48.0,0,28.40000000000001,94.619
GAS,Suzuka,HARD,27.0,49.0,0,26.700000000000003,93.824
GAS,Suzuka,HARD,28.0,50.0,0,25.0,94.222
GAS,Suzuka,HARD,29.0,51.0,0,23.3,93.827
GAS,Suzuka,HARD,30.0,52.0,0,21.60000000000001,94.097
GAS,Suzuka,HARD,31.0,53.0,0,19.90000000000001,94.169
PER,Suzuka,MEDIUM,2.0,2.0,0,106.6,97.947
PER,Suzuka,MEDIUM,3.0,3.0,0,104.9,98.292
PER,Suzuka,MEDIUM,4.0,4.0,0,103.2,97.934
PER,Suzuka,MEDIUM,5.0,5.0,0,101.5,97.605
PER,Suzuka,MEDIUM,6.0,6.0,0,99.8,98.037
PER,Suzuka,MEDIUM,7.0,7.0,0,98.1,98.207
PER,Suzuka,MEDIUM,8.0,8.0,0,96.4,98.126
PER,Suzuka,MEDIUM,9.0,9.0,0,94.7,97.999
PER,Suzuka,MEDIUM,10.0,10.0,0,93.0,98.258
PER,Suzuka,MEDIUM,11.0,11.0,0,91.3,97.864
PER,Suzuka,MEDIUM,12.0,12.0,0,89.6,97.952
PER,Suzuka,MEDIUM,13.0,13.0,0,87.9,97.942
PER,Suzuka,MEDIUM,14.0,14.0,0,86.2,97.902
PER,Suzuka,MEDIUM,15.0,15.0,0,84.5,98.076
PER,Suzuka,MEDIUM,16.0,16.0,0,82.8,97.789
PER,Suzuka,MEDIUM,17.0,17.0,0,81.1,97.91
PER,Suzuka,MEDIUM,19.0,19.0,0,77.7,97.961
PER,Suzuka,MEDIUM,20.0,20.0,0,76.0,98.735
PER,Suzuka,HARD,7.0,28.0,0,62.4,96.988
PER,Suzuka,HARD,8.0,29.0,0,60.7,96.293
PER,Suzuka,HARD,9.0,30.0,0,59.0,96.86
PER,Suzuka,HARD,10.0,31.0,0,57.3,96.192
PER,Suzuka,HARD,11.0,32.0,0,55.6,96.564
PER,Suzuka,HARD,12.0,33.0,0,53.9,96.366
PER,Suzuka,HARD,13.0,34.0,0,52.2,96.37
PER,Suzuka,HARD,14.0,35.0,0,50.5,96.07
PER,Suzuka,HARD,15.0,36.0,0,48.8,96.238
PER,Suzuka,HARD,16.0,37.0,0,47.1,96.249
PER,Suzuka,HARD,17.0,38.0,0,45.400000000000006,96.365
PER,Suzuka,HARD,18.0,39.0,0,43.7,96.059
PER,Suzuka,HARD,19.0,40.0,0,42.0,96.26
PER,Suzuka,HARD,20.0,41.0,0,40.3,96.621
PER,Suzuka,HARD,21.0,42.0,0,38.60000000000001,96.226
PER,Suzuka,HARD,22.0,43.0,0,36.900000000000006,96.354
PER,Suzuka,HARD,23.0,44.0,0,35.2,96.229
PER,Suzuka,HARD,24.0,45.0,0,33.5,96.161
PER,Suzuka,HARD,25.0,46.0,0,31.8,96.088
PER,Suzuka,HARD,26.0,47.0,0,30.10000000000001,96.104
PER,Suzuka,HARD,27.0,48.0,0,28.40000000000001,95.96
PER,Suzuka,HARD,28.0,49.0,0,26.700000000000003,96.18
PER,Suzuka,HARD,29.0,50.0,0,25.0,96.069
PER,Suzuka,HARD,30.0,51.0,0,23.3,95.994
PER,Suzuka,HARD,31.0,52.0,0,21.60000000000001,95.704
PER,Suzuka,HARD,32.0,53.0,0,19.90000000000001,95.637
ANT,Suzuka,MEDIUM,1.0,1.0,0,108.3,98.784
ANT,Suzuka,MEDIUM,2.0,2.0,0,106.6,94.475
ANT,Suzuka,MEDIUM,3.0,3.0,0,104.9,95.536
ANT,Suzuka,MEDIUM,4.0,4.0,0,103.2,95.523
ANT,Suzuka,MEDIUM,5.0,5.0,0,101.5,95.24
ANT,Suzuka,MEDIUM,6.0,6.0,0,99.8,94.962
ANT,Suzuka,MEDIUM,7.0,7.0,0,98.1,95.076
ANT,Suzuka,MEDIUM,8.0,8.0,0,96.4,95.203
ANT,Suzuka,MEDIUM,9.0,9.0,0,94.7,95.534
ANT,Suzuka,MEDIUM,10.0,10.0,0,93.0,95.41
ANT,Suzuka,MEDIUM,11.0,11.0,0,91.3,95.115
ANT,Suzuka,MEDIUM,12.0,12.0,0,89.6,95.027
ANT,Suzuka,MEDIUM,13.0,13.0,0,87.9,94.944
ANT,Suzuka,MEDIUM,14.0,14.0,0,86.2,95.261
ANT,Suzuka,MEDIUM,15.0,15.0,0,84.5,95.377
ANT,Suzuka,MEDIUM,16.0,16.0,0,82.8,96.164
ANT,Suzuka,MEDIUM,17.0,17.0,0,81.1,94.686
ANT,Suzuka,MEDIUM,18.0,18.0,0,79.4,94.095
ANT,Suzuka,MEDIUM,19.0,19.0,0,77.7,94.343
ANT,Suzuka,MEDIUM,20.0,20.0,0,76.0,94.241
ANT,Suzuka,MEDIUM,21.0,21.0,0,74.30000000000001,93.948
ANT,Suzuka,HARD,6.0,28.0,0,62.4,93.649
ANT,Suzuka,HARD,7.0,29.0,0,60.7,93.367
ANT,Suzuka,HARD,8.0,30.0,0,59.0,92.859
ANT,Suzuka,HARD,9.0,31.0,0,57.3,93.258
ANT,Suzuka,HARD,10.0,32.0,0,55.6,92.868
ANT,Suzuka,HARD,11.0,33.0,0,53.9,92.999
ANT,Suzuka,HARD,12.0,34.0,0,52.2,92.909
ANT,Suzuka,HARD,13.0,35.0,0,50.5,92.912
ANT,Suzuka,HARD,14.0,36.0,0,48.8,92.933
ANT,Suzuka,HARD,15.0,37.0,0,47.1,92.984
ANT,Suzuka,HARD,16.0,38.0,0,45.400000000000006,92.955
ANT,Suzuka,HARD,17.0,39.0,0,43.7,92.731
ANT,Suzuka,HARD,18.0,40.0,0,42.0,92.993
ANT,Suzuka,HARD,19.0,41.0,0,40.3,92.736
ANT,Suzuka,HARD,20.0,42.0,0,38.60000000000001,92.826
ANT,Suzuka,HARD,21.0,43.0,0,36.900000000000006,92.538
ANT,Suzuka,HARD,22.0,44.0,0,35.2,92.57
ANT,Suzuka,HARD,23.0,45.0,0,33.5,92.819
ANT,Suzuka,HARD,24.0,46.0,0,31.8,92.722
ANT,Suzuka,HARD,25.0,47.0,0,30.10000000000001,93.211
ANT,Suzuka,HARD,26.0,48.0,0,28.40000000000001,93.589
ANT,Suzuka,HARD,27.0,49.0,0,26.700000000000003,92.432
ANT,Suzuka,HARD,28.0,50.0,0,25.0,93.352
ANT,Suzuka,HARD,29.0,51.0,0,23.3,92.889
ANT,Suzuka,HARD,30.0,52.0,0,21.60000000000001,92.925
ANT,Suzuka,HARD,31.0,53.0,0,19.90000000000001,94.063
ALO,Suzuka,MEDIUM,2.0,2.0,0,106.6,98.589
ALO,Suzuka,MEDIUM,3.0,3.0,0,104.9,98.501
ALO,Suzuka,MEDIUM,4.0,4.0,0,103.2,98.517
ALO,Suzuka,MEDIUM,5.0,5.0,0,101.5,98.528
ALO,Suzuka,MEDIUM,6.0,6.0,0,99.8,98.652
ALO,Suzuka,MEDIUM,7.0,7.0,0,98.1,98.592
ALO,Suzuka,MEDIUM,8.0,8.0,0,96.4,98.889
ALO,Suzuka,MEDIUM,9.0,9.0,0,94.7,98.296
ALO,Suzuka,MEDIUM,10.0,10.0,0,93.0,98.487
ALO,Suzuka,MEDIUM,11.0,11.0,0,91.3,97.866
ALO,Suzuka,MEDIUM,12.0,12.0,0,89.6,98.235
ALO,Suzuka,MEDIUM,13.0,13.0,0,87.9,98.591
ALO,Suzuka,MEDIUM,14.0,14.0,0,86.2,98.222
ALO,Suzuka,MEDIUM,15.0,15.0,0,84.5,98.641
ALO,Suzuka,MEDIUM,16.0,16.0,0,82.8,98.731
ALO,Suzuka,MEDIUM,17.0,17.0,0,81.1,98.303
ALO,Suzuka,MEDIUM,18.0,18.0,0,79.4,98.504
ALO,Suzuka,MEDIUM,19.0,19.0,0,77.7,98.602
ALO,Suzuka,MEDIUM,20.0,20.0,0,76.0,98.18
ALO,Suzuka,MEDIUM,5.0,28.0,0,62.4,97.909
ALO,Suzuka,MEDIUM,6.0,29.0,0,60.7,97.079
ALO,Suzuka,MEDIUM,7.0,30.0,0,59.0,97.411
ALO,Suzuka,MEDIUM,8.0,31.0,0,57.3,97.864
ALO,Suzuka,MEDIUM,9.0,32.0,0,55.6,98.062
ALO,Suzuka,MEDIUM,10.0,33.0,0,53.9,97.702
ALO,Suzuka,MEDIUM,11.0,34.0,0,52.2,97.651
ALO,Suzuka,MEDIUM,12.0,35.0,0,50.5,97.754
ALO,Suzuka,MEDIUM,13.0,36.0,0,48.8,97.786
ALO,Suzuka,MEDIUM,14.0,37.0,0,47.1,97.458
ALO,Suzuka,MEDIUM,15.0,38.0,0,45.400000000000006,97.241
ALO,Suzuka,MEDIUM,16.0,39.0,0,43.7,97.124
ALO,Suzuka,MEDIUM,17.0,40.0,0,42.0,97.098
ALO,Suzuka,MEDIUM,18.0,41.0,0,40.3,96.828
ALO,Suzuka,MEDIUM,19.0,42.0,0,38.60000000000001,96.957
ALO,Suzuka,MEDIUM,20.0,43.0,0,36.900000000000006,97.337
ALO,Suzuka,MEDIUM,21.0,44.0,0,35.2,96.771
ALO,Suzuka,MEDIUM,22.0,45.0,0,33.5,96.677
ALO,Suzuka,MEDIUM,23.0,46.0,0,31.8,97.589
ALO,Suzuka,MEDIUM,24.0,47.0,0,30.10000000000001,96.221
ALO,Suzuka,MEDIUM,25.0,48.0,0,28.40000000000001,96.837
ALO,Suzuka,MEDIUM,26.0,49.0,0,26.700000000000003,97.112
ALO,Suzuka,MEDIUM,28.0,51.0,0,23.3,96.751
LEC,Suzuka,MEDIUM,1.0,1.0,0,108.3,96.36
LEC,Suzuka,MEDIUM,2.0,2.0,0,106.6,95.126
LEC,Suzuka,MEDIUM,3.0,3.0,0,104.9,95.105
LEC,Suzuka,MEDIUM,4.0,4.0,0,103.2,96.431
LEC,Suzuka,MEDIUM,5.0,5.0,0,101.5,95.209
LEC,Suzuka,MEDIUM,6.0,6.0,0,99.8,95.287
LEC,Suzuka,MEDIUM,7.0,7.0,0,98.1,94.955
LEC,Suzuka,MEDIUM,8.0,8.0,0,96.4,95.458
LEC,Suzuka,MEDIUM,9.0,9.0,0,94.7,95.623
LEC,Suzuka,MEDIUM,10.0,10.0,0,93.0,95.146
LEC,Suzuka,MEDIUM,11.0,11.0,0,91.3,95.145
LEC,Suzuka,MEDIUM,12.0,12.0,0,89.6,95.201
LEC,Suzuka,MEDIUM,13.0,13.0,0,87.9,95.408
LEC,Suzuka,MEDIUM,14.0,14.0,0,86.2,95.305
LEC,Suzuka,MEDIUM,15.0,15.0,0,84.5,95.903
LEC,Suzuka,MEDIUM,16.0,16.0,0,82.8,95.307
LEC,Suzuka,MEDIUM,17.0,17.0,0,81.1,97.448
LEC,Suzuka,HARD,2.0,19.0,0,77.7,94.426
LEC,Suzuka,HARD,3.0,20.0,0,76.0,94.266
LEC,Suzuka,HARD,4.0,21.0,0,74.30000000000001,94.132
LEC,Suzuka,HARD,11.0,28.0,0,62.4,95.287
LEC,Suzuka,HARD,12.0,29.0,0,60.7,93.666
LEC,Suzuka,HARD,13.0,30.0,0,59.0,93.696
LEC,Suzuka,HARD,14.0,31.0,0,57.3,93.915
LEC,Suzuka,HARD,15.0,32.0,0,55.6,93.494
LEC,Suzuka,HARD,16.0,33.0,0,53.9,93.444
LEC,Suzuka,HARD,17.0,34.0,0,52.2,93.508
LEC,Suzuka,HARD,18.0,35.0,0,50.5,93.252
LEC,Suzuka,HARD,19.0,36.0,0,48.8,93.663
LEC,Suzuka,HARD,20.0,37.0,0,47.1,93.744
LEC,Suzuka,HARD,21.0,38.0,0,45.400000000000006,93.128
LEC,Suzuka,HARD,22.0,39.0,0,43.7,93.457
LEC,Suzuka,HARD,23.0,40.0,0,42.0,93.705
LEC,Suzuka,HARD,24.0,41.0,0,40.3,94.154
LEC,Suzuka,HARD,25.0,42.0,0,38.60000000000001,93.418
LEC,Suzuka,HARD,26.0,43.0,0,36.900000000000006,93.205
LEC,Suzuka,HARD,27.0,44.0,0,35.2,93.304
LEC,Suzuka,HARD,28.0,45.0,0,33.5,93.607
LEC,Suzuka,HARD,29.0,46.0,0,31.8,93.16
LEC,Suzuka,HARD,30.0,47.0,0,30.10000000000001,93.122
LEC,Suzuka,HARD,31.0,48.0,0,28.40000000000001,93.011
LEC,Suzuka,HARD,32.0,49.0,0,26.700000000000003,93.486
LEC,Suzuka,HARD,33.0,50.0,0,25.0,94.173
LEC,Suzuka,HARD,34.0,51.0,0,23.3,92.897
LEC,Suzuka,HARD,35.0,52.0,0,21.60000000000001,93.201
LEC,Suzuka,HARD,36.0,53.0,0,19.90000000000001,92.634
STR,Suzuka,MEDIUM,2.0,2.0,0,106.6,98.369
STR,Suzuka,MEDIUM,3.0,3.0,0,104.9,98.229
STR,Suzuka,MEDIUM,4.0,4.0,0,103.2,98.587
STR,Suzuka,MEDIUM,5.0,5.0,0,101.5,98.426
STR,Suzuka,MEDIUM,6.0,6.0,0,99.8,98.617
STR,Suzuka,MEDIUM,7.0,7.0,0,98.1,98.462
STR,Suzuka,MEDIUM,8.0,8.0,0,96.4,97.683
STR,Suzuka,MEDIUM,9.0,9.0,0,94.7,98.199
STR,Suzuka,MEDIUM,10.0,10.0,0,93.0,98.293
STR,Suzuka,MEDIUM,11.0,11.0,0,91.3,98.051
STR,Suzuka,MEDIUM,12.0,12.0,0,89.6,98.622
STR,Suzuka,MEDIUM,13.0,13.0,0,87.9,98.454
STR,Suzuka,MEDIUM,14.0,14.0,0,86.2,98.187
STR,Suzuka,MEDIUM,15.0,15.0,0,84.5,98.853
STR,Suzuka,MEDIUM,16.0,16.0,0,82.8,98.427
STR,Suzuka,MEDIUM,17.0,17.0,0,81.1,98.576
STR,Suzuka,MEDIUM,18.0,18.0,0,79.4,98.454
STR,Suzuka,MEDIUM,19.0,19.0,0,77.7,98.372
STR,Suzuka,MEDIUM,20.0,20.0,0,76.0,98.406
STR,Suzuka,MEDIUM,4.0,28.0,0,62.4,97.515
STR,Suzuka,MEDIUM,5.0,29.0,0,60.7,97.217
ALB,Suzuka,MEDIUM,2.0,2.0,0,106.6,97.418
ALB,Suzuka,MEDIUM,3.0,3.0,0,104.9,97.464
ALB,Suzuka,MEDIUM,4.0,4.0,0,103.2,98.076
ALB,Suzuka,MEDIUM,5.0,5.0,0,101.5,96.796
ALB,Suzuka,MEDIUM,6.0,6.0,0,99.8,97.307
ALB,Suzuka,MEDIUM,7.0,7.0,0,98.1,97.545
ALB,Suzuka,MEDIUM,8.0,8.0,0,96.4,97.437
ALB,Suzuka,MEDIUM,9.0,9.0,0,94.7,97.212
ALB,Suzuka,MEDIUM,10.0,10.0,0,93.0,97.235
ALB,Suzuka,MEDIUM,11.0,11.0,0,91.3,97.028
ALB,Suzuka,MEDIUM,12.0,12.0,0,89.6,97.058
ALB,Suzuka,MEDIUM,13.0,13.0,0,87.9,96.733
ALB,Suzuka,MEDIUM,14.0,14.0,0,86.2,97.146
ALB,Suzuka,MEDIUM,15.0,15.0,0,84.5,96.948
ALB,Suzuka,MEDIUM,16.0,16.0,0,82.8,96.879
ALB,Suzuka,MEDIUM,17.0,17.0,0,81.1,96.78
ALB,Suzuka,MEDIUM,18.0,18.0,0,79.4,96.992
ALB,Suzuka,MEDIUM,19.0,19.0,0,77.7,96.592
ALB,Suzuka,MEDIUM,20.0,20.0,0,76.0,96.812
ALB,Suzuka,MEDIUM,21.0,21.0,0,74.30000000000001,96.417
ALB,Suzuka,HARD,6.0,28.0,0,62.4,96.86
ALB,Suzuka,HARD,7.0,29.0,0,60.7,96.092
ALB,Suzuka,HARD,8.0,30.0,0,59.0,96.762
ALB,Suzuka,HARD,9.0,31.0,0,57.3,95.72
ALB,Suzuka,HARD,10.0,32.0,0,55.6,95.909
ALB,Suzuka,HARD,11.0,33.0,0,53.9,95.767
ALB,Suzuka,HARD,12.0,34.0,0,52.2,95.598
ALB,Suzuka,HARD,13.0,35.0,0,50.5,95.207
ALB,Suzuka,HARD,14.0,36.0,0,48.8,95.138
ALB,Suzuka,HARD,15.0,37.0,0,47.1,95.464
ALB,Suzuka,HARD,16.0,38.0,0,45.400000000000006,95.086
ALB,Suzuka,HARD,17.0,39.0,0,43.7,95.036
ALB,Suzuka,HARD,18.0,40.0,0,42.0,94.969
ALB,Suzuka,HARD,19.0,41.0,0,40.3,94.973
ALB,Suzuka,HARD,20.0,42.0,0,38.60000000000001,95.7
ALB,Suzuka,HARD,21.0,43.0,0,36.900000000000006,95.195
ALB,Suzuka,HARD,22.0,44.0,0,35.2,95.263
ALB,Suzuka,HARD,23.0,45.0,0,33.5,97.604
ALB,Suzuka,MEDIUM,2.0,51.0,0,23.3,93.427
HUL,Suzuka,MEDIUM,2.0,2.0,0,106.6,98.019
HUL,Suzuka,MEDIUM,3.0,3.0,0,104.9,96.53
HUL,Suzuka,MEDIUM,4.0,4.0,0,103.2,96.632
HUL,Suzuka,MEDIUM,5.0,5.0,0,101.5,96.858
HUL,Suzuka,MEDIUM,6.0,6.0,0,99.8,97.522
HUL,Suzuka,MEDIUM,7.0,7.0,0,98.1,97.424
HUL,Suzuka,MEDIUM,8.0,8.0,0,96.4,97.149
HUL,Suzuka,MEDIUM,9.0,9.0,0,94.7,96.695
HUL,Suzuka,MEDIUM,10.0,10.0,0,93.0,96.943
HUL,Suzuka,MEDIUM,11.0,11.0,0,91.3,96.387
HUL,Suzuka,MEDIUM,12.0,12.0,0,89.6,97.397
HUL,Suzuka,MEDIUM,13.0,13.0,0,87.9,96.972
HUL,Suzuka,MEDIUM,14.0,14.0,0,86.2,96.49
HUL,Suzuka,MEDIUM,15.0,15.0,0,84.5,95.778
HUL,Suzuka,MEDIUM,16.0,16.0,0,82.8,96.277
HUL,Suzuka,MEDIUM,17.0,17.0,0,81.1,96.171
HUL,Suzuka,MEDIUM,18.0,18.0,0,79.4,96.037
HUL,Suzuka,MEDIUM,19.0,19.0,0,77.7,95.575
HUL,Suzuka,MEDIUM,20.0,20.0,0,76.0,95.655
HUL,Suzuka,MEDIUM,21.0,21.0,0,74.30000000000001,95.944
HUL,Suzuka,HARD,5.0,28.0,0,62.4,96.375
HUL,Suzuka,HARD,6.0,29.0,0,60.7,96.82
HUL,Suzuka,HARD,7.0,30.0,0,59.0,96.242
HUL,Suzuka,HARD,8.0,31.0,0,57.3,94.637
HUL,Suzuka,HARD,9.0,32.0,0,55.6,94.905
HUL,Suzuka,HARD,10.0,33.0,0,53.9,94.82
HUL,Suzuka,HARD,11.0,34.0,0,52.2,95.027
HUL,Suzuka,HARD,12.0,35.0,0,50.5,95.547
HUL,Suzuka,HARD,13.0,36.0,0,48.8,95.386
HUL,Suzuka,HARD,14.0,37.0,0,47.1,95.018
HUL,Suzuka,HARD,15.0,38.0,0,45.400000000000006,94.831
HUL,Suzuka,HARD,16.0,39.0,0,43.7,94.222
HUL,Suzuka,HARD,17.0,40.0,0,42.0,94.132
HUL,Suzuka,HARD,18.0,41.0,0,40.3,94.011
HUL,Suzuka,HARD,19.0,42.0,0,38.60000000000001,94.212
HUL,Suzuka,HARD,20.0,43.0,0,36.900000000000006,94.168
HUL,Suzuka,HARD,21.0,44.0,0,35.2,94.426
HUL,Suzuka,HARD,22.0,45.0,0,33.5,95.678
HUL,Suzuka,HARD,23.0,46.0,0,31.8,96.379
HUL,Suzuka,HARD,24.0,47.0,0,30.10000000000001,93.732
HUL,Suzuka,HARD,25.0,48.0,0,28.40000000000001,94.137
HUL,Suzuka,HARD,26.0,49.0,0,26.700000000000003,94.171
HUL,Suzuka,HARD,27.0,50.0,0,25.0,94.177
HUL,Suzuka,HARD,28.0,51.0,0,23.3,94.101
HUL,Suzuka,HARD,29.0,52.0,0,21.60000000000001,93.853
HUL,Suzuka,HARD,30.0,53.0,0,19.90000000000001,93.796
VER,Suzuka,MEDIUM,2.0,2.0,0,106.6,96.628
VER,Suzuka,MEDIUM,3.0,3.0,0,104.9,95.854
VER,Suzuka,MEDIUM,4.0,4.0,0,103.2,95.867
VER,Suzuka,MEDIUM,5.0,5.0,0,101.5,96.922
VER,Suzuka,MEDIUM,6.0,6.0,0,99.8,96.551
VER,Suzuka,MEDIUM,7.0,7.0,0,98.1,96.067
VER,Suzuka,MEDIUM,8.0,8.0,0,96.4,95.725
VER,Suzuka,MEDIUM,9.0,9.0,0,94.7,95.848
VER,Suzuka,MEDIUM,10.0,10.0,0,93.0,95.727
VER,Suzuka,MEDIUM,11.0,11.0,0,91.3,95.63
VER,Suzuka,MEDIUM,12.0,12.0,0,89.6,95.699
VER,Suzuka,MEDIUM,13.0,13.0,0,87.9,95.755
VER,Suzuka,MEDIUM,14.0,14.0,0,86.2,95.773
VER,Suzuka,MEDIUM,15.0,15.0,0,84.5,95.652
VER,Suzuka,MEDIUM,16.0,16.0,0,82.8,95.587
VER,Suzuka,MEDIUM,17.0,17.0,0,81.1,95.535
VER,Suzuka,MEDIUM,18.0,18.0,0,79.4,95.608
VER,Suzuka,MEDIUM,19.0,19.0,0,77.7,95.587
VER,Suzuka,MEDIUM,20.0,20.0,0,76.0,95.6
VER,Suzuka,MEDIUM,21.0,21.0,0,74.30000000000001,96.124
VER,Suzuka,HARD,6.0,28.0,0,62.4,96.011
VER,Suzuka,HARD,7.0,29.0,0,60.7,94.141
VER,Suzuka,HARD,8.0,30.0,0,59.0,94.752
VER,Suzuka,HARD,9.0,31.0,0,57.3,94.295
VER,Suzuka,HARD,10.0,32.0,0,55.6,94.128
VER,Suzuka,HARD,11.0,33.0,0,53.9,93.925
VER,Suzuka,HARD,12.0,34.0,0,52.2,93.841
VER,Suzuka,HARD,13.0,35.0,0,50.5,93.861
VER,Suzuka,HARD,14.0,36.0,0,48.8,93.97
VER,Suzuka,HARD,15.0,37.0,0,47.1,93.852
VER,Suzuka,HARD,16.0,38.0,0,45.400000000000006,94.052
VER,Suzuka,HARD,17.0,39.0,0,43.7,94.139
VER,Suzuka,HARD,18.0,40.0,0,42.0,93.988
VER,Suzuka,HARD,19.0,41.0,0,40.3,93.552
VER,Suzuka,HARD,20.0,42.0,0,38.60000000000001,93.706
VER,Suzuka,HARD,21.0,43.0,0,36.900000000000006,94.147
VER,Suzuka,HARD,22.0,44.0,0,35.2,94.215
VER,Suzuka,HARD,23.0,45.0,0,33.5,94.346
VER,Suzuka,HARD,24.0,46.0,0,31.8,93.911
VER,Suzuka,HARD,25.0,47.0,0,30.10000000000001,93.886
VER,Suzuka,HARD,26.0,48.0,0,28.40000000000001,93.704
VER,Suzuka,HARD,27.0,49.0,0,26.700000000000003,95.043
VER,Suzuka,HARD,28.0,50.0,0,25.0,93.921
VER,Suzuka,HARD,29.0,51.0,0,23.3,93.845
VER,Suzuka,HARD,30.0,52.0,0,21.60000000000001,93.973
VER,Suzuka,HARD,31.0,53.0,0,19.90000000000001,94.007
LAW,Suzuka,MEDIUM,2.0,2.0,0,106.6,97.029
LAW,Suzuka,MEDIUM,3.0,3.0,0,104.9,97.03
LAW,Suzuka,MEDIUM,4.0,4.0,0,103.2,96.522
LAW,Suzuka,MEDIUM,5.0,5.0,0,101.5,96.38
LAW,Suzuka,MEDIUM,6.0,6.0,0,99.8,97.206
LAW,Suzuka,MEDIUM,7.0,7.0,0,98.1,96.572
LAW,Suzuka,MEDIUM,8.0,8.0,0,96.4,96.432
LAW,Suzuka,MEDIUM,9.0,9.0,0,94.7,96.629
LAW,Suzuka,MEDIUM,10.0,10.0,0,93.0,96.618
LAW,Suzuka,MEDIUM,11.0,11.0,0,91.3,96.55
LAW,Suzuka,MEDIUM,12.0,12.0,0,89.6,97.258
LAW,Suzuka,MEDIUM,13.0,13.0,0,87.9,97.049
LAW,Suzuka,MEDIUM,14.0,14.0,0,86.2,97.013
LAW,Suzuka,MEDIUM,15.0,15.0,0,84.5,96.726
LAW,Suzuka,MEDIUM,16.0,16.0,0,82.8,96.822
LAW,Suzuka,MEDIUM,17.0,17.0,0,81.1,96.72
LAW,Suzuka,MEDIUM,18.0,18.0,0,79.4,96.604
LAW,Suzuka,MEDIUM,19.0,19.0,0,77.7,96.716
LAW,Suzuka,MEDIUM,20.0,20.0,0,76.0,96.442
LAW,Suzuka,MEDIUM,21.0,21.0,0,74.30000000000001,96.18
LAW,Suzuka,HARD,6.0,28.0,0,62.4,96.376
LAW,Suzuka,HARD,7.0,29.0,0,60.7,94.925
LAW,Suzuka,HARD,8.0,30.0,0,59.0,94.86
LAW,Suzuka,HARD,9.0,31.0,0,57.3,94.716
LAW,Suzuka,HARD,10.0,32.0,0,55.6,94.647
LAW,Suzuka,HARD,11.0,33.0,0,53.9,94.773
LAW,Suzuka,HARD,12.0,34.0,0,52.2,94.85
LAW,Suzuka,HARD,13.0,35.0,0,50.5,94.999
LAW,Suzuka,HARD,14.0,36.0,0,48.8,94.581
LAW,Suzuka,HARD,15.0,37.0,0,47.1,94.938
LAW,Suzuka,HARD,16.0,38.0,0,45.400000000000006,94.436
LAW,Suzuka,HARD,17.0,39.0,0,43.7,94.526
LAW,Suzuka,HARD,18.0,40.0,0,42.0,94.879
LAW,Suzuka,HARD,19.0,41.0,0,40.3,94.796
LAW,Suzuka,HARD,20.0,42.0,0,38.60000000000001,94.926
LAW,Suzuka,HARD,21.0,43.0,0,36.900000000000006,94.87
LAW,Suzuka,HARD,22.0,44.0,0,35.2,94.882
LAW,Suzuka,HARD,23.0,45.0,0,33.5,94.794
LAW,Suzuka,HARD,24.0,46.0,0,31.8,94.827
LAW,Suzuka,HARD,25.0,47.0,0,30.10000000000001,94.955
LAW,Suzuka,HARD,26.0,48.0,0,28.40000000000001,94.668
LAW,Suzuka,HARD,27.0,49.0,0,26.700000000000003,94.701
LAW,Suzuka,HARD,28.0,50.0,0,25.0,94.634
LAW,Suzuka,HARD,29.0,51.0,0,23.3,94.341
LAW,Suzuka,HARD,30.0,52.0,0,21.60000000000001,94.295
LAW,Suzuka,HARD,31.0,53.0,0,19.90000000000001,94.23
OCO,Suzuka,MEDIUM,2.0,2.0,0,106.6,96.654
OCO,Suzuka,MEDIUM,3.0,3.0,0,104.9,96.094
OCO,Suzuka,MEDIUM,4.0,4.0,0,103.2,95.956
OCO,Suzuka,MEDIUM,5.0,5.0,0,101.5,96.746
OCO,Suzuka,MEDIUM,6.0,6.0,0,99.8,96.55
OCO,Suzuka,MEDIUM,7.0,7.0,0,98.1,96.288
OCO,Suzuka,MEDIUM,8.0,8.0,0,96.4,95.822
OCO,Suzuka,MEDIUM,9.0,9.0,0,94.7,96.357
OCO,Suzuka,MEDIUM,10.0,10.0,0,93.0,96.43
OCO,Suzuka,MEDIUM,11.0,11.0,0,91.3,96.476
OCO,Suzuka,MEDIUM,12.0,12.0,0,89.6,96.593
OCO,Suzuka,MEDIUM,13.0,13.0,0,87.9,96.759
OCO,Suzuka,MEDIUM,14.0,14.0,0,86.2,96.706
OCO,Suzuka,MEDIUM,15.0,15.0,0,84.5,96.608
OCO,Suzuka,MEDIUM,16.0,16.0,0,82.8,96.779
OCO,Suzuka,MEDIUM,17.0,17.0,0,81.1,97.457
OCO,Suzuka,MEDIUM,18.0,18.0,0,79.4,96.456
OCO,Suzuka,MEDIUM,19.0,19.0,0,77.7,98.899
OCO,Suzuka,HARD,9.0,28.0,0,62.4,96.64
OCO,Suzuka,HARD,10.0,29.0,0,60.7,94.428
OCO,Suzuka,HARD,11.0,30.0,0,59.0,94.872
OCO,Suzuka,HARD,12.0,31.0,0,57.3,94.631
OCO,Suzuka,HARD,13.0,32.0,0,55.6,94.665
OCO,Suzuka,HARD,14.0,33.0,0,53.9,94.697
OCO,Suzuka,HARD,15.0,34.0,0,52.2,94.773
OCO,Suzuka,HARD,16.0,35.0,0,50.5,94.881
OCO,Suzuka,HARD,17.0,36.0,0,48.8,94.717
OCO,Suzuka,HARD,18.0,37.0,0,47.1,94.858
OCO,Suzuka,HARD,19.0,38.0,0,45.400000000000006,94.878
OCO,Suzuka,HARD,20.0,39.0,0,43.7,94.348
OCO,Suzuka,HARD,21.0,40.0,0,42.0,94.789
OCO,Suzuka,HARD,22.0,41.0,0,40.3,94.787
OCO,Suzuka,HARD,23.0,42.0,0,38.60000000000001,94.903
OCO,Suzuka,HARD,24.0,43.0,0,36.900000000000006,94.863
OCO,Suzuka,HARD,25.0,44.0,0,35.2,94.968
OCO,Suzuka,HARD,26.0,45.0,0,33.5,94.967
OCO,Suzuka,HARD,27.0,46.0,0,31.8,94.785
OCO,Suzuka,HARD,28.0,47.0,0,30.10000000000001,94.917
OCO,Suzuka,HARD,29.0,48.0,0,28.40000000000001,94.692
OCO,Suzuka,HARD,30.0,49.0,0,26.700000000000003,94.766
OCO,Suzuka,HARD,31.0,50.0,0,25.0,94.669
OCO,Suzuka,HARD,32.0,51.0,0,23.3,94.389
OCO,Suzuka,HARD,33.0,52.0,0,21.60000000000001,94.268
OCO,Suzuka,HARD,34.0,53.0,0,19.90000000000001,94.256
LIN,Suzuka,MEDIUM,2.0,2.0,0,106.6,96.174
LIN,Suzuka,MEDIUM,3.0,3.0,0,104.9,96.233
LIN,Suzuka,MEDIUM,4.0,4.0,0,103.2,96.039
LIN,Suzuka,MEDIUM,5.0,5.0,0,101.5,98.053
LIN,Suzuka,MEDIUM,6.0,6.0,0,99.8,97.489
LIN,Suzuka,MEDIUM,7.0,7.0,0,98.1,96.39
LIN,Suzuka,MEDIUM,8.0,8.0,0,96.4,96.083
LIN,Suzuka,MEDIUM,9.0,9.0,0,94.7,96.39
LIN,Suzuka,MEDIUM,10.0,10.0,0,93.0,96.491
LIN,Suzuka,MEDIUM,11.0,11.0,0,91.3,97.139
LIN,Suzuka,MEDIUM,12.0,12.0,0,89.6,98.709
LIN,Suzuka,MEDIUM,13.0,13.0,0,87.9,96.242
LIN,Suzuka,MEDIUM,14.0,14.0,0,86.2,96.534
LIN,Suzuka,MEDIUM,15.0,15.0,0,84.5,97.289
LIN,Suzuka,MEDIUM,16.0,16.0,0,82.8,96.823
LIN,Suzuka,MEDIUM,17.0,17.0,0,81.1,96.552
LIN,Suzuka,HARD,2.0,20.0,0,76.0,95.464
LIN,Suzuka,HARD,10.0,28.0,0,62.4,96.421
LIN,Suzuka,HARD,11.0,29.0,0,60.7,96.405
LIN,Suzuka,HARD,12.0,30.0,0,59.0,95.724
LIN,Suzuka,HARD,13.0,31.0,0,57.3,95.962
LIN,Suzuka,HARD,14.0,32.0,0,55.6,95.137
LIN,Suzuka,HARD,15.0,33.0,0,53.9,95.16
LIN,Suzuka,HARD,16.0,34.0,0,52.2,95.225
LIN,Suzuka,HARD,17.0,35.0,0,50.5,95.402
LIN,Suzuka,HARD,18.0,36.0,0,48.8,94.96
LIN,Suzuka,HARD,19.0,37.0,0,47.1,94.86
LIN,Suzuka,HARD,20.0,38.0,0,45.400000000000006,94.723
LIN,Suzuka,HARD,21.0,39.0,0,43.7,95.096
LIN,Suzuka,HARD,22.0,40.0,0,42.0,94.521
LIN,Suzuka,HARD,23.0,41.0,0,40.3,94.853
LIN,Suzuka,HARD,24.0,42.0,0,38.60000000000001,94.964
LIN,Suzuka,HARD,25.0,43.0,0,36.900000000000006,94.885
LIN,Suzuka,HARD,26.0,44.0,0,35.2,94.769
LIN,Suzuka,HARD,27.0,45.0,0,33.5,94.733
LIN,Suzuka,HARD,28.0,46.0,0,31.8,94.676
LIN,Suzuka,HARD,29.0,47.0,0,30.10000000000001,94.716
LIN,Suzuka,HARD,30.0,48.0,0,28.40000000000001,94.872
LIN,Suzuka,HARD,31.0,49.0,0,26.700000000000003,95.229
LIN,Suzuka,HARD,32.0,50.0,0,25.0,94.845
LIN,Suzuka,HARD,33.0,51.0,0,23.3,94.6
LIN,Suzuka,HARD,34.0,52.0,0,21.60000000000001,94.585
LIN,Suzuka,HARD,35.0,53.0,0,19.90000000000001,94.314
COL,Suzuka,MEDIUM,2.0,2.0,0,106.6,97.218
COL,Suzuka,MEDIUM,3.0,3.0,0,104.9,97.204
COL,Suzuka,MEDIUM,4.0,4.0,0,103.2,96.549
COL,Suzuka,MEDIUM,5.0,5.0,0,101.5,96.568
COL,Suzuka,MEDIUM,6.0,6.0,0,99.8,96.907
COL,Suzuka,MEDIUM,7.0,7.0,0,98.1,96.509
COL,Suzuka,MEDIUM,8.0,8.0,0,96.4,96.428
COL,Suzuka,MEDIUM,9.0,9.0,0,94.7,96.572
COL,Suzuka,MEDIUM,10.0,10.0,0,93.0,96.649
COL,Suzuka,MEDIUM,11.0,11.0,0,91.3,96.675
COL,Suzuka,MEDIUM,12.0,12.0,0,89.6,96.922
COL,Suzuka,MEDIUM,13.0,13.0,0,87.9,97.357
COL,Suzuka,MEDIUM,14.0,14.0,0,86.2,96.909
COL,Suzuka,MEDIUM,15.0,15.0,0,84.5,96.841
COL,Suzuka,MEDIUM,16.0,16.0,0,82.8,96.702
COL,Suzuka,HARD,2.0,19.0,0,77.7,96.885
COL,Suzuka,HARD,3.0,20.0,0,76.0,95.624
COL,Suzuka,HARD,11.0,28.0,0,62.4,96.673
COL,Suzuka,HARD,12.0,29.0,0,60.7,96.172
COL,Suzuka,HARD,13.0,30.0,0,59.0,96.475
COL,Suzuka,HARD,14.0,31.0,0,57.3,95.922
COL,Suzuka,HARD,15.0,32.0,0,55.6,95.555
COL,Suzuka,HARD,16.0,33.0,0,53.9,95.672
COL,Suzuka,HARD,17.0,34.0,0,52.2,94.76
COL,Suzuka,HARD,18.0,35.0,0,50.5,95.158
COL,Suzuka,HARD,19.0,36.0,0,48.8,95.128
COL,Suzuka,HARD,20.0,37.0,0,47.1,94.952
COL,Suzuka,HARD,21.0,38.0,0,45.400000000000006,95.25
COL,Suzuka,HARD,22.0,39.0,0,43.7,95.133
COL,Suzuka,HARD,23.0,40.0,0,42.0,95.333
COL,Suzuka,HARD,24.0,41.0,0,40.3,94.512
COL,Suzuka,HARD,25.0,42.0,0,38.60000000000001,95.365
COL,Suzuka,HARD,26.0,43.0,0,36.900000000000006,94.746
COL,Suzuka,HARD,27.0,44.0,0,35.2,95.055
COL,Suzuka,HARD,28.0,45.0,0,33.5,95.358
COL,Suzuka,HARD,29.0,46.0,0,31.8,94.853
COL,Suzuka,HARD,30.0,47.0,0,30.10000000000001,94.8
COL,Suzuka,HARD,31.0,48.0,0,28.40000000000001,94.824
COL,Suzuka,HARD,32.0,49.0,0,26.700000000000003,95.043
COL,Suzuka,HARD,33.0,50.0,0,25.0,95.074
COL,Suzuka,HARD,34.0,51.0,0,23.3,95.285
COL,Suzuka,HARD,35.0,52.0,0,21.60000000000001,94.784
COL,Suzuka,HARD,36.0,53.0,0,19.90000000000001,94.685
HAM,Suzuka,MEDIUM,1.0,1.0,0,108.3,98.386
HAM,Suzuka,MEDIUM,2.0,2.0,0,106.6,95.496
HAM,Suzuka,MEDIUM,3.0,3.0,0,104.9,95.394
HAM,Suzuka,MEDIUM,4.0,4.0,0,103.2,95.805
HAM,Suzuka,MEDIUM,5.0,5.0,0,101.5,95.453
HAM,Suzuka,MEDIUM,6.0,6.0,0,99.8,95.172
HAM,Suzuka,MEDIUM,7.0,7.0,0,98.1,95.448
HAM,Suzuka,MEDIUM,8.0,8.0,0,96.4,95.565
HAM,Suzuka,MEDIUM,9.0,9.0,0,94.7,95.765
HAM,Suzuka,MEDIUM,10.0,10.0,0,93.0,95.166
HAM,Suzuka,MEDIUM,11.0,11.0,0,91.3,95.434
HAM,Suzuka,MEDIUM,12.0,12.0,0,89.6,95.161
HAM,Suzuka,MEDIUM,13.0,13.0,0,87.9,95.397
HAM,Suzuka,MEDIUM,14.0,14.0,0,86.2,95.283
HAM,Suzuka,MEDIUM,15.0,15.0,0,84.5,95.054
HAM,Suzuka,MEDIUM,16.0,16.0,0,82.8,95.355
HAM,Suzuka,MEDIUM,17.0,17.0,0,81.1,94.876
HAM,Suzuka,MEDIUM,18.0,18.0,0,79.4,94.959
HAM,Suzuka,MEDIUM,19.0,19.0,0,77.7,94.98
HAM,Suzuka,MEDIUM,20.0,20.0,0,76.0,95.168
HAM,Suzuka,MEDIUM,21.0,21.0,0,74.30000000000001,95.01
HAM,Suzuka,HARD,6.0,28.0,0,62.4,94.067
HAM,Suzuka,HARD,7.0,29.0,0,60.7,93.742
HAM,Suzuka,HARD,8.0,30.0,0,59.0,93.875
HAM,Suzuka,HARD,9.0,31.0,0,57.3,93.67
HAM,Suzuka,HARD,10.0,32.0,0,55.6,93.501
HAM,Suzuka,HARD,11.0,33.0,0,53.9,93.524
HAM,Suzuka,HARD,12.0,34.0,0,52.2,93.301
HAM,Suzuka,HARD,13.0,35.0,0,50.5,93.696
HAM,Suzuka,HARD,14.0,36.0,0,48.8,93.658
HAM,Suzuka,HARD,15.0,37.0,0,47.1,93.934
HAM,Suzuka,HARD,16.0,38.0,0,45.400000000000006,93.436
HAM,Suzuka,HARD,17.0,39.0,0,43.7,93.576
HAM,Suzuka,HARD,18.0,40.0,0,42.0,93.869
HAM,Suzuka,HARD,19.0,41.0,0,40.3,94.177
HAM,Suzuka,HARD,20.0,42.0,0,38.60000000000001,94.662
HAM,Suzuka,HARD,21.0,43.0,0,36.900000000000006,94.359
HAM,Suzuka,HARD,22.0,44.0,0,35.2,93.636
HAM,Suzuka,HARD,23.0,45.0,0,33.5,93.495
HAM,Suzuka,HARD,24.0,46.0,0,31.8,93.442
HAM,Suzuka,HARD,25.0,47.0,0,30.10000000000001,94.676
HAM,Suzuka,HARD,26.0,48.0,0,28.40000000000001,92.777
HAM,Suzuka,HARD,27.0,49.0,0,26.700000000000003,93.867
HAM,Suzuka,HARD,28.0,50.0,0,25.0,95.689
HAM,Suzuka,HARD,29.0,51.0,0,23.3,94.927
HAM,Suzuka,HARD,30.0,52.0,0,21.60000000000001,94.193
HAM,Suzuka,HARD,31.0,53.0,0,19.90000000000001,93.669
BOR,Suzuka,MEDIUM,2.0,2.0,0,106.6,97.158
BOR,Suzuka,MEDIUM,4.0,4.0,0,103.2,97.014
BOR,Suzuka,MEDIUM,5.0,5.0,0,101.5,96.613
BOR,Suzuka,MEDIUM,6.0,6.0,0,99.8,96.651
BOR,Suzuka,MEDIUM,7.0,7.0,0,98.1,96.146
BOR,Suzuka,MEDIUM,8.0,8.0,0,96.4,96.613
BOR,Suzuka,MEDIUM,9.0,9.0,0,94.7,96.233
BOR,Suzuka,MEDIUM,10.0,10.0,0,93.0,96.263
BOR,Suzuka,MEDIUM,11.0,11.0,0,91.3,96.814
BOR,Suzuka,MEDIUM,12.0,12.0,0,89.6,96.742
BOR,Suzuka,MEDIUM,13.0,13.0,0,87.9,97.393
BOR,Suzuka,MEDIUM,14.0,14.0,0,86.2,96.882
BOR,Suzuka,MEDIUM,15.0,15.0,0,84.5,96.508
BOR,Suzuka,MEDIUM,16.0,16.0,0,82.8,97.257
BOR,Suzuka,MEDIUM,17.0,17.0,0,81.1,96.844
BOR,Suzuka,MEDIUM,18.0,18.0,0,79.4,96.582
BOR,Suzuka,MEDIUM,19.0,19.0,0,77.7,96.561
BOR,Suzuka,MEDIUM,20.0,20.0,0,76.0,96.022
BOR,Suzuka,MEDIUM,21.0,21.0,0,74.30000000000001,95.825
BOR,Suzuka,HARD,6.0,28.0,0,62.4,96.907
BOR,Suzuka,HARD,7.0,29.0,0,60.7,96.612
BOR,Suzuka,HARD,8.0,30.0,0,59.0,95.524
BOR,Suzuka,HARD,9.0,31.0,0,57.3,95.18
BOR,Suzuka,HARD,10.0,32.0,0,55.6,94.993
BOR,Suzuka,HARD,11.0,33.0,0,53.9,94.891
BOR,Suzuka,HARD,12.0,34.0,0,52.2,95.093
BOR,Suzuka,HARD,13.0,35.0,0,50.5,95.767
BOR,Suzuka,HARD,14.0,36.0,0,48.8,95.476
BOR,Suzuka,HARD,15.0,37.0,0,47.1,95.043
BOR,Suzuka,HARD,16.0,38.0,0,45.400000000000006,95.887
BOR,Suzuka,HARD,17.0,39.0,0,43.7,94.641
BOR,Suzuka,HARD,18.0,40.0,0,42.0,94.164
BOR,Suzuka,HARD,19.0,41.0,0,40.3,94.664
BOR,Suzuka,HARD,20.0,42.0,0,38.60000000000001,95.021
BOR,Suzuka,HARD,21.0,43.0,0,36.900000000000006,95.143
BOR,Suzuka,HARD,22.0,44.0,0,35.2,95.013
BOR,Suzuka,HARD,23.0,45.0,0,33.5,94.894
BOR,Suzuka,HARD,24.0,46.0,0,31.8,94.786
BOR,Suzuka,HARD,25.0,47.0,0,30.10000000000001,94.722
BOR,Suzuka,HARD,26.0,48.0,0,28.40000000000001,94.278
BOR,Suzuka,HARD,27.0,49.0,0,26.700000000000003,95.055
BOR,Suzuka,HARD,28.0,50.0,0,25.0,94.586
BOR,Suzuka,HARD,29.0,51.0,0,23.3,94.33
BOR,Suzuka,HARD,30.0,52.0,0,21.60000000000001,95.002
BOR,Suzuka,HARD,31.0,53.0,0,19.90000000000001,95.123
SAI,Suzuka,MEDIUM,2.0,2.0,0,106.6,97.798
SAI,Suzuka,MEDIUM,3.0,3.0,0,104.9,97.881
SAI,Suzuka,MEDIUM,4.0,4.0,0,103.2,97.39
SAI,Suzuka,MEDIUM,5.0,5.0,0,101.5,96.72
SAI,Suzuka,MEDIUM,6.0,6.0,0,99.8,97.683
SAI,Suzuka,MEDIUM,7.0,7.0,0,98.1,97.362
SAI,Suzuka,MEDIUM,8.0,8.0,0,96.4,96.893
SAI,Suzuka,MEDIUM,9.0,9.0,0,94.7,96.848
SAI,Suzuka,MEDIUM,10.0,10.0,0,93.0,96.761
SAI,Suzuka,MEDIUM,11.0,11.0,0,91.3,96.489
SAI,Suzuka,MEDIUM,12.0,12.0,0,89.6,97.374
SAI,Suzuka,MEDIUM,13.0,13.0,0,87.9,96.893
SAI,Suzuka,MEDIUM,14.0,14.0,0,86.2,97.031
SAI,Suzuka,MEDIUM,15.0,15.0,0,84.5,97.747
SAI,Suzuka,MEDIUM,16.0,16.0,0,82.8,96.557
SAI,Suzuka,MEDIUM,17.0,17.0,0,81.1,96.914
SAI,Suzuka,MEDIUM,18.0,18.0,0,79.4,96.768
SAI,Suzuka,MEDIUM,19.0,19.0,0,77.7,96.593
SAI,Suzuka,MEDIUM,20.0,20.0,0,76.0,96.46
SAI,Suzuka,MEDIUM,21.0,21.0,0,74.30000000000001,96.49
SAI,Suzuka,HARD,6.0,28.0,0,62.4,96.533
SAI,Suzuka,HARD,7.0,29.0,0,60.7,96.427
SAI,Suzuka,HARD,8.0,30.0,0,59.0,96.134
SAI,Suzuka,HARD,9.0,31.0,0,57.3,96.121
SAI,Suzuka,HARD,10.0,32.0,0,55.6,95.583
SAI,Suzuka,HARD,11.0,33.0,0,53.9,95.094
SAI,Suzuka,HARD,12.0,34.0,0,52.2,95.138
SAI,Suzuka,HARD,13.0,35.0,0,50.5,95.085
SAI,Suzuka,HARD,14.0,36.0,0,48.8,94.903
SAI,Suzuka,HARD,15.0,37.0,0,47.1,94.992
SAI,Suzuka,HARD,16.0,38.0,0,45.400000000000006,94.514
SAI,Suzuka,HARD,17.0,39.0,0,43.7,95.177
SAI,Suzuka,HARD,18.0,40.0,0,42.0,94.926
SAI,Suzuka,HARD,19.0,41.0,0,40.3,95.064
SAI,Suzuka,HARD,20.0,42.0,0,38.60000000000001,95.071
SAI,Suzuka,HARD,21.0,43.0,0,36.900000000000006,95.246
SAI,Suzuka,HARD,22.0,44.0,0,35.2,95.054
SAI,Suzuka,HARD,23.0,45.0,0,33.5,95.017
SAI,Suzuka,HARD,24.0,46.0,0,31.8,95.307
SAI,Suzuka,HARD,25.0,47.0,0,30.10000000000001,94.97
SAI,Suzuka,HARD,26.0,48.0,0,28.40000000000001,95.021
SAI,Suzuka,HARD,27.0,49.0,0,26.700000000000003,95.093
SAI,Suzuka,HARD,28.0,50.0,0,25.0,95.218
SAI,Suzuka,HARD,29.0,51.0,0,23.3,95.356
SAI,Suzuka,HARD,30.0,52.0,0,21.60000000000001,94.661
SAI,Suzuka,HARD,31.0,53.0,0,19.90000000000001,94.539
HAD,Suzuka,MEDIUM,2.0,2.0,0,106.6,98.261
HAD,Suzuka,MEDIUM,3.0,3.0,0,104.9,97.193
HAD,Suzuka,MEDIUM,4.0,4.0,0,103.2,96.017
HAD,Suzuka,MEDIUM,5.0,5.0,0,101.5,96.363
HAD,Suzuka,MEDIUM,6.0,6.0,0,99.8,97.105
HAD,Suzuka,MEDIUM,7.0,7.0,0,98.1,96.393
HAD,Suzuka,MEDIUM,8.0,8.0,0,96.4,96.203
HAD,Suzuka,MEDIUM,9.0,9.0,0,94.7,96.505
HAD,Suzuka,MEDIUM,10.0,10.0,0,93.0,96.234
HAD,Suzuka,MEDIUM,11.0,11.0,0,91.3,96.941
HAD,Suzuka,MEDIUM,12.0,12.0,0,89.6,98.692
HAD,Suzuka,MEDIUM,13.0,13.0,0,87.9,96.464
HAD,Suzuka,MEDIUM,14.0,14.0,0,86.2,96.672
HAD,Suzuka,MEDIUM,15.0,15.0,0,84.5,96.777
HAD,Suzuka,MEDIUM,16.0,16.0,0,82.8,97.204
HAD,Suzuka,MEDIUM,17.0,17.0,0,81.1,96.985
HAD,Suzuka,MEDIUM,18.0,18.0,0,79.4,96.294
HAD,Suzuka,MEDIUM,19.0,19.0,0,77.7,97.735
HAD,Suzuka,HARD,9.0,28.0,0,62.4,96.376
HAD,Suzuka,HARD,10.0,29.0,0,60.7,96.05
HAD,Suzuka,HARD,11.0,30.0,0,59.0,95.485
HAD,Suzuka,HARD,12.0,31.0,0,57.3,95.255
HAD,Suzuka,HARD,13.0,32.0,0,55.6,94.986
HAD,Suzuka,HARD,14.0,33.0,0,53.9,94.718
HAD,Suzuka,HARD,15.0,34.0,0,52.2,95.145
HAD,Suzuka,HARD,16.0,35.0,0,50.5,95.64
HAD,Suzuka,HARD,17.0,36.0,0,48.8,93.96
HAD,Suzuka,HARD,18.0,37.0,0,47.1,94.637
HAD,Suzuka,HARD,19.0,38.0,0,45.400000000000006,94.466
HAD,Suzuka,HARD,20.0,39.0,0,43.7,94.558
HAD,Suzuka,HARD,21.0,40.0,0,42.0,94.361
HAD,Suzuka,HARD,22.0,41.0,0,40.3,94.482
HAD,Suzuka,HARD,23.0,42.0,0,38.60000000000001,94.543
HAD,Suzuka,HARD,24.0,43.0,0,36.900000000000006,94.872
HAD,Suzuka,HARD,25.0,44.0,0,35.2,94.376
HAD,Suzuka,HARD,26.0,45.0,0,33.5,95.914
HAD,Suzuka,HARD,27.0,46.0,0,31.8,96.112
HAD,Suzuka,HARD,28.0,47.0,0,30.10000000000001,95.366
HAD,Suzuka,HARD,29.0,48.0,0,28.40000000000001,94.972
HAD,Suzuka,HARD,30.0,49.0,0,26.700000000000003,94.946
HAD,Suzuka,HARD,31.0,50.0,0,25.0,94.774
HAD,Suzuka,HARD,32.0,51.0,0,23.3,94.126
HAD,Suzuka,HARD,33.0,52.0,0,21.60000000000001,94.301
HAD,Suzuka,HARD,34.0,53.0,0,19.90000000000001,93.837
RUS,Suzuka,MEDIUM,1.0,1.0,0,108.3,97.823
RUS,Suzuka,MEDIUM,2.0,2.0,0,106.6,94.87
RUS,Suzuka,MEDIUM,3.0,3.0,0,104.9,94.469
RUS,Suzuka,MEDIUM,4.0,4.0,0,103.2,94.772
RUS,Suzuka,MEDIUM,5.0,5.0,0,101.5,94.71
RUS,Suzuka,MEDIUM,6.0,6.0,0,99.8,94.796
RUS,Suzuka,MEDIUM,7.0,7.0,0,98.1,94.741
RUS,Suzuka,MEDIUM,8.0,8.0,0,96.4,95.043
RUS,Suzuka,MEDIUM,9.0,9.0,0,94.7,96.042
RUS,Suzuka,MEDIUM,10.0,10.0,0,93.0,94.936
RUS,Suzuka,MEDIUM,11.0,11.0,0,91.3,95.332
RUS,Suzuka,MEDIUM,12.0,12.0,0,89.6,95.078
RUS,Suzuka,MEDIUM,13.0,13.0,0,87.9,95.249
RUS,Suzuka,MEDIUM,14.0,14.0,0,86.2,95.101
RUS,Suzuka,MEDIUM,15.0,15.0,0,84.5,95.148
RUS,Suzuka,MEDIUM,16.0,16.0,0,82.8,95.253
RUS,Suzuka,MEDIUM,17.0,17.0,0,81.1,95.033
RUS,Suzuka,MEDIUM,18.0,18.0,0,79.4,94.788
RUS,Suzuka,MEDIUM,19.0,19.0,0,77.7,94.987
RUS,Suzuka,MEDIUM,20.0,20.0,0,76.0,94.523
RUS,Suzuka,MEDIUM,21.0,21.0,0,74.30000000000001,96.505
RUS,Suzuka,HARD,7.0,28.0,0,62.4,95.242
RUS,Suzuka,HARD,8.0,29.0,0,60.7,93.717
RUS,Suzuka,HARD,9.0,30.0,0,59.0,93.612
RUS,Suzuka,HARD,10.0,31.0,0,57.3,93.905
RUS,Suzuka,HARD,11.0,32.0,0,55.6,93.405
RUS,Suzuka,HARD,12.0,33.0,0,53.9,93.5
RUS,Suzuka,HARD,13.0,34.0,0,52.2,93.485
RUS,Suzuka,HARD,14.0,35.0,0,50.5,93.336
RUS,Suzuka,HARD,15.0,36.0,0,48.8,93.673
RUS,Suzuka,HARD,16.0,37.0,0,47.1,94.808
RUS,Suzuka,HARD,17.0,38.0,0,45.400000000000006,93.527
RUS,Suzuka,HARD,18.0,39.0,0,43.7,93.454
RUS,Suzuka,HARD,19.0,40.0,0,42.0,93.661
RUS,Suzuka,HARD,20.0,41.0,0,40.3,94.191
RUS,Suzuka,HARD,21.0,42.0,0,38.60000000000001,94.031
RUS,Suzuka,HARD,22.0,43.0,0,36.900000000000006,92.897
RUS,Suzuka,HARD,23.0,44.0,0,35.2,93.053
RUS,Suzuka,HARD,24.0,45.0,0,33.5,93.274
RUS,Suzuka,HARD,25.0,46.0,0,31.8,93.146
RUS,Suzuka,HARD,26.0,47.0,0,30.10000000000001,93.176
RUS,Suzuka,HARD,27.0,48.0,0,28.40000000000001,93.046
RUS,Suzuka,HARD,28.0,49.0,0,26.700000000000003,93.354
RUS,Suzuka,HARD,29.0,50.0,0,25.0,93.217
RUS,Suzuka,HARD,30.0,51.0,0,23.3,94.088
RUS,Suzuka,HARD,31.0,52.0,0,21.60000000000001,93.11
RUS,Suzuka,HARD,32.0,53.0,0,19.90000000000001,92.549
BOT,Suzuka,HARD,3.0,3.0,0,104.9,98.311
BOT,Suzuka,HARD,4.0,4.0,0,103.2,98.484
BOT,Suzuka,HARD,5.0,5.0,0,101.5,98.495
BOT,Suzuka,HARD,6.0,6.0,0,99.8,98.627
BOT,Suzuka,HARD,7.0,7.0,0,98.1,98.485
BOT,Suzuka,HARD,8.0,8.0,0,96.4,98.658
BOT,Suzuka,HARD,9.0,9.0,0,94.7,98.823
BOT,Suzuka,HARD,10.0,10.0,0,93.0,98.835
BOT,Suzuka,HARD,11.0,11.0,0,91.3,98.869
BOT,Suzuka,HARD,13.0,13.0,0,87.9,98.714
BOT,Suzuka,HARD,16.0,16.0,0,82.8,98.42
BOT,Suzuka,MEDIUM,8.0,27.0,0,64.1,98.153
BOT,Suzuka,MEDIUM,9.0,28.0,0,62.4,97.163
BOT,Suzuka,MEDIUM,10.0,29.0,0,60.7,97.203
BOT,Suzuka,MEDIUM,11.0,30.0,0,59.0,97.369
BOT,Suzuka,MEDIUM,12.0,31.0,0,57.3,97.112
BOT,Suzuka,MEDIUM,13.0,32.0,0,55.6,97.142
BOT,Suzuka,MEDIUM,14.0,33.0,0,53.9,97.072
BOT,Suzuka,MEDIUM,15.0,34.0,0,52.2,97.059
BOT,Suzuka,MEDIUM,16.0,35.0,0,50.5,97.169
BOT,Suzuka,MEDIUM,17.0,36.0,0,48.8,97.19
BOT,Suzuka,MEDIUM,18.0,37.0,0,47.1,96.878
BOT,Suzuka,MEDIUM,19.0,38.0,0,45.400000000000006,96.853
BOT,Suzuka,MEDIUM,20.0,39.0,0,43.7,96.92
BOT,Suzuka,MEDIUM,21.0,40.0,0,42.0,96.919
BOT,Suzuka,MEDIUM,22.0,41.0,0,40.3,96.737
BOT,Suzuka,MEDIUM,23.0,42.0,0,38.60000000000001,96.631
BOT,Suzuka,MEDIUM,24.0,43.0,0,36.900000000000006,96.859
BOT,Suzuka,MEDIUM,25.0,44.0,0,35.2,96.847
BOT,Suzuka,MEDIUM,26.0,45.0,0,33.5,98.889
BOT,Suzuka,MEDIUM,27.0,46.0,0,31.8,96.821
BOT,Suzuka,MEDIUM,29.0,48.0,0,28.40000000000001,97.066
BOT,Suzuka,MEDIUM,31.0,50.0,0,25.0,96.806
BOT,Suzuka,MEDIUM,32.0,51.0,0,23.3,97.217
BOT,Suzuka,MEDIUM,33.0,52.0,0,21.60000000000001,96.269
PIA,Suzuka,MEDIUM,1.0,1.0,0,108.3,95.268
PIA,Suzuka,MEDIUM,2.0,2.0,0,106.6,94.949
PIA,Suzuka,MEDIUM,3.0,3.0,0,104.9,94.999
PIA,Suzuka,MEDIUM,4.0,4.0,0,103.2,95.136
PIA,Suzuka,MEDIUM,5.0,5.0,0,101.5,95.124
PIA,Suzuka,MEDIUM,6.0,6.0,0,99.8,95.109
PIA,Suzuka,MEDIUM,7.0,7.0,0,98.1,95.078
PIA,Suzuka,MEDIUM,8.0,8.0,0,96.4,95.815
PIA,Suzuka,MEDIUM,9.0,9.0,0,94.7,94.793
PIA,Suzuka,MEDIUM,10.0,10.0,0,93.0,95.111
PIA,Suzuka,MEDIUM,11.0,11.0,0,91.3,95.419
PIA,Suzuka,MEDIUM,12.0,12.0,0,89.6,95.108
PIA,Suzuka,MEDIUM,13.0,13.0,0,87.9,94.856
PIA,Suzuka,MEDIUM,14.0,14.0,0,86.2,95.095
PIA,Suzuka,MEDIUM,15.0,15.0,0,84.5,94.905
PIA,Suzuka,MEDIUM,16.0,16.0,0,82.8,94.885
PIA,Suzuka,MEDIUM,17.0,17.0,0,81.1,94.916
PIA,Suzuka,MEDIUM,18.0,18.0,0,79.4,97.327
PIA,Suzuka,HARD,2.0,20.0,0,76.0,94.774
PIA,Suzuka,HARD,3.0,21.0,0,74.30000000000001,94.01
PIA,Suzuka,HARD,10.0,28.0,0,62.4,94.314
PIA,Suzuka,HARD,11.0,29.0,0,60.7,93.667
PIA,Suzuka,HARD,12.0,30.0,0,59.0,93.699
PIA,Suzuka,HARD,13.0,31.0,0,57.3,93.41
PIA,Suzuka,HARD,14.0,32.0,0,55.6,93.605
PIA,Suzuka,HARD,15.0,33.0,0,53.9,93.484
PIA,Suzuka,HARD,16.0,34.0,0,52.2,93.401
PIA,Suzuka,HARD,17.0,35.0,0,50.5,93.509
PIA,Suzuka,HARD,18.0,36.0,0,48.8,93.411
PIA,Suzuka,HARD,19.0,37.0,0,47.1,93.708
PIA,Suzuka,HARD,20.0,38.0,0,45.400000000000006,93.712
PIA,Suzuka,HARD,21.0,39.0,0,43.7,93.467
PIA,Suzuka,HARD,22.0,40.0,0,42.0,93.469
PIA,Suzuka,HARD,23.0,41.0,0,40.3,93.764
PIA,Suzuka,HARD,24.0,42.0,0,38.60000000000001,93.513
PIA,Suzuka,HARD,25.0,43.0,0,36.900000000000006,93.518
PIA,Suzuka,HARD,26.0,44.0,0,35.2,93.431
PIA,Suzuka,HARD,27.0,45.0,0,33.5,93.523
PIA,Suzuka,HARD,28.0,46.0,0,31.8,93.329
PIA,Suzuka,HARD,29.0,47.0,0,30.10000000000001,93.197
PIA,Suzuka,HARD,30.0,48.0,0,28.40000000000001,93.371
PIA,Suzuka,HARD,31.0,49.0,0,26.700000000000003,92.996
PIA,Suzuka,HARD,32.0,50.0,0,25.0,93.266
PIA,Suzuka,HARD,33.0,51.0,0,23.3,93.826
PIA,Suzuka,HARD,34.0,52.0,0,21.60000000000001,93.012
PIA,Suzuka,HARD,35.0,53.0,0,19.90000000000001,93.294
BEA,Suzuka,MEDIUM,2.0,2.0,0,106.6,96.402
BEA,Suzuka,MEDIUM,3.0,3.0,0,104.9,97.62
BEA,Suzuka,MEDIUM,4.0,4.0,0,103.2,96.663
BEA,Suzuka,MEDIUM,5.0,5.0,0,101.5,96.847
BEA,Suzuka,MEDIUM,6.0,6.0,0,99.8,96.914
BEA,Suzuka,MEDIUM,7.0,7.0,0,98.1,97.42
BEA,Suzuka,MEDIUM,8.0,8.0,0,96.4,96.291
BEA,Suzuka,MEDIUM,9.0,9.0,0,94.7,96.294
BEA,Suzuka,MEDIUM,10.0,10.0,0,93.0,96.764
BEA,Suzuka,MEDIUM,11.0,11.0,0,91.3,97.79
BEA,Suzuka,MEDIUM,12.0,12.0,0,89.6,97.128
BEA,Suzuka,MEDIUM,13.0,13.0,0,87.9,96.764
BEA,Suzuka,MEDIUM,14.0,14.0,0,86.2,96.645
BEA,Suzuka,MEDIUM,15.0,15.0,0,84.5,96.624
BEA,Suzuka,MEDIUM,16.0,16.0,0,82.8,98.787
BEA,Suzuka,HARD,2.0,18.0,0,79.4,96.054
BEA,Suzuka,HARD,3.0,19.0,0,77.7,95.905
BEA,Suzuka,HARD,4.0,20.0,0,76.0,95.604
NOR,Miami,MEDIUM,1.0,1.0,0,108.3,98.115
NOR,Miami,MEDIUM,2.0,2.0,0,106.6,92.77
NOR,Miami,MEDIUM,3.0,3.0,0,104.9,93.263
NOR,Miami,MEDIUM,4.0,4.0,0,103.2,93.814
NOR,Miami,MEDIUM,5.0,5.0,0,101.5,93.842
NOR,Miami,MEDIUM,12.0,12.0,0,89.6,92.556
NOR,Miami,MEDIUM,13.0,13.0,0,87.9,92.894
NOR,Miami,MEDIUM,14.0,14.0,0,86.2,92.794
NOR,Miami,MEDIUM,15.0,15.0,0,84.5,92.987
NOR,Miami,MEDIUM,16.0,16.0,0,82.8,92.87
NOR,Miami,MEDIUM,17.0,17.0,0,81.1,93.094
NOR,Miami,MEDIUM,18.0,18.0,0,79.4,93.04
NOR,Miami,MEDIUM,19.0,19.0,0,77.7,93.008
NOR,Miami,MEDIUM,20.0,20.0,0,76.0,93.193
NOR,Miami,MEDIUM,21.0,21.0,0,74.30000000000001,92.881
NOR,Miami,MEDIUM,22.0,22.0,0,72.6,93.048
NOR,Miami,MEDIUM,23.0,23.0,0,70.9,93.098
NOR,Miami,MEDIUM,24.0,24.0,0,69.2,93.093
NOR,Miami,MEDIUM,25.0,25.0,0,67.5,93.384
NOR,Miami,MEDIUM,26.0,26.0,0,65.80000000000001,93.059
NOR,Miami,HARD,2.0,29.0,0,60.7,93.451
NOR,Miami,HARD,3.0,30.0,0,59.0,92.247
NOR,Miami,HARD,4.0,31.0,0,57.3,92.069
NOR,Miami,HARD,5.0,32.0,0,55.6,92.155
NOR,Miami,HARD,6.0,33.0,0,53.9,91.991
NOR,Miami,HARD,7.0,34.0,0,52.2,92.32
NOR,Miami,HARD,8.0,35.0,0,50.5,91.869
NOR,Miami,HARD,9.0,36.0,0,48.8,92.326
NOR,Miami,HARD,10.0,37.0,0,47.1,92.391
NOR,Miami,HARD,11.0,38.0,0,45.400000000000006,92.383
NOR,Miami,HARD,12.0,39.0,0,43.7,92.657
NOR,Miami,HARD,13.0,40.0,0,42.0,92.64
NOR,Miami,HARD,14.0,41.0,0,40.3,92.676
NOR,Miami,HARD,15.0,42.0,0,38.60000000000001,92.662
NOR,Miami,HARD,16.0,43.0,0,36.900000000000006,92.491
NOR,Miami,HARD,17.0,44.0,0,35.2,92.591
NOR,Miami,HARD,18.0,45.0,0,33.5,92.469
NOR,Miami,HARD,19.0,46.0,0,31.8,92.715
NOR,Miami,HARD,20.0,47.0,0,30.10000000000001,92.235
NOR,Miami,HARD,21.0,48.0,0,28.40000000000001,92.398
NOR,Miami,HARD,22.0,49.0,0,26.700000000000003,92.269
NOR,Miami,HARD,23.0,50.0,0,25.0,92.428
NOR,Miami,HARD,24.0,51.0,0,23.3,92.394
NOR,Miami,HARD,25.0,52.0,0,21.60000000000001,92.464
NOR,Miami,HARD,26.0,53.0,0,19.90000000000001,92.738
NOR,Miami,HARD,27.0,54.0,0,18.200000000000003,92.038
NOR,Miami,HARD,28.0,55.0,0,16.5,92.493
NOR,Miami,HARD,29.0,56.0,0,14.799999999999995,92.849
NOR,Miami,HARD,30.0,57.0,0,13.100000000000009,93.474
GAS,Miami,MEDIUM,2.0,2.0,0,106.6,95.576
GAS,Miami,MEDIUM,3.0,3.0,0,104.9,95.046
GAS,Miami,MEDIUM,4.0,4.0,0,103.2,94.856
PER,Miami,MEDIUM,2.0,2.0,0,106.6,96.783
PER,Miami,MEDIUM,3.0,3.0,0,104.9,97.009
PER,Miami,MEDIUM,4.0,4.0,0,103.2,96.307
PER,Miami,MEDIUM,5.0,5.0,0,101.5,96.828
PER,Miami,MEDIUM,12.0,12.0,0,89.6,96.951
PER,Miami,MEDIUM,13.0,13.0,0,87.9,96.605
PER,Miami,MEDIUM,14.0,14.0,0,86.2,96.571
PER,Miami,MEDIUM,15.0,15.0,0,84.5,96.214
PER,Miami,MEDIUM,16.0,16.0,0,82.8,96.404
PER,Miami,MEDIUM,17.0,17.0,0,81.1,96.436
PER,Miami,MEDIUM,18.0,18.0,0,79.4,96.558
PER,Miami,MEDIUM,19.0,19.0,0,77.7,96.405
PER,Miami,MEDIUM,20.0,20.0,0,76.0,96.498
PER,Miami,MEDIUM,21.0,21.0,0,74.30000000000001,96.52
PER,Miami,MEDIUM,22.0,22.0,0,72.6,96.255
PER,Miami,MEDIUM,23.0,23.0,0,70.9,96.617
PER,Miami,MEDIUM,24.0,24.0,0,69.2,96.353
PER,Miami,MEDIUM,25.0,25.0,0,67.5,96.732
PER,Miami,MEDIUM,26.0,26.0,0,65.80000000000001,96.278
PER,Miami,MEDIUM,27.0,27.0,0,64.1,96.385
PER,Miami,MEDIUM,28.0,28.0,0,62.4,96.919
PER,Miami,HARD,2.0,31.0,0,57.3,94.895
PER,Miami,HARD,3.0,32.0,0,55.6,95.379
PER,Miami,HARD,4.0,33.0,0,53.9,95.011
PER,Miami,HARD,5.0,34.0,0,52.2,95.312
PER,Miami,HARD,6.0,35.0,0,50.5,95.648
PER,Miami,HARD,7.0,36.0,0,48.8,97.862
PER,Miami,HARD,8.0,37.0,0,47.1,95.733
PER,Miami,HARD,9.0,38.0,0,45.400000000000006,95.539
PER,Miami,HARD,10.0,39.0,0,43.7,95.829
PER,Miami,HARD,11.0,40.0,0,42.0,97.17
PER,Miami,HARD,12.0,41.0,0,40.3,97.35
PER,Miami,HARD,13.0,42.0,0,38.60000000000001,96.678
PER,Miami,HARD,14.0,43.0,0,36.900000000000006,97.179
PER,Miami,HARD,15.0,44.0,0,35.2,95.557
PER,Miami,HARD,16.0,45.0,0,33.5,96.376
PER,Miami,HARD,17.0,46.0,0,31.8,96.409
PER,Miami,HARD,18.0,47.0,0,30.10000000000001,96.892
PER,Miami,HARD,19.0,48.0,0,28.40000000000001,96.634
PER,Miami,HARD,20.0,49.0,0,26.700000000000003,96.887
PER,Miami,HARD,21.0,50.0,0,25.0,96.556
PER,Miami,HARD,22.0,51.0,0,23.3,96.311
PER,Miami,HARD,23.0,52.0,0,21.60000000000001,95.814
PER,Miami,HARD,24.0,53.0,0,19.90000000000001,95.356
PER,Miami,HARD,25.0,54.0,0,18.200000000000003,95.502
PER,Miami,HARD,26.0,55.0,0,16.5,95.25
PER,Miami,HARD,27.0,56.0,0,14.799999999999995,95.25
ANT,Miami,MEDIUM,1.0,1.0,0,108.3,97.243
ANT,Miami,MEDIUM,2.0,2.0,0,106.6,92.936
ANT,Miami,MEDIUM,3.0,3.0,0,104.9,93.224
ANT,Miami,MEDIUM,4.0,4.0,0,103.2,93.586
ANT,Miami,MEDIUM,5.0,5.0,0,101.5,94.602
ANT,Miami,MEDIUM,12.0,12.0,0,89.6,93.043
ANT,Miami,MEDIUM,13.0,13.0,0,87.9,93.07
ANT,Miami,MEDIUM,14.0,14.0,0,86.2,93.314
ANT,Miami,MEDIUM,15.0,15.0,0,84.5,93.18
ANT,Miami,MEDIUM,16.0,16.0,0,82.8,93.658
ANT,Miami,MEDIUM,17.0,17.0,0,81.1,93.053
ANT,Miami,MEDIUM,18.0,18.0,0,79.4,93.244
ANT,Miami,MEDIUM,19.0,19.0,0,77.7,93.345
ANT,Miami,MEDIUM,20.0,20.0,0,76.0,93.011
ANT,Miami,MEDIUM,21.0,21.0,0,74.30000000000001,93.149
ANT,Miami,MEDIUM,22.0,22.0,0,72.6,92.779
ANT,Miami,MEDIUM,23.0,23.0,0,70.9,92.994
ANT,Miami,MEDIUM,24.0,24.0,0,69.2,92.802
ANT,Miami,MEDIUM,25.0,25.0,0,67.5,93.068
ANT,Miami,MEDIUM,26.0,26.0,0,65.80000000000001,97.884
ANT,Miami,HARD,2.0,28.0,0,62.4,92.914
ANT,Miami,HARD,3.0,29.0,0,60.7,92.331
ANT,Miami,HARD,4.0,30.0,0,59.0,92.21
ANT,Miami,HARD,5.0,31.0,0,57.3,92.258
ANT,Miami,HARD,6.0,32.0,0,55.6,92.046
ANT,Miami,HARD,7.0,33.0,0,53.9,92.113
ANT,Miami,HARD,8.0,34.0,0,52.2,91.968
ANT,Miami,HARD,9.0,35.0,0,50.5,92.487
ANT,Miami,HARD,10.0,36.0,0,48.8,92.354
ANT,Miami,HARD,11.0,37.0,0,47.1,92.483
ANT,Miami,HARD,12.0,38.0,0,45.400000000000006,92.423
ANT,Miami,HARD,13.0,39.0,0,43.7,92.382
ANT,Miami,HARD,14.0,40.0,0,42.0,92.878
ANT,Miami,HARD,15.0,41.0,0,40.3,92.331
ANT,Miami,HARD,16.0,42.0,0,38.60000000000001,92.496
ANT,Miami,HARD,17.0,43.0,0,36.900000000000006,92.186
ANT,Miami,HARD,18.0,44.0,0,35.2,92.211
ANT,Miami,HARD,19.0,45.0,0,33.5,92.399
ANT,Miami,HARD,20.0,46.0,0,31.8,92.531
ANT,Miami,HARD,21.0,47.0,0,30.10000000000001,92.782
ANT,Miami,HARD,22.0,48.0,0,28.40000000000001,92.377
ANT,Miami,HARD,23.0,49.0,0,26.700000000000003,92.243
ANT,Miami,HARD,24.0,50.0,0,25.0,92.097
ANT,Miami,HARD,25.0,51.0,0,23.3,92.418
ANT,Miami,HARD,26.0,52.0,0,21.60000000000001,92.427
ANT,Miami,HARD,27.0,53.0,0,19.90000000000001,92.354
ANT,Miami,HARD,28.0,54.0,0,18.200000000000003,91.986
ANT,Miami,HARD,29.0,55.0,0,16.5,92.347
ANT,Miami,HARD,30.0,56.0,0,14.799999999999995,92.586
ANT,Miami,HARD,31.0,57.0,0,13.100000000000009,93.092
ALO,Miami,MEDIUM,2.0,2.0,0,106.6,96.627
ALO,Miami,MEDIUM,3.0,3.0,0,104.9,96.505
ALO,Miami,MEDIUM,4.0,4.0,0,103.2,96.45
ALO,Miami,MEDIUM,12.0,12.0,0,89.6,96.8
ALO,Miami,MEDIUM,13.0,13.0,0,87.9,96.349
ALO,Miami,MEDIUM,14.0,14.0,0,86.2,96.482
ALO,Miami,MEDIUM,15.0,15.0,0,84.5,97.635
ALO,Miami,MEDIUM,16.0,16.0,0,82.8,96.143
ALO,Miami,MEDIUM,17.0,17.0,0,81.1,96.453
ALO,Miami,MEDIUM,18.0,18.0,0,79.4,96.939
ALO,Miami,MEDIUM,19.0,19.0,0,77.7,96.836
ALO,Miami,MEDIUM,20.0,20.0,0,76.0,96.221
ALO,Miami,MEDIUM,21.0,21.0,0,74.30000000000001,96.561
ALO,Miami,MEDIUM,22.0,22.0,0,72.6,96.294
ALO,Miami,MEDIUM,23.0,23.0,0,70.9,96.386
ALO,Miami,MEDIUM,24.0,24.0,0,69.2,96.666
ALO,Miami,MEDIUM,25.0,25.0,0,67.5,96.477
ALO,Miami,MEDIUM,26.0,26.0,0,65.80000000000001,96.269
ALO,Miami,MEDIUM,27.0,27.0,0,64.1,96.071
ALO,Miami,MEDIUM,28.0,28.0,0,62.4,95.985
ALO,Miami,MEDIUM,29.0,29.0,0,60.7,96.08
ALO,Miami,MEDIUM,30.0,30.0,0,59.0,96.191
ALO,Miami,MEDIUM,31.0,31.0,0,57.3,96.39
ALO,Miami,MEDIUM,32.0,32.0,0,55.6,96.335
ALO,Miami,MEDIUM,33.0,33.0,0,53.9,96.708
ALO,Miami,MEDIUM,34.0,34.0,0,52.2,95.644
ALO,Miami,MEDIUM,35.0,35.0,0,50.5,96.543
ALO,Miami,MEDIUM,36.0,36.0,0,48.8,96.451
ALO,Miami,MEDIUM,37.0,37.0,0,47.1,96.558
ALO,Miami,MEDIUM,38.0,38.0,0,45.400000000000006,96.87
ALO,Miami,MEDIUM,39.0,39.0,0,43.7,96.394
ALO,Miami,MEDIUM,40.0,40.0,0,42.0,97.717
ALO,Miami,SOFT,2.0,43.0,0,36.900000000000006,95.55
ALO,Miami,SOFT,3.0,44.0,0,35.2,93.512
ALO,Miami,SOFT,4.0,45.0,0,33.5,94.594
ALO,Miami,SOFT,5.0,46.0,0,31.8,96.389
ALO,Miami,SOFT,6.0,47.0,0,30.10000000000001,96.191
ALO,Miami,SOFT,7.0,48.0,0,28.40000000000001,96.765
ALO,Miami,SOFT,8.0,49.0,0,26.700000000000003,97.677
ALO,Miami,SOFT,9.0,50.0,0,25.0,96.116
ALO,Miami,SOFT,10.0,51.0,0,23.3,95.159
ALO,Miami,SOFT,11.0,52.0,0,21.60000000000001,95.091
ALO,Miami,SOFT,12.0,53.0,0,19.90000000000001,95.015
ALO,Miami,SOFT,13.0,54.0,0,18.200000000000003,94.97
ALO,Miami,SOFT,14.0,55.0,0,16.5,94.944
ALO,Miami,SOFT,15.0,56.0,0,14.799999999999995,95.246
LEC,Miami,MEDIUM,1.0,1.0,0,108.3,96.094
LEC,Miami,MEDIUM,2.0,2.0,0,106.6,93.036
LEC,Miami,MEDIUM,3.0,3.0,0,104.9,93.357
LEC,Miami,MEDIUM,4.0,4.0,0,103.2,94.73
LEC,Miami,MEDIUM,5.0,5.0,0,101.5,93.697
LEC,Miami,MEDIUM,12.0,12.0,0,89.6,92.878
LEC,Miami,MEDIUM,13.0,13.0,0,87.9,94.381
LEC,Miami,MEDIUM,14.0,14.0,0,86.2,93.744
LEC,Miami,MEDIUM,15.0,15.0,0,84.5,93.56
LEC,Miami,MEDIUM,16.0,16.0,0,82.8,93.536
LEC,Miami,MEDIUM,17.0,17.0,0,81.1,95.457
LEC,Miami,MEDIUM,18.0,18.0,0,79.4,93.692
LEC,Miami,MEDIUM,19.0,19.0,0,77.7,93.539
LEC,Miami,MEDIUM,20.0,20.0,0,76.0,93.689
LEC,Miami,HARD,2.0,23.0,0,70.9,93.886
LEC,Miami,HARD,3.0,24.0,0,69.2,93.588
LEC,Miami,HARD,4.0,25.0,0,67.5,92.986
LEC,Miami,HARD,5.0,26.0,0,65.80000000000001,93.905
LEC,Miami,HARD,6.0,27.0,0,64.1,92.922
LEC,Miami,HARD,7.0,28.0,0,62.4,92.652
LEC,Miami,HARD,8.0,29.0,0,60.7,92.786
LEC,Miami,HARD,9.0,30.0,0,59.0,93.416
LEC,Miami,HARD,10.0,31.0,0,57.3,92.945
LEC,Miami,HARD,11.0,32.0,0,55.6,92.995
LEC,Miami,HARD,12.0,33.0,0,53.9,93.075
LEC,Miami,HARD,13.0,34.0,0,52.2,92.971
LEC,Miami,HARD,14.0,35.0,0,50.5,92.993
LEC,Miami,HARD,15.0,36.0,0,48.8,92.879
LEC,Miami,HARD,16.0,37.0,0,47.1,93.155
LEC,Miami,HARD,17.0,38.0,0,45.400000000000006,92.993
LEC,Miami,HARD,18.0,39.0,0,43.7,92.755
LEC,Miami,HARD,19.0,40.0,0,42.0,92.767
LEC,Miami,HARD,20.0,41.0,0,40.3,92.686
LEC,Miami,HARD,21.0,42.0,0,38.60000000000001,93.042
LEC,Miami,HARD,22.0,43.0,0,36.900000000000006,92.612
LEC,Miami,HARD,23.0,44.0,0,35.2,92.515
LEC,Miami,HARD,24.0,45.0,0,33.5,92.874
LEC,Miami,HARD,25.0,46.0,0,31.8,93.468
LEC,Miami,HARD,26.0,47.0,0,30.10000000000001,93.678
LEC,Miami,HARD,27.0,48.0,0,28.40000000000001,92.892
LEC,Miami,HARD,28.0,49.0,0,26.700000000000003,92.734
LEC,Miami,HARD,29.0,50.0,0,25.0,92.566
LEC,Miami,HARD,30.0,51.0,0,23.3,92.578
LEC,Miami,HARD,31.0,52.0,0,21.60000000000001,92.579
LEC,Miami,HARD,32.0,53.0,0,19.90000000000001,92.679
LEC,Miami,HARD,33.0,54.0,0,18.200000000000003,92.667
LEC,Miami,HARD,34.0,55.0,0,16.5,92.941
LEC,Miami,HARD,35.0,56.0,0,14.799999999999995,94.211
STR,Miami,MEDIUM,2.0,2.0,0,106.6,96.569
STR,Miami,MEDIUM,3.0,3.0,0,104.9,97.019
STR,Miami,MEDIUM,4.0,4.0,0,103.2,96.418
STR,Miami,MEDIUM,12.0,12.0,0,89.6,97.442
STR,Miami,MEDIUM,13.0,13.0,0,87.9,96.085
STR,Miami,MEDIUM,14.0,14.0,0,86.2,96.582
STR,Miami,MEDIUM,16.0,16.0,0,82.8,96.974
STR,Miami,MEDIUM,17.0,17.0,0,81.1,96.371
STR,Miami,MEDIUM,18.0,18.0,0,79.4,96.539
STR,Miami,MEDIUM,19.0,19.0,0,77.7,97.022
STR,Miami,MEDIUM,20.0,20.0,0,76.0,96.851
STR,Miami,SOFT,5.0,23.0,0,70.9,95.39
STR,Miami,SOFT,6.0,24.0,0,69.2,97.141
STR,Miami,SOFT,7.0,25.0,0,67.5,95.921
STR,Miami,SOFT,8.0,26.0,0,65.80000000000001,96.024
STR,Miami,SOFT,9.0,27.0,0,64.1,95.818
STR,Miami,SOFT,10.0,28.0,0,62.4,95.942
STR,Miami,SOFT,11.0,29.0,0,60.7,95.773
STR,Miami,SOFT,12.0,30.0,0,59.0,95.505
STR,Miami,SOFT,13.0,31.0,0,57.3,95.432
STR,Miami,SOFT,14.0,32.0,0,55.6,95.601
STR,Miami,SOFT,15.0,33.0,0,53.9,95.203
STR,Miami,SOFT,16.0,34.0,0,52.2,95.849
STR,Miami,SOFT,18.0,36.0,0,48.8,96.018
STR,Miami,SOFT,2.0,39.0,0,43.7,95.112
STR,Miami,SOFT,3.0,40.0,0,42.0,94.958
STR,Miami,SOFT,4.0,41.0,0,40.3,95.144
STR,Miami,SOFT,5.0,42.0,0,38.60000000000001,95.324
STR,Miami,SOFT,6.0,43.0,0,36.900000000000006,95.225
STR,Miami,SOFT,7.0,44.0,0,35.2,97.379
STR,Miami,SOFT,8.0,45.0,0,33.5,94.82
STR,Miami,SOFT,9.0,46.0,0,31.8,95.174
STR,Miami,SOFT,10.0,47.0,0,30.10000000000001,95.215
STR,Miami,SOFT,11.0,48.0,0,28.40000000000001,95.135
STR,Miami,SOFT,12.0,49.0,0,26.700000000000003,95.098
STR,Miami,SOFT,13.0,50.0,0,25.0,95.187
STR,Miami,SOFT,14.0,51.0,0,23.3,94.891
STR,Miami,SOFT,15.0,52.0,0,21.60000000000001,94.759
STR,Miami,SOFT,16.0,53.0,0,19.90000000000001,94.811
STR,Miami,SOFT,17.0,54.0,0,18.200000000000003,94.806
STR,Miami,SOFT,18.0,55.0,0,16.5,96.149
STR,Miami,SOFT,19.0,56.0,0,14.799999999999995,94.716
ALB,Miami,MEDIUM,2.0,2.0,0,106.6,95.404
ALB,Miami,MEDIUM,3.0,3.0,0,104.9,94.932
ALB,Miami,MEDIUM,4.0,4.0,0,103.2,94.77
ALB,Miami,MEDIUM,5.0,5.0,0,101.5,95.888
ALB,Miami,MEDIUM,12.0,12.0,0,89.6,95.206
ALB,Miami,MEDIUM,13.0,13.0,0,87.9,94.553
ALB,Miami,MEDIUM,14.0,14.0,0,86.2,94.161
ALB,Miami,MEDIUM,15.0,15.0,0,84.5,95.47
ALB,Miami,MEDIUM,16.0,16.0,0,82.8,95.245
ALB,Miami,MEDIUM,17.0,17.0,0,81.1,95.824
ALB,Miami,MEDIUM,18.0,18.0,0,79.4,95.189
ALB,Miami,MEDIUM,19.0,19.0,0,77.7,94.979
ALB,Miami,MEDIUM,20.0,20.0,0,76.0,95.212
ALB,Miami,MEDIUM,21.0,21.0,0,74.30000000000001,94.879
ALB,Miami,MEDIUM,22.0,22.0,0,72.6,94.8
ALB,Miami,MEDIUM,23.0,23.0,0,70.9,95.097
ALB,Miami,MEDIUM,24.0,24.0,0,69.2,95.901
ALB,Miami,MEDIUM,25.0,25.0,0,67.5,95.119
ALB,Miami,MEDIUM,26.0,26.0,0,65.80000000000001,94.964
ALB,Miami,HARD,2.0,29.0,0,60.7,93.875
ALB,Miami,HARD,3.0,30.0,0,59.0,93.784
ALB,Miami,HARD,4.0,31.0,0,57.3,93.837
ALB,Miami,HARD,5.0,32.0,0,55.6,94.194
ALB,Miami,HARD,6.0,33.0,0,53.9,94.24
ALB,Miami,HARD,7.0,34.0,0,52.2,94.433
ALB,Miami,HARD,8.0,35.0,0,50.5,94.296
ALB,Miami,HARD,9.0,36.0,0,48.8,94.201
ALB,Miami,HARD,10.0,37.0,0,47.1,94.485
ALB,Miami,HARD,11.0,38.0,0,45.400000000000006,94.44
ALB,Miami,HARD,12.0,39.0,0,43.7,94.337
ALB,Miami,HARD,13.0,40.0,0,42.0,94.439
ALB,Miami,HARD,14.0,41.0,0,40.3,94.172
ALB,Miami,HARD,15.0,42.0,0,38.60000000000001,94.366
ALB,Miami,HARD,16.0,43.0,0,36.900000000000006,94.29
ALB,Miami,HARD,17.0,44.0,0,35.2,94.139
ALB,Miami,HARD,18.0,45.0,0,33.5,94.31
ALB,Miami,HARD,19.0,46.0,0,31.8,94.199
ALB,Miami,HARD,20.0,47.0,0,30.10000000000001,94.561
ALB,Miami,HARD,21.0,48.0,0,28.40000000000001,94.325
ALB,Miami,HARD,22.0,49.0,0,26.700000000000003,94.18
ALB,Miami,HARD,23.0,50.0,0,25.0,94.356
ALB,Miami,HARD,24.0,51.0,0,23.3,94.407
ALB,Miami,HARD,25.0,52.0,0,21.60000000000001,94.287
ALB,Miami,HARD,26.0,53.0,0,19.90000000000001,94.351
ALB,Miami,HARD,27.0,54.0,0,18.200000000000003,94.253
ALB,Miami,HARD,28.0,55.0,0,16.5,94.109
ALB,Miami,HARD,29.0,56.0,0,14.799999999999995,94.163
ALB,Miami,HARD,30.0,57.0,0,13.100000000000009,94.298
HUL,Miami,MEDIUM,2.0,3.0,0,104.9,94.93
HUL,Miami,MEDIUM,3.0,4.0,0,103.2,94.523
VER,Miami,MEDIUM,2.0,2.0,0,106.6,93.464
VER,Miami,MEDIUM,3.0,3.0,0,104.9,93.239
VER,Miami,MEDIUM,4.0,4.0,0,103.2,93.536
VER,Miami,MEDIUM,5.0,5.0,0,101.5,94.09
VER,Miami,HARD,6.0,12.0,0,89.6,95.784
VER,Miami,HARD,7.0,13.0,0,87.9,93.56
VER,Miami,HARD,8.0,14.0,0,86.2,93.63
VER,Miami,HARD,9.0,15.0,0,84.5,93.552
VER,Miami,HARD,10.0,16.0,0,82.8,94.118
VER,Miami,HARD,11.0,17.0,0,81.1,93.799
VER,Miami,HARD,12.0,18.0,0,79.4,93.67
VER,Miami,HARD,13.0,19.0,0,77.7,93.381
VER,Miami,HARD,14.0,20.0,0,76.0,93.862
VER,Miami,HARD,15.0,21.0,0,74.30000000000001,93.341
VER,Miami,HARD,16.0,22.0,0,72.6,93.324
VER,Miami,HARD,17.0,23.0,0,70.9,93.355
VER,Miami,HARD,18.0,24.0,0,69.2,93.11
VER,Miami,HARD,19.0,25.0,0,67.5,93.499
VER,Miami,HARD,20.0,26.0,0,65.80000000000001,93.844
VER,Miami,HARD,21.0,27.0,0,64.1,93.472
VER,Miami,HARD,22.0,28.0,0,62.4,93.778
VER,Miami,HARD,23.0,29.0,0,60.7,94.35
VER,Miami,HARD,24.0,30.0,0,59.0,94.172
VER,Miami,HARD,25.0,31.0,0,57.3,93.281
VER,Miami,HARD,26.0,32.0,0,55.6,93.582
VER,Miami,HARD,27.0,33.0,0,53.9,93.542
VER,Miami,HARD,28.0,34.0,0,52.2,93.462
VER,Miami,HARD,29.0,35.0,0,50.5,93.45
VER,Miami,HARD,30.0,36.0,0,48.8,93.354
VER,Miami,HARD,31.0,37.0,0,47.1,93.113
VER,Miami,HARD,32.0,38.0,0,45.400000000000006,93.148
VER,Miami,HARD,33.0,39.0,0,43.7,93.168
VER,Miami,HARD,34.0,40.0,0,42.0,93.505
VER,Miami,HARD,35.0,41.0,0,40.3,93.775
VER,Miami,HARD,36.0,42.0,0,38.60000000000001,93.382
VER,Miami,HARD,37.0,43.0,0,36.900000000000006,93.739
VER,Miami,HARD,38.0,44.0,0,35.2,93.651
VER,Miami,HARD,39.0,45.0,0,33.5,93.448
VER,Miami,HARD,40.0,46.0,0,31.8,93.693
VER,Miami,HARD,41.0,47.0,0,30.10000000000001,94.983
VER,Miami,HARD,42.0,48.0,0,28.40000000000001,94.368
VER,Miami,HARD,43.0,49.0,0,26.700000000000003,94.4
VER,Miami,HARD,44.0,50.0,0,25.0,93.592
VER,Miami,HARD,45.0,51.0,0,23.3,93.895
VER,Miami,HARD,46.0,52.0,0,21.60000000000001,93.931
VER,Miami,HARD,47.0,53.0,0,19.90000000000001,93.873
VER,Miami,HARD,48.0,54.0,0,18.200000000000003,94.243
VER,Miami,HARD,49.0,55.0,0,16.5,95.873
VER,Miami,HARD,50.0,56.0,0,14.799999999999995,95.577
VER,Miami,HARD,51.0,57.0,0,13.100000000000009,94.614
LAW,Miami,MEDIUM,2.0,2.0,0,106.6,97.079
LAW,Miami,MEDIUM,3.0,3.0,0,104.9,94.814
LAW,Miami,MEDIUM,4.0,4.0,0,103.2,95.184
OCO,Miami,MEDIUM,2.0,2.0,0,106.6,97.468
OCO,Miami,MEDIUM,3.0,3.0,0,104.9,95.181
OCO,Miami,MEDIUM,4.0,4.0,0,103.2,95.464
OCO,Miami,MEDIUM,5.0,5.0,0,101.5,95.306
OCO,Miami,MEDIUM,12.0,12.0,0,89.6,95.213
OCO,Miami,MEDIUM,13.0,13.0,0,87.9,95.07
OCO,Miami,MEDIUM,14.0,14.0,0,86.2,94.862
OCO,Miami,MEDIUM,15.0,15.0,0,84.5,95.665
OCO,Miami,MEDIUM,16.0,16.0,0,82.8,95.196
OCO,Miami,MEDIUM,17.0,17.0,0,81.1,95.127
OCO,Miami,MEDIUM,18.0,18.0,0,79.4,95.226
OCO,Miami,MEDIUM,19.0,19.0,0,77.7,94.966
OCO,Miami,MEDIUM,20.0,20.0,0,76.0,95.21
OCO,Miami,MEDIUM,21.0,21.0,0,74.30000000000001,95.117
OCO,Miami,MEDIUM,22.0,22.0,0,72.6,96.17
OCO,Miami,MEDIUM,23.0,23.0,0,70.9,95.001
OCO,Miami,MEDIUM,24.0,24.0,0,69.2,95.213
OCO,Miami,MEDIUM,25.0,25.0,0,67.5,95.403
OCO,Miami,MEDIUM,26.0,26.0,0,65.80000000000001,95.011
OCO,Miami,MEDIUM,27.0,27.0,0,64.1,95.469
OCO,Miami,MEDIUM,28.0,28.0,0,62.4,95.468
OCO,Miami,MEDIUM,29.0,29.0,0,60.7,95.526
OCO,Miami,MEDIUM,30.0,30.0,0,59.0,95.393
OCO,Miami,HARD,2.0,33.0,0,53.9,93.712
OCO,Miami,HARD,3.0,34.0,0,52.2,94.051
OCO,Miami,HARD,4.0,35.0,0,50.5,93.87
OCO,Miami,HARD,5.0,36.0,0,48.8,94.25
OCO,Miami,HARD,6.0,37.0,0,47.1,94.361
OCO,Miami,HARD,7.0,38.0,0,45.400000000000006,94.538
OCO,Miami,HARD,8.0,39.0,0,43.7,94.429
OCO,Miami,HARD,9.0,40.0,0,42.0,94.464
OCO,Miami,HARD,10.0,41.0,0,40.3,94.449
OCO,Miami,HARD,11.0,42.0,0,38.60000000000001,94.589
OCO,Miami,HARD,12.0,43.0,0,36.900000000000006,94.592
OCO,Miami,HARD,13.0,44.0,0,35.2,94.527
OCO,Miami,HARD,14.0,45.0,0,33.5,94.806
OCO,Miami,HARD,15.0,46.0,0,31.8,95.655
OCO,Miami,HARD,16.0,47.0,0,30.10000000000001,94.551
OCO,Miami,HARD,17.0,48.0,0,28.40000000000001,94.26
OCO,Miami,HARD,18.0,49.0,0,26.700000000000003,94.259
OCO,Miami,HARD,19.0,50.0,0,25.0,96.679
OCO,Miami,HARD,20.0,51.0,0,23.3,94.853
OCO,Miami,HARD,21.0,52.0,0,21.60000000000001,94.439
OCO,Miami,HARD,22.0,53.0,0,19.90000000000001,94.427
OCO,Miami,HARD,23.0,54.0,0,18.200000000000003,94.124
OCO,Miami,HARD,24.0,55.0,0,16.5,94.416
OCO,Miami,HARD,25.0,56.0,0,14.799999999999995,94.407
LIN,Miami,MEDIUM,2.0,2.0,0,106.6,96.74
LIN,Miami,MEDIUM,3.0,3.0,0,104.9,96.21
LIN,Miami,MEDIUM,4.0,4.0,0,103.2,95.655
LIN,Miami,MEDIUM,5.0,5.0,0,101.5,97.123
LIN,Miami,MEDIUM,12.0,12.0,0,89.6,96.776
LIN,Miami,MEDIUM,13.0,13.0,0,87.9,95.706
LIN,Miami,MEDIUM,14.0,14.0,0,86.2,95.233
LIN,Miami,MEDIUM,15.0,15.0,0,84.5,96.164
LIN,Miami,MEDIUM,16.0,16.0,0,82.8,95.817
LIN,Miami,MEDIUM,17.0,17.0,0,81.1,95.95
LIN,Miami,MEDIUM,18.0,18.0,0,79.4,95.94
LIN,Miami,MEDIUM,19.0,19.0,0,77.7,96.865
LIN,Miami,MEDIUM,20.0,20.0,0,76.0,96.422
LIN,Miami,MEDIUM,21.0,21.0,0,74.30000000000001,96.012
LIN,Miami,MEDIUM,22.0,22.0,0,72.6,95.953
LIN,Miami,MEDIUM,23.0,23.0,0,70.9,95.698
LIN,Miami,MEDIUM,24.0,24.0,0,69.2,95.891
LIN,Miami,MEDIUM,25.0,25.0,0,67.5,96.038
LIN,Miami,MEDIUM,26.0,26.0,0,65.80000000000001,95.835
LIN,Miami,MEDIUM,27.0,27.0,0,64.1,96.07
LIN,Miami,HARD,2.0,30.0,0,59.0,94.058
LIN,Miami,HARD,3.0,31.0,0,57.3,94.175
LIN,Miami,HARD,4.0,32.0,0,55.6,94.378
LIN,Miami,HARD,5.0,33.0,0,53.9,95.071
LIN,Miami,HARD,6.0,34.0,0,52.2,95.023
LIN,Miami,HARD,7.0,35.0,0,50.5,94.864
LIN,Miami,HARD,8.0,36.0,0,48.8,94.863
LIN,Miami,HARD,9.0,37.0,0,47.1,95.058
LIN,Miami,HARD,10.0,38.0,0,45.400000000000006,94.729
LIN,Miami,HARD,11.0,39.0,0,43.7,94.548
LIN,Miami,HARD,12.0,40.0,0,42.0,94.681
LIN,Miami,HARD,13.0,41.0,0,40.3,94.676
LIN,Miami,HARD,14.0,42.0,0,38.60000000000001,94.51
LIN,Miami,HARD,15.0,43.0,0,36.900000000000006,94.686
LIN,Miami,HARD,17.0,45.0,0,33.5,94.598
LIN,Miami,HARD,18.0,46.0,0,31.8,94.578
LIN,Miami,HARD,19.0,47.0,0,30.10000000000001,94.579
LIN,Miami,HARD,20.0,48.0,0,28.40000000000001,95.358
LIN,Miami,HARD,21.0,49.0,0,26.700000000000003,94.818
LIN,Miami,HARD,22.0,50.0,0,25.0,94.605
LIN,Miami,HARD,23.0,51.0,0,23.3,94.553
LIN,Miami,HARD,24.0,52.0,0,21.60000000000001,94.298
LIN,Miami,HARD,25.0,53.0,0,19.90000000000001,97.343
LIN,Miami,HARD,26.0,54.0,0,18.200000000000003,94.832
LIN,Miami,HARD,27.0,55.0,0,16.5,94.482
COL,Miami,MEDIUM,2.0,2.0,0,106.6,94.113
COL,Miami,MEDIUM,3.0,3.0,0,104.9,94.46
COL,Miami,MEDIUM,4.0,4.0,0,103.2,94.339
COL,Miami,MEDIUM,5.0,5.0,0,101.5,94.736
COL,Miami,MEDIUM,12.0,12.0,0,89.6,95.134
COL,Miami,MEDIUM,13.0,13.0,0,87.9,94.246
COL,Miami,MEDIUM,14.0,14.0,0,86.2,93.941
COL,Miami,MEDIUM,15.0,15.0,0,84.5,94.124
COL,Miami,MEDIUM,16.0,16.0,0,82.8,94.137
COL,Miami,MEDIUM,17.0,17.0,0,81.1,94.4
COL,Miami,MEDIUM,18.0,18.0,0,79.4,94.654
COL,Miami,MEDIUM,19.0,19.0,0,77.7,94.505
COL,Miami,MEDIUM,20.0,20.0,0,76.0,94.591
COL,Miami,MEDIUM,21.0,21.0,0,74.30000000000001,94.967
COL,Miami,MEDIUM,22.0,22.0,0,72.6,94.275
COL,Miami,MEDIUM,23.0,23.0,0,70.9,94.009
COL,Miami,MEDIUM,24.0,24.0,0,69.2,94.203
COL,Miami,MEDIUM,25.0,25.0,0,67.5,94.237
COL,Miami,MEDIUM,26.0,26.0,0,65.80000000000001,93.991
COL,Miami,MEDIUM,27.0,27.0,0,64.1,94.275
COL,Miami,MEDIUM,28.0,28.0,0,62.4,94.391
COL,Miami,MEDIUM,29.0,29.0,0,60.7,94.323
COL,Miami,MEDIUM,30.0,30.0,0,59.0,94.192
COL,Miami,HARD,2.0,33.0,0,53.9,93.035
COL,Miami,HARD,3.0,34.0,0,52.2,93.07
COL,Miami,HARD,4.0,35.0,0,50.5,93.162
COL,Miami,HARD,5.0,36.0,0,48.8,93.341
COL,Miami,HARD,6.0,37.0,0,47.1,93.756
COL,Miami,HARD,7.0,38.0,0,45.400000000000006,93.724
COL,Miami,HARD,8.0,39.0,0,43.7,93.717
COL,Miami,HARD,9.0,40.0,0,42.0,93.734
COL,Miami,HARD,10.0,41.0,0,40.3,93.803
COL,Miami,HARD,11.0,42.0,0,38.60000000000001,93.859
COL,Miami,HARD,12.0,43.0,0,36.900000000000006,93.416
COL,Miami,HARD,13.0,44.0,0,35.2,93.384
COL,Miami,HARD,14.0,45.0,0,33.5,93.951
COL,Miami,HARD,15.0,46.0,0,31.8,93.612
COL,Miami,HARD,16.0,47.0,0,30.10000000000001,93.332
COL,Miami,HARD,17.0,48.0,0,28.40000000000001,93.721
COL,Miami,HARD,18.0,49.0,0,26.700000000000003,93.38
COL,Miami,HARD,19.0,50.0,0,25.0,94.176
COL,Miami,HARD,20.0,51.0,0,23.3,93.775
COL,Miami,HARD,21.0,52.0,0,21.60000000000001,93.791
COL,Miami,HARD,22.0,53.0,0,19.90000000000001,93.528
COL,Miami,HARD,23.0,54.0,0,18.200000000000003,93.304
COL,Miami,HARD,24.0,55.0,0,16.5,93.335
COL,Miami,HARD,25.0,56.0,0,14.799999999999995,93.059
COL,Miami,HARD,26.0,57.0,0,13.100000000000009,93.148
HAM,Miami,MEDIUM,2.0,2.0,0,106.6,93.545
HAM,Miami,MEDIUM,3.0,3.0,0,104.9,93.789
HAM,Miami,MEDIUM,4.0,4.0,0,103.2,93.971
HAM,Miami,MEDIUM,5.0,5.0,0,101.5,94.184
HAM,Miami,MEDIUM,12.0,12.0,0,89.6,94.726
HAM,Miami,MEDIUM,13.0,13.0,0,87.9,93.754
HAM,Miami,MEDIUM,14.0,14.0,0,86.2,93.554
HAM,Miami,MEDIUM,15.0,15.0,0,84.5,93.777
HAM,Miami,MEDIUM,16.0,16.0,0,82.8,93.705
HAM,Miami,MEDIUM,17.0,17.0,0,81.1,94.005
HAM,Miami,MEDIUM,18.0,18.0,0,79.4,94.232
HAM,Miami,MEDIUM,19.0,19.0,0,77.7,94.024
HAM,Miami,MEDIUM,20.0,20.0,0,76.0,94.217
HAM,Miami,MEDIUM,21.0,21.0,0,74.30000000000001,94.197
HAM,Miami,MEDIUM,22.0,22.0,0,72.6,94.167
HAM,Miami,MEDIUM,23.0,23.0,0,70.9,93.926
HAM,Miami,MEDIUM,24.0,24.0,0,69.2,94.057
HAM,Miami,MEDIUM,25.0,25.0,0,67.5,94.19
HAM,Miami,MEDIUM,26.0,26.0,0,65.80000000000001,94.984
HAM,Miami,HARD,2.0,29.0,0,60.7,92.676
HAM,Miami,HARD,3.0,30.0,0,59.0,92.712
HAM,Miami,HARD,4.0,31.0,0,57.3,92.864
HAM,Miami,HARD,5.0,32.0,0,55.6,93.121
HAM,Miami,HARD,6.0,33.0,0,53.9,92.98
HAM,Miami,HARD,7.0,34.0,0,52.2,93.174
HAM,Miami,HARD,8.0,35.0,0,50.5,92.939
HAM,Miami,HARD,9.0,36.0,0,48.8,93.669
HAM,Miami,HARD,10.0,37.0,0,47.1,94.803
HAM,Miami,HARD,11.0,38.0,0,45.400000000000006,93.552
HAM,Miami,HARD,12.0,39.0,0,43.7,93.098
HAM,Miami,HARD,13.0,40.0,0,42.0,93.451
HAM,Miami,HARD,14.0,41.0,0,40.3,93.283
HAM,Miami,HARD,15.0,42.0,0,38.60000000000001,93.237
HAM,Miami,HARD,16.0,43.0,0,36.900000000000006,93.129
HAM,Miami,HARD,17.0,44.0,0,35.2,92.893
HAM,Miami,HARD,18.0,45.0,0,33.5,93.129
HAM,Miami,HARD,19.0,46.0,0,31.8,93.135
HAM,Miami,HARD,20.0,47.0,0,30.10000000000001,93.34
HAM,Miami,HARD,21.0,48.0,0,28.40000000000001,93.575
HAM,Miami,HARD,22.0,49.0,0,26.700000000000003,93.635
HAM,Miami,HARD,23.0,50.0,0,25.0,93.506
HAM,Miami,HARD,24.0,51.0,0,23.3,93.57
HAM,Miami,HARD,25.0,52.0,0,21.60000000000001,94.634
HAM,Miami,HARD,26.0,53.0,0,19.90000000000001,94.302
HAM,Miami,HARD,27.0,54.0,0,18.200000000000003,94.33
HAM,Miami,HARD,28.0,55.0,0,16.5,94.307
HAM,Miami,HARD,29.0,56.0,0,14.799999999999995,94.567
HAM,Miami,HARD,30.0,57.0,0,13.100000000000009,94.95
BOR,Miami,MEDIUM,2.0,2.0,0,106.6,96.799
BOR,Miami,MEDIUM,3.0,3.0,0,104.9,96.384
BOR,Miami,MEDIUM,4.0,4.0,0,103.2,96.533
BOR,Miami,MEDIUM,5.0,5.0,0,101.5,97.279
BOR,Miami,MEDIUM,12.0,12.0,0,89.6,97.16
BOR,Miami,MEDIUM,13.0,13.0,0,87.9,95.549
BOR,Miami,MEDIUM,14.0,14.0,0,86.2,95.807
BOR,Miami,MEDIUM,15.0,15.0,0,84.5,95.722
BOR,Miami,MEDIUM,16.0,16.0,0,82.8,95.485
BOR,Miami,MEDIUM,17.0,17.0,0,81.1,95.493
BOR,Miami,MEDIUM,18.0,18.0,0,79.4,95.843
BOR,Miami,MEDIUM,19.0,19.0,0,77.7,95.793
BOR,Miami,MEDIUM,20.0,20.0,0,76.0,95.789
BOR,Miami,MEDIUM,21.0,21.0,0,74.30000000000001,95.15
BOR,Miami,MEDIUM,22.0,22.0,0,72.6,95.049
BOR,Miami,MEDIUM,23.0,23.0,0,70.9,94.653
BOR,Miami,MEDIUM,24.0,24.0,0,69.2,94.996
BOR,Miami,MEDIUM,25.0,25.0,0,67.5,95.001
BOR,Miami,MEDIUM,26.0,26.0,0,65.80000000000001,94.911
BOR,Miami,MEDIUM,27.0,27.0,0,64.1,95.252
BOR,Miami,MEDIUM,28.0,28.0,0,62.4,94.973
BOR,Miami,MEDIUM,29.0,29.0,0,60.7,95.023
BOR,Miami,MEDIUM,30.0,30.0,0,59.0,95.026
BOR,Miami,MEDIUM,31.0,31.0,0,57.3,95.204
BOR,Miami,HARD,2.0,34.0,0,52.2,93.559
BOR,Miami,HARD,3.0,35.0,0,50.5,93.902
BOR,Miami,HARD,4.0,36.0,0,48.8,93.59
BOR,Miami,HARD,5.0,37.0,0,47.1,93.745
BOR,Miami,HARD,6.0,38.0,0,45.400000000000006,93.932
BOR,Miami,HARD,7.0,39.0,0,43.7,93.955
BOR,Miami,HARD,8.0,40.0,0,42.0,94.035
BOR,Miami,HARD,9.0,41.0,0,40.3,93.639
BOR,Miami,HARD,10.0,42.0,0,38.60000000000001,94.042
BOR,Miami,HARD,11.0,43.0,0,36.900000000000006,94.738
BOR,Miami,HARD,12.0,44.0,0,35.2,94.51
BOR,Miami,HARD,13.0,45.0,0,33.5,94.427
BOR,Miami,HARD,14.0,46.0,0,31.8,94.863
BOR,Miami,HARD,15.0,47.0,0,30.10000000000001,94.171
BOR,Miami,HARD,16.0,48.0,0,28.40000000000001,93.841
BOR,Miami,HARD,17.0,49.0,0,26.700000000000003,94.27
BOR,Miami,HARD,18.0,50.0,0,25.0,94.409
BOR,Miami,HARD,19.0,51.0,0,23.3,95.743
BOR,Miami,HARD,20.0,52.0,0,21.60000000000001,94.751
BOR,Miami,HARD,21.0,53.0,0,19.90000000000001,93.854
BOR,Miami,HARD,22.0,54.0,0,18.200000000000003,93.726
BOR,Miami,HARD,23.0,55.0,0,16.5,93.5
BOR,Miami,HARD,24.0,56.0,0,14.799999999999995,94.088
SAI,Miami,MEDIUM,2.0,2.0,0,106.6,95.889
SAI,Miami,MEDIUM,3.0,3.0,0,104.9,95.295
SAI,Miami,MEDIUM,4.0,4.0,0,103.2,94.844
SAI,Miami,MEDIUM,5.0,5.0,0,101.5,96.681
SAI,Miami,MEDIUM,12.0,12.0,0,89.6,95.161
SAI,Miami,MEDIUM,13.0,13.0,0,87.9,94.884
SAI,Miami,MEDIUM,14.0,14.0,0,86.2,93.978
SAI,Miami,MEDIUM,15.0,15.0,0,84.5,94.223
SAI,Miami,MEDIUM,16.0,16.0,0,82.8,94.767
SAI,Miami,MEDIUM,17.0,17.0,0,81.1,94.819
SAI,Miami,MEDIUM,18.0,18.0,0,79.4,95.463
SAI,Miami,MEDIUM,19.0,19.0,0,77.7,94.773
SAI,Miami,MEDIUM,20.0,20.0,0,76.0,94.8
SAI,Miami,MEDIUM,21.0,21.0,0,74.30000000000001,94.968
SAI,Miami,MEDIUM,22.0,22.0,0,72.6,94.601
SAI,Miami,MEDIUM,23.0,23.0,0,70.9,94.651
SAI,Miami,MEDIUM,24.0,24.0,0,69.2,94.624
SAI,Miami,MEDIUM,25.0,25.0,0,67.5,95.297
SAI,Miami,MEDIUM,26.0,26.0,0,65.80000000000001,96.136
SAI,Miami,MEDIUM,27.0,27.0,0,64.1,94.842
SAI,Miami,HARD,2.0,30.0,0,59.0,93.026
SAI,Miami,HARD,3.0,31.0,0,57.3,93.311
SAI,Miami,HARD,4.0,32.0,0,55.6,93.737
SAI,Miami,HARD,5.0,33.0,0,53.9,93.547
SAI,Miami,HARD,6.0,34.0,0,52.2,94.042
SAI,Miami,HARD,7.0,35.0,0,50.5,93.968
SAI,Miami,HARD,8.0,36.0,0,48.8,93.818
SAI,Miami,HARD,9.0,37.0,0,47.1,94.082
SAI,Miami,HARD,10.0,38.0,0,45.400000000000006,94.237
SAI,Miami,HARD,11.0,39.0,0,43.7,94.234
SAI,Miami,HARD,12.0,40.0,0,42.0,93.988
SAI,Miami,HARD,13.0,41.0,0,40.3,94.315
SAI,Miami,HARD,14.0,42.0,0,38.60000000000001,94.394
SAI,Miami,HARD,15.0,43.0,0,36.900000000000006,94.241
SAI,Miami,HARD,16.0,44.0,0,35.2,93.866
SAI,Miami,HARD,17.0,45.0,0,33.5,94.046
SAI,Miami,HARD,18.0,46.0,0,31.8,94.07
SAI,Miami,HARD,19.0,47.0,0,30.10000000000001,93.978
SAI,Miami,HARD,20.0,48.0,0,28.40000000000001,94.004
SAI,Miami,HARD,21.0,49.0,0,26.700000000000003,93.98
SAI,Miami,HARD,22.0,50.0,0,25.0,93.893
SAI,Miami,HARD,23.0,51.0,0,23.3,94.102
SAI,Miami,HARD,24.0,52.0,0,21.60000000000001,94.172
SAI,Miami,HARD,25.0,53.0,0,19.90000000000001,93.989
SAI,Miami,HARD,26.0,54.0,0,18.200000000000003,93.858
SAI,Miami,HARD,27.0,55.0,0,16.5,93.951
SAI,Miami,HARD,28.0,56.0,0,14.799999999999995,94.341
SAI,Miami,HARD,29.0,57.0,0,13.100000000000009,94.555
HAD,Miami,HARD,2.0,2.0,0,106.6,96.068
HAD,Miami,HARD,3.0,3.0,0,104.9,95.188
HAD,Miami,HARD,4.0,4.0,0,103.2,94.833
RUS,Miami,MEDIUM,2.0,2.0,0,106.6,93.194
RUS,Miami,MEDIUM,3.0,3.0,0,104.9,93.574
RUS,Miami,MEDIUM,4.0,4.0,0,103.2,93.873
RUS,Miami,MEDIUM,5.0,5.0,0,101.5,93.837
RUS,Miami,MEDIUM,12.0,12.0,0,89.6,94.951
RUS,Miami,MEDIUM,13.0,13.0,0,87.9,93.583
RUS,Miami,MEDIUM,14.0,14.0,0,86.2,93.818
RUS,Miami,MEDIUM,15.0,15.0,0,84.5,93.495
RUS,Miami,MEDIUM,16.0,16.0,0,82.8,93.565
RUS,Miami,MEDIUM,17.0,17.0,0,81.1,93.99
RUS,Miami,MEDIUM,18.0,18.0,0,79.4,94.058
RUS,Miami,MEDIUM,19.0,19.0,0,77.7,93.873
RUS,Miami,HARD,2.0,22.0,0,72.6,92.636
RUS,Miami,HARD,3.0,23.0,0,70.9,93.752
RUS,Miami,HARD,4.0,24.0,0,69.2,94.363
RUS,Miami,HARD,5.0,25.0,0,67.5,93.069
RUS,Miami,HARD,6.0,26.0,0,65.80000000000001,93.423
RUS,Miami,HARD,7.0,27.0,0,64.1,93.205
RUS,Miami,HARD,8.0,28.0,0,62.4,92.957
RUS,Miami,HARD,9.0,29.0,0,60.7,92.906
RUS,Miami,HARD,10.0,30.0,0,59.0,93.639
RUS,Miami,HARD,11.0,31.0,0,57.3,94.234
RUS,Miami,HARD,12.0,32.0,0,55.6,93.326
RUS,Miami,HARD,13.0,33.0,0,53.9,93.547
RUS,Miami,HARD,14.0,34.0,0,52.2,94.33
RUS,Miami,HARD,15.0,35.0,0,50.5,94.952
RUS,Miami,HARD,16.0,36.0,0,48.8,93.722
RUS,Miami,HARD,17.0,37.0,0,47.1,93.203
RUS,Miami,HARD,18.0,38.0,0,45.400000000000006,93.237
RUS,Miami,HARD,19.0,39.0,0,43.7,92.977
RUS,Miami,HARD,20.0,40.0,0,42.0,93.177
RUS,Miami,HARD,21.0,41.0,0,40.3,92.898
RUS,Miami,HARD,22.0,42.0,0,38.60000000000001,93.198
RUS,Miami,HARD,23.0,43.0,0,36.900000000000006,93.293
RUS,Miami,HARD,24.0,44.0,0,35.2,93.747
RUS,Miami,HARD,25.0,45.0,0,33.5,93.07
RUS,Miami,HARD,26.0,46.0,0,31.8,93.302
RUS,Miami,HARD,27.0,47.0,0,30.10000000000001,93.261
RUS,Miami,HARD,28.0,48.0,0,28.40000000000001,93.272
RUS,Miami,HARD,29.0,49.0,0,26.700000000000003,92.741
RUS,Miami,HARD,30.0,50.0,0,25.0,92.701
RUS,Miami,HARD,31.0,51.0,0,23.3,92.807
RUS,Miami,HARD,32.0,52.0,0,21.60000000000001,92.877
RUS,Miami,HARD,33.0,53.0,0,19.90000000000001,92.446
RUS,Miami,HARD,34.0,54.0,0,18.200000000000003,93.81
RUS,Miami,HARD,35.0,55.0,0,16.5,96.203
RUS,Miami,HARD,36.0,56.0,0,14.799999999999995,94.187
RUS,Miami,HARD,37.0,57.0,0,13.100000000000009,94.542
BOT,Miami,MEDIUM,2.0,2.0,0,106.6,96.788
BOT,Miami,MEDIUM,3.0,3.0,0,104.9,96.607
BOT,Miami,MEDIUM,4.0,4.0,0,103.2,96.617
BOT,Miami,SOFT,6.0,12.0,0,89.6,96.419
BOT,Miami,SOFT,7.0,13.0,0,87.9,96.61
BOT,Miami,SOFT,8.0,14.0,0,86.2,96.326
BOT,Miami,SOFT,9.0,15.0,0,84.5,96.355
BOT,Miami,SOFT,10.0,16.0,0,82.8,96.08
BOT,Miami,SOFT,11.0,17.0,0,81.1,96.766
BOT,Miami,SOFT,12.0,18.0,0,79.4,96.719
BOT,Miami,SOFT,13.0,19.0,0,77.7,96.902
BOT,Miami,SOFT,14.0,20.0,0,76.0,97.904
BOT,Miami,MEDIUM,2.0,23.0,0,70.9,96.375
BOT,Miami,MEDIUM,3.0,24.0,0,69.2,97.448
BOT,Miami,MEDIUM,4.0,25.0,0,67.5,96.449
BOT,Miami,MEDIUM,5.0,26.0,0,65.80000000000001,96.262
BOT,Miami,MEDIUM,6.0,27.0,0,64.1,96.571
BOT,Miami,MEDIUM,7.0,28.0,0,62.4,96.649
BOT,Miami,MEDIUM,8.0,29.0,0,60.7,96.481
BOT,Miami,MEDIUM,12.0,33.0,0,53.9,97.687
BOT,Miami,MEDIUM,13.0,34.0,0,52.2,97.857
BOT,Miami,MEDIUM,14.0,35.0,0,50.5,97.114
BOT,Miami,MEDIUM,16.0,37.0,0,47.1,98.08
BOT,Miami,MEDIUM,17.0,38.0,0,45.400000000000006,97.759
BOT,Miami,MEDIUM,20.0,41.0,0,40.3,97.855
BOT,Miami,MEDIUM,22.0,43.0,0,36.900000000000006,97.641
BOT,Miami,MEDIUM,23.0,44.0,0,35.2,97.88
BOT,Miami,MEDIUM,26.0,47.0,0,30.10000000000001,97.707
BOT,Miami,MEDIUM,27.0,48.0,0,28.40000000000001,98.102
BOT,Miami,MEDIUM,30.0,51.0,0,23.3,97.283
BOT,Miami,MEDIUM,32.0,53.0,0,19.90000000000001,97.322
BOT,Miami,MEDIUM,33.0,54.0,0,18.200000000000003,97.595
PIA,Miami,MEDIUM,2.0,2.0,0,106.6,93.525
PIA,Miami,MEDIUM,3.0,3.0,0,104.9,94.364
PIA,Miami,MEDIUM,4.0,4.0,0,103.2,94.089
PIA,Miami,MEDIUM,5.0,5.0,0,101.5,93.491
PIA,Miami,MEDIUM,12.0,12.0,0,89.6,93.518
PIA,Miami,MEDIUM,13.0,13.0,0,87.9,93.463
PIA,Miami,MEDIUM,14.0,14.0,0,86.2,93.22
PIA,Miami,MEDIUM,15.0,15.0,0,84.5,93.497
PIA,Miami,MEDIUM,16.0,16.0,0,82.8,93.744
PIA,Miami,MEDIUM,17.0,17.0,0,81.1,94.581
PIA,Miami,MEDIUM,18.0,18.0,0,79.4,94.013
PIA,Miami,MEDIUM,19.0,19.0,0,77.7,93.718
PIA,Miami,MEDIUM,20.0,20.0,0,76.0,93.477
PIA,Miami,MEDIUM,21.0,21.0,0,74.30000000000001,93.541
PIA,Miami,MEDIUM,22.0,22.0,0,72.6,93.874
PIA,Miami,MEDIUM,23.0,23.0,0,70.9,93.83
PIA,Miami,MEDIUM,24.0,24.0,0,69.2,93.64
PIA,Miami,MEDIUM,25.0,25.0,0,67.5,94.551
PIA,Miami,MEDIUM,26.0,26.0,0,65.80000000000001,94.071
PIA,Miami,MEDIUM,27.0,27.0,0,64.1,93.95
PIA,Miami,HARD,2.0,30.0,0,59.0,91.949
PIA,Miami,HARD,3.0,31.0,0,57.3,92.439
PIA,Miami,HARD,4.0,32.0,0,55.6,92.398
PIA,Miami,HARD,5.0,33.0,0,53.9,93.32
PIA,Miami,HARD,6.0,34.0,0,52.2,94.217
PIA,Miami,HARD,7.0,35.0,0,50.5,94.257
PIA,Miami,HARD,8.0,36.0,0,48.8,93.268
PIA,Miami,HARD,9.0,37.0,0,47.1,92.836
PIA,Miami,HARD,10.0,38.0,0,45.400000000000006,92.55
PIA,Miami,HARD,11.0,39.0,0,43.7,92.593
PIA,Miami,HARD,12.0,40.0,0,42.0,92.524
PIA,Miami,HARD,13.0,41.0,0,40.3,92.8
PIA,Miami,HARD,14.0,42.0,0,38.60000000000001,92.664
PIA,Miami,HARD,15.0,43.0,0,36.900000000000006,92.838
PIA,Miami,HARD,16.0,44.0,0,35.2,92.784
PIA,Miami,HARD,17.0,45.0,0,33.5,92.298
PIA,Miami,HARD,18.0,46.0,0,31.8,92.496
PIA,Miami,HARD,19.0,47.0,0,30.10000000000001,92.61
PIA,Miami,HARD,20.0,48.0,0,28.40000000000001,93.578
PIA,Miami,HARD,21.0,49.0,0,26.700000000000003,92.759
PIA,Miami,HARD,22.0,50.0,0,25.0,92.425
PIA,Miami,HARD,23.0,51.0,0,23.3,92.416
PIA,Miami,HARD,24.0,52.0,0,21.60000000000001,92.449
PIA,Miami,HARD,25.0,53.0,0,19.90000000000001,92.22
PIA,Miami,HARD,26.0,54.0,0,18.200000000000003,91.986
PIA,Miami,HARD,27.0,55.0,0,16.5,92.696
PIA,Miami,HARD,28.0,56.0,0,14.799999999999995,93.246
PIA,Miami,HARD,29.0,57.0,0,13.100000000000009,93.237
BEA,Miami,MEDIUM,2.0,2.0,0,106.6,96.946
BEA,Miami,MEDIUM,3.0,3.0,0,104.9,94.892
BEA,Miami,MEDIUM,4.0,4.0,0,103.2,95.041
BEA,Miami,MEDIUM,5.0,5.0,0,101.5,95.796
BEA,Miami,MEDIUM,12.0,12.0,0,89.6,95.269
BEA,Miami,MEDIUM,13.0,13.0,0,87.9,95.032
BEA,Miami,MEDIUM,14.0,14.0,0,86.2,94.617
BEA,Miami,MEDIUM,15.0,15.0,0,84.5,95.111
BEA,Miami,MEDIUM,16.0,16.0,0,82.8,94.876
BEA,Miami,MEDIUM,17.0,17.0,0,81.1,95.207
BEA,Miami,MEDIUM,18.0,18.0,0,79.4,95.176
BEA,Miami,MEDIUM,19.0,19.0,0,77.7,95.097
BEA,Miami,MEDIUM,20.0,20.0,0,76.0,95.105
BEA,Miami,MEDIUM,21.0,21.0,0,74.30000000000001,95.271
BEA,Miami,MEDIUM,22.0,22.0,0,72.6,94.971
BEA,Miami,MEDIUM,23.0,23.0,0,70.9,96.529
BEA,Miami,MEDIUM,24.0,24.0,0,69.2,95.107
BEA,Miami,MEDIUM,25.0,25.0,0,67.5,95.015
BEA,Miami,HARD,2.0,28.0,0,62.4,93.744
BEA,Miami,HARD,3.0,29.0,0,60.7,94.061
BEA,Miami,HARD,4.0,30.0,0,59.0,93.841
BEA,Miami,HARD,5.0,31.0,0,57.3,94.085
BEA,Miami,HARD,6.0,32.0,0,55.6,94.102
BEA,Miami,HARD,7.0,33.0,0,53.9,93.867
BEA,Miami,HARD,8.0,34.0,0,52.2,94.303
BEA,Miami,HARD,9.0,35.0,0,50.5,94.198
BEA,Miami,HARD,10.0,36.0,0,48.8,94.273
BEA,Miami,HARD,11.0,37.0,0,47.1,94.245
BEA,Miami,HARD,12.0,38.0,0,45.400000000000006,94.369
BEA,Miami,HARD,13.0,39.0,0,43.7,94.403
BEA,Miami,HARD,14.0,40.0,0,42.0,94.359
BEA,Miami,HARD,15.0,41.0,0,40.3,94.444
BEA,Miami,HARD,16.0,42.0,0,38.60000000000001,94.408
BEA,Miami,HARD,17.0,43.0,0,36.900000000000006,94.879
BEA,Miami,HARD,18.0,44.0,0,35.2,94.482
BEA,Miami,HARD,19.0,45.0,0,33.5,94.588
BEA,Miami,HARD,20.0,46.0,0,31.8,94.353
BEA,Miami,HARD,21.0,47.0,0,30.10000000000001,97.535
BEA,Miami,HARD,22.0,48.0,0,28.40000000000001,94.753
BEA,Miami,HARD,23.0,49.0,0,26.700000000000003,94.342
BEA,Miami,HARD,24.0,50.0,0,25.0,94.287
BEA,Miami,HARD,25.0,51.0,0,23.3,94.447
BEA,Miami,HARD,26.0,52.0,0,21.60000000000001,94.72
BEA,Miami,HARD,27.0,53.0,0,19.90000000000001,94.356
BEA,Miami,HARD,28.0,54.0,0,18.200000000000003,95.415
BEA,Miami,HARD,29.0,55.0,0,16.5,95.896
BEA,Miami,HARD,30.0,56.0,0,14.799999999999995,94.514
NOR,Red Bull Ring,MEDIUM,2.0,2.0,0,106.6,73.406
NOR,Red Bull Ring,MEDIUM,3.0,3.0,0,104.9,73.015
NOR,Red Bull Ring,MEDIUM,4.0,4.0,0,103.2,72.63
NOR,Red Bull Ring,MEDIUM,5.0,5.0,0,101.5,72.439
NOR,Red Bull Ring,MEDIUM,6.0,6.0,0,99.8,72.493
NOR,Red Bull Ring,MEDIUM,7.0,7.0,0,98.1,73.459
NOR,Red Bull Ring,MEDIUM,8.0,8.0,0,96.4,73.025
NOR,Red Bull Ring,MEDIUM,9.0,9.0,0,94.7,73.013
NOR,Red Bull Ring,MEDIUM,10.0,10.0,0,93.0,73.197
NOR,Red Bull Ring,MEDIUM,11.0,11.0,0,91.3,73.335
NOR,Red Bull Ring,MEDIUM,12.0,12.0,0,89.6,73.25
NOR,Red Bull Ring,MEDIUM,13.0,13.0,0,87.9,73.591
NOR,Red Bull Ring,MEDIUM,14.0,14.0,0,86.2,73.423
NOR,Red Bull Ring,MEDIUM,15.0,15.0,0,84.5,73.419
NOR,Red Bull Ring,MEDIUM,16.0,16.0,0,82.8,73.323
NOR,Red Bull Ring,MEDIUM,17.0,17.0,0,81.1,73.157
NOR,Red Bull Ring,MEDIUM,18.0,18.0,0,79.4,73.381
NOR,Red Bull Ring,MEDIUM,19.0,19.0,0,77.7,74.33
NOR,Red Bull Ring,MEDIUM,20.0,20.0,0,76.0,73.655
NOR,Red Bull Ring,HARD,2.0,23.0,0,70.9,72.148
NOR,Red Bull Ring,HARD,6.0,27.0,0,64.1,71.773
NOR,Red Bull Ring,HARD,7.0,28.0,0,62.4,71.568
NOR,Red Bull Ring,HARD,8.0,29.0,0,60.7,71.843
NOR,Red Bull Ring,HARD,9.0,30.0,0,59.0,71.797
NOR,Red Bull Ring,HARD,10.0,31.0,0,57.3,71.666
NOR,Red Bull Ring,HARD,11.0,32.0,0,55.6,71.593
NOR,Red Bull Ring,HARD,12.0,33.0,0,53.9,71.542
NOR,Red Bull Ring,HARD,13.0,34.0,0,52.2,71.916
NOR,Red Bull Ring,HARD,14.0,35.0,0,50.5,71.547
NOR,Red Bull Ring,HARD,15.0,36.0,0,48.8,71.824
NOR,Red Bull Ring,HARD,16.0,37.0,0,47.1,72.345
NOR,Red Bull Ring,HARD,17.0,38.0,0,45.400000000000006,71.788
NOR,Red Bull Ring,HARD,18.0,39.0,0,43.7,72.229
NOR,Red Bull Ring,HARD,19.0,40.0,0,42.0,72.078
NOR,Red Bull Ring,HARD,20.0,41.0,0,40.3,72.134
NOR,Red Bull Ring,HARD,21.0,42.0,0,38.60000000000001,71.746
NOR,Red Bull Ring,HARD,22.0,43.0,0,36.900000000000006,72.194
NOR,Red Bull Ring,HARD,23.0,44.0,0,35.2,72.353
NOR,Red Bull Ring,HARD,24.0,45.0,0,33.5,72.274
NOR,Red Bull Ring,HARD,25.0,46.0,0,31.8,72.465
NOR,Red Bull Ring,HARD,2.0,49.0,0,26.700000000000003,70.994
NOR,Red Bull Ring,HARD,3.0,50.0,0,25.0,70.865
NOR,Red Bull Ring,HARD,4.0,51.0,0,23.3,71.17
NOR,Red Bull Ring,HARD,6.0,53.0,0,19.90000000000001,70.659
NOR,Red Bull Ring,HARD,7.0,54.0,0,18.200000000000003,70.983
NOR,Red Bull Ring,HARD,8.0,55.0,0,16.5,70.652
NOR,Red Bull Ring,HARD,9.0,56.0,0,14.799999999999995,70.907
NOR,Red Bull Ring,HARD,10.0,57.0,0,13.100000000000009,70.979
NOR,Red Bull Ring,HARD,11.0,58.0,0,11.400000000000006,71.465
NOR,Red Bull Ring,HARD,12.0,59.0,0,9.700000000000005,71.584
NOR,Red Bull Ring,HARD,13.0,60.0,0,8.0,71.216
NOR,Red Bull Ring,HARD,14.0,61.0,0,6.299999999999997,71.205
NOR,Red Bull Ring,HARD,15.0,62.0,0,4.6000000000000085,71.586
NOR,Red Bull Ring,HARD,16.0,63.0,0,2.9000000000000057,71.385
NOR,Red Bull Ring,HARD,17.0,64.0,0,1.2000000000000028,71.318
NOR,Red Bull Ring,HARD,18.0,65.0,0,0.0,71.409
NOR,Red Bull Ring,HARD,19.0,66.0,0,0.0,71.497
NOR,Red Bull Ring,HARD,20.0,67.0,0,0.0,72.49
NOR,Red Bull Ring,HARD,21.0,68.0,0,0.0,71.939
NOR,Red Bull Ring,HARD,22.0,69.0,0,0.0,71.821
NOR,Red Bull Ring,HARD,23.0,70.0,0,0.0,72.674
NOR,Red Bull Ring,HARD,24.0,71.0,0,0.0,72.739
GAS,Red Bull Ring,MEDIUM,2.0,2.0,0,106.6,74.455
GAS,Red Bull Ring,MEDIUM,3.0,3.0,0,104.9,73.713
GAS,Red Bull Ring,MEDIUM,4.0,4.0,0,103.2,74.015
GAS,Red Bull Ring,MEDIUM,5.0,5.0,0,101.5,74.023
GAS,Red Bull Ring,MEDIUM,6.0,6.0,0,99.8,74.065
GAS,Red Bull Ring,MEDIUM,7.0,7.0,0,98.1,74.705
GAS,Red Bull Ring,MEDIUM,8.0,8.0,0,96.4,74.513
GAS,Red Bull Ring,MEDIUM,9.0,9.0,0,94.7,74.864
GAS,Red Bull Ring,MEDIUM,10.0,10.0,0,93.0,75.154
GAS,Red Bull Ring,MEDIUM,12.0,12.0,0,89.6,74.943
GAS,Red Bull Ring,HARD,2.0,15.0,0,84.5,72.983
GAS,Red Bull Ring,HARD,3.0,16.0,0,82.8,73.349
GAS,Red Bull Ring,HARD,4.0,17.0,0,81.1,73.244
GAS,Red Bull Ring,HARD,5.0,18.0,0,79.4,73.04
GAS,Red Bull Ring,HARD,6.0,19.0,0,77.7,72.932
GAS,Red Bull Ring,HARD,7.0,20.0,0,76.0,72.916
GAS,Red Bull Ring,HARD,8.0,21.0,0,74.30000000000001,72.772
GAS,Red Bull Ring,HARD,9.0,22.0,0,72.6,72.985
GAS,Red Bull Ring,HARD,10.0,23.0,0,70.9,73.89
GAS,Red Bull Ring,HARD,14.0,27.0,0,64.1,73.061
GAS,Red Bull Ring,HARD,15.0,28.0,0,62.4,72.923
GAS,Red Bull Ring,HARD,16.0,29.0,0,60.7,73.094
GAS,Red Bull Ring,HARD,17.0,30.0,0,59.0,73.146
GAS,Red Bull Ring,HARD,18.0,31.0,0,57.3,73.156
GAS,Red Bull Ring,HARD,19.0,32.0,0,55.6,73.184
GAS,Red Bull Ring,HARD,20.0,33.0,0,53.9,73.464
GAS,Red Bull Ring,HARD,21.0,34.0,0,52.2,73.591
GAS,Red Bull Ring,HARD,22.0,35.0,0,50.5,73.749
GAS,Red Bull Ring,HARD,23.0,36.0,0,48.8,73.927
GAS,Red Bull Ring,HARD,24.0,37.0,0,47.1,73.947
GAS,Red Bull Ring,MEDIUM,2.0,40.0,0,42.0,72.259
GAS,Red Bull Ring,MEDIUM,3.0,41.0,0,40.3,72.291
GAS,Red Bull Ring,MEDIUM,4.0,42.0,0,38.60000000000001,72.583
GAS,Red Bull Ring,MEDIUM,5.0,43.0,0,36.900000000000006,72.471
GAS,Red Bull Ring,MEDIUM,6.0,44.0,0,35.2,72.371
GAS,Red Bull Ring,MEDIUM,7.0,45.0,0,33.5,72.718
GAS,Red Bull Ring,MEDIUM,8.0,46.0,0,31.8,72.366
GAS,Red Bull Ring,MEDIUM,9.0,47.0,0,30.10000000000001,72.967
GAS,Red Bull Ring,MEDIUM,10.0,48.0,0,28.40000000000001,73.261
GAS,Red Bull Ring,MEDIUM,11.0,49.0,0,26.700000000000003,72.557
GAS,Red Bull Ring,MEDIUM,12.0,50.0,0,25.0,72.686
GAS,Red Bull Ring,SOFT,2.0,53.0,0,19.90000000000001,73.63
GAS,Red Bull Ring,SOFT,3.0,54.0,0,18.200000000000003,71.466
GAS,Red Bull Ring,SOFT,4.0,55.0,0,16.5,72.805
GAS,Red Bull Ring,SOFT,5.0,56.0,0,14.799999999999995,72.053
GAS,Red Bull Ring,SOFT,6.0,57.0,0,13.100000000000009,73.102
GAS,Red Bull Ring,SOFT,7.0,58.0,0,11.400000000000006,73.762
GAS,Red Bull Ring,SOFT,8.0,59.0,0,9.700000000000005,71.953
GAS,Red Bull Ring,SOFT,9.0,60.0,0,8.0,71.581
GAS,Red Bull Ring,SOFT,10.0,61.0,0,6.299999999999997,71.651
GAS,Red Bull Ring,SOFT,11.0,62.0,0,4.6000000000000085,71.625
GAS,Red Bull Ring,SOFT,12.0,63.0,0,2.9000000000000057,71.779
GAS,Red Bull Ring,SOFT,13.0,64.0,0,1.2000000000000028,73.001
GAS,Red Bull Ring,SOFT,14.0,65.0,0,0.0,72.076
GAS,Red Bull Ring,SOFT,15.0,66.0,0,0.0,72.223
GAS,Red Bull Ring,SOFT,16.0,67.0,0,0.0,72.562
GAS,Red Bull Ring,SOFT,17.0,68.0,0,0.0,71.986
GAS,Red Bull Ring,SOFT,18.0,69.0,0,0.0,72.97
GAS,Red Bull Ring,SOFT,19.0,70.0,0,0.0,72.673
PER,Red Bull Ring,MEDIUM,2.0,2.0,0,106.6,75.275
PER,Red Bull Ring,MEDIUM,3.0,3.0,0,104.9,74.448
ANT,Red Bull Ring,MEDIUM,2.0,2.0,0,106.6,74.216
ANT,Red Bull Ring,MEDIUM,3.0,3.0,0,104.9,72.568
ANT,Red Bull Ring,MEDIUM,4.0,4.0,0,103.2,72.114
ANT,Red Bull Ring,MEDIUM,5.0,5.0,0,101.5,72.168
ANT,Red Bull Ring,MEDIUM,6.0,6.0,0,99.8,72.285
ANT,Red Bull Ring,MEDIUM,7.0,7.0,0,98.1,72.607
ANT,Red Bull Ring,MEDIUM,8.0,8.0,0,96.4,72.163
ANT,Red Bull Ring,MEDIUM,9.0,9.0,0,94.7,72.268
ANT,Red Bull Ring,MEDIUM,10.0,10.0,0,93.0,72.586
ANT,Red Bull Ring,MEDIUM,11.0,11.0,0,91.3,73.147
ANT,Red Bull Ring,MEDIUM,12.0,12.0,0,89.6,73.221
ANT,Red Bull Ring,MEDIUM,13.0,13.0,0,87.9,72.782
ANT,Red Bull Ring,MEDIUM,14.0,14.0,0,86.2,72.696
ANT,Red Bull Ring,MEDIUM,15.0,15.0,0,84.5,72.993
ANT,Red Bull Ring,MEDIUM,16.0,16.0,0,82.8,72.883
ANT,Red Bull Ring,MEDIUM,17.0,17.0,0,81.1,72.474
ANT,Red Bull Ring,MEDIUM,18.0,18.0,0,79.4,72.816
ANT,Red Bull Ring,MEDIUM,19.0,19.0,0,77.7,72.476
ANT,Red Bull Ring,MEDIUM,20.0,20.0,0,76.0,73.419
ANT,Red Bull Ring,MEDIUM,21.0,21.0,0,74.30000000000001,72.804
ANT,Red Bull Ring,MEDIUM,22.0,22.0,0,72.6,73.952
ANT,Red Bull Ring,MEDIUM,23.0,23.0,0,70.9,73.136
ANT,Red Bull Ring,HARD,3.0,27.0,0,64.1,71.342
ANT,Red Bull Ring,HARD,4.0,28.0,0,62.4,71.395
ANT,Red Bull Ring,HARD,5.0,29.0,0,60.7,72.092
ANT,Red Bull Ring,HARD,6.0,30.0,0,59.0,71.297
ANT,Red Bull Ring,HARD,7.0,31.0,0,57.3,71.43
ANT,Red Bull Ring,HARD,8.0,32.0,0,55.6,71.23
ANT,Red Bull Ring,HARD,9.0,33.0,0,53.9,71.368
ANT,Red Bull Ring,HARD,10.0,34.0,0,52.2,71.356
ANT,Red Bull Ring,HARD,11.0,35.0,0,50.5,71.363
ANT,Red Bull Ring,HARD,12.0,36.0,0,48.8,71.26
ANT,Red Bull Ring,HARD,13.0,37.0,0,47.1,71.327
ANT,Red Bull Ring,HARD,14.0,38.0,0,45.400000000000006,71.595
ANT,Red Bull Ring,HARD,15.0,39.0,0,43.7,71.644
ANT,Red Bull Ring,HARD,16.0,40.0,0,42.0,72.599
ANT,Red Bull Ring,HARD,17.0,41.0,0,40.3,72.131
ANT,Red Bull Ring,HARD,18.0,42.0,0,38.60000000000001,71.507
ANT,Red Bull Ring,HARD,19.0,43.0,0,36.900000000000006,71.691
ANT,Red Bull Ring,HARD,20.0,44.0,0,35.2,71.723
ANT,Red Bull Ring,HARD,21.0,45.0,0,33.5,71.825
ANT,Red Bull Ring,HARD,22.0,46.0,0,31.8,71.748
ANT,Red Bull Ring,HARD,23.0,47.0,0,30.10000000000001,71.785
ANT,Red Bull Ring,HARD,24.0,48.0,0,28.40000000000001,71.746
ANT,Red Bull Ring,HARD,25.0,49.0,0,26.700000000000003,72.214
ANT,Red Bull Ring,HARD,26.0,50.0,0,25.0,72.121
ANT,Red Bull Ring,HARD,3.0,54.0,0,18.200000000000003,70.424
ANT,Red Bull Ring,HARD,4.0,55.0,0,16.5,70.444
ANT,Red Bull Ring,HARD,5.0,56.0,0,14.799999999999995,70.43
ANT,Red Bull Ring,HARD,6.0,57.0,0,13.100000000000009,70.47
ANT,Red Bull Ring,HARD,7.0,58.0,0,11.400000000000006,70.632
ANT,Red Bull Ring,HARD,8.0,59.0,0,9.700000000000005,70.374
ANT,Red Bull Ring,HARD,9.0,60.0,0,8.0,70.391
ANT,Red Bull Ring,HARD,10.0,61.0,0,6.299999999999997,70.442
ANT,Red Bull Ring,HARD,11.0,62.0,0,4.6000000000000085,70.892
ANT,Red Bull Ring,HARD,12.0,63.0,0,2.9000000000000057,71.051
ANT,Red Bull Ring,HARD,13.0,64.0,0,1.2000000000000028,70.895
ANT,Red Bull Ring,HARD,14.0,65.0,0,0.0,70.64
ANT,Red Bull Ring,HARD,15.0,66.0,0,0.0,70.732
ANT,Red Bull Ring,HARD,16.0,67.0,0,0.0,71.031
ANT,Red Bull Ring,HARD,17.0,68.0,0,0.0,70.549
ANT,Red Bull Ring,HARD,18.0,69.0,0,0.0,70.407
ANT,Red Bull Ring,HARD,19.0,70.0,0,0.0,70.675
ANT,Red Bull Ring,HARD,20.0,71.0,0,0.0,70.933
ALO,Red Bull Ring,MEDIUM,3.0,3.0,0,104.9,74.905
ALO,Red Bull Ring,MEDIUM,5.0,5.0,0,101.5,74.923
ALO,Red Bull Ring,MEDIUM,6.0,6.0,0,99.8,75.018
ALO,Red Bull Ring,MEDIUM,7.0,7.0,0,98.1,75.227
ALO,Red Bull Ring,MEDIUM,8.0,8.0,0,96.4,75.257
ALO,Red Bull Ring,SOFT,2.0,26.0,0,65.80000000000001,74.944
ALO,Red Bull Ring,SOFT,3.0,27.0,0,64.1,74.776
ALO,Red Bull Ring,SOFT,6.0,30.0,0,59.0,73.997
ALO,Red Bull Ring,SOFT,7.0,31.0,0,57.3,75.128
ALO,Red Bull Ring,SOFT,8.0,32.0,0,55.6,74.869
ALO,Red Bull Ring,SOFT,9.0,33.0,0,53.9,75.24
ALO,Red Bull Ring,SOFT,12.0,36.0,0,48.8,75.213
ALO,Red Bull Ring,SOFT,15.0,39.0,0,43.7,74.707
ALO,Red Bull Ring,SOFT,17.0,41.0,0,40.3,74.996
ALO,Red Bull Ring,SOFT,18.0,42.0,0,38.60000000000001,74.917
ALO,Red Bull Ring,SOFT,19.0,43.0,0,36.900000000000006,74.576
ALO,Red Bull Ring,SOFT,20.0,44.0,0,35.2,74.541
ALO,Red Bull Ring,SOFT,21.0,45.0,0,33.5,74.743
ALO,Red Bull Ring,SOFT,22.0,46.0,0,31.8,74.929
ALO,Red Bull Ring,SOFT,23.0,47.0,0,30.10000000000001,75.133
ALO,Red Bull Ring,SOFT,2.0,51.0,0,23.3,74.353
ALO,Red Bull Ring,SOFT,3.0,52.0,0,21.60000000000001,72.501
ALO,Red Bull Ring,SOFT,4.0,53.0,0,19.90000000000001,72.938
ALO,Red Bull Ring,SOFT,5.0,54.0,0,18.200000000000003,73.384
ALO,Red Bull Ring,SOFT,6.0,55.0,0,16.5,73.479
ALO,Red Bull Ring,SOFT,7.0,56.0,0,14.799999999999995,73.439
ALO,Red Bull Ring,SOFT,8.0,57.0,0,13.100000000000009,73.645
ALO,Red Bull Ring,SOFT,9.0,58.0,0,11.400000000000006,73.449
ALO,Red Bull Ring,SOFT,10.0,59.0,0,9.700000000000005,73.643
ALO,Red Bull Ring,SOFT,11.0,60.0,0,8.0,74.801
ALO,Red Bull Ring,SOFT,12.0,61.0,0,6.299999999999997,74.322
ALO,Red Bull Ring,SOFT,13.0,62.0,0,4.6000000000000085,73.519
ALO,Red Bull Ring,SOFT,14.0,63.0,0,2.9000000000000057,74.181
ALO,Red Bull Ring,SOFT,15.0,64.0,0,1.2000000000000028,73.986
ALO,Red Bull Ring,SOFT,16.0,65.0,0,0.0,74.483
ALO,Red Bull Ring,SOFT,17.0,66.0,0,0.0,73.84
ALO,Red Bull Ring,SOFT,18.0,67.0,0,0.0,74.742
LEC,Red Bull Ring,MEDIUM,2.0,2.0,0,106.6,74.142
LEC,Red Bull Ring,MEDIUM,3.0,3.0,0,104.9,72.446
LEC,Red Bull Ring,MEDIUM,4.0,4.0,0,103.2,71.971
LEC,Red Bull Ring,MEDIUM,5.0,5.0,0,101.5,72.252
LEC,Red Bull Ring,MEDIUM,6.0,6.0,0,99.8,72.216
LEC,Red Bull Ring,MEDIUM,7.0,7.0,0,98.1,73.951
LEC,Red Bull Ring,MEDIUM,8.0,8.0,0,96.4,72.717
LEC,Red Bull Ring,MEDIUM,9.0,9.0,0,94.7,72.895
LEC,Red Bull Ring,MEDIUM,10.0,10.0,0,93.0,73.061
LEC,Red Bull Ring,MEDIUM,11.0,11.0,0,91.3,73.493
LEC,Red Bull Ring,MEDIUM,12.0,12.0,0,89.6,73.433
LEC,Red Bull Ring,HARD,2.0,15.0,0,84.5,72.788
LEC,Red Bull Ring,HARD,3.0,16.0,0,82.8,72.567
LEC,Red Bull Ring,HARD,4.0,17.0,0,81.1,72.975
LEC,Red Bull Ring,HARD,5.0,18.0,0,79.4,72.591
LEC,Red Bull Ring,HARD,6.0,19.0,0,77.7,72.245
LEC,Red Bull Ring,HARD,7.0,20.0,0,76.0,72.066
LEC,Red Bull Ring,HARD,8.0,21.0,0,74.30000000000001,71.661
LEC,Red Bull Ring,HARD,9.0,22.0,0,72.6,71.932
LEC,Red Bull Ring,HARD,10.0,23.0,0,70.9,71.83
LEC,Red Bull Ring,HARD,11.0,24.0,0,69.2,72.699
LEC,Red Bull Ring,HARD,14.0,27.0,0,64.1,71.905
LEC,Red Bull Ring,HARD,15.0,28.0,0,62.4,71.737
LEC,Red Bull Ring,HARD,16.0,29.0,0,60.7,71.995
LEC,Red Bull Ring,HARD,17.0,30.0,0,59.0,72.682
LEC,Red Bull Ring,HARD,18.0,31.0,0,57.3,71.859
LEC,Red Bull Ring,HARD,19.0,32.0,0,55.6,72.044
LEC,Red Bull Ring,HARD,20.0,33.0,0,53.9,72.345
LEC,Red Bull Ring,HARD,21.0,34.0,0,52.2,72.316
LEC,Red Bull Ring,HARD,22.0,35.0,0,50.5,72.19
LEC,Red Bull Ring,HARD,23.0,36.0,0,48.8,72.588
LEC,Red Bull Ring,HARD,2.0,39.0,0,43.7,71.611
LEC,Red Bull Ring,HARD,3.0,40.0,0,42.0,71.701
LEC,Red Bull Ring,HARD,4.0,41.0,0,40.3,71.055
LEC,Red Bull Ring,HARD,5.0,42.0,0,38.60000000000001,70.916
LEC,Red Bull Ring,HARD,6.0,43.0,0,36.900000000000006,71.184
LEC,Red Bull Ring,HARD,7.0,44.0,0,35.2,71.165
LEC,Red Bull Ring,HARD,8.0,45.0,0,33.5,71.251
LEC,Red Bull Ring,HARD,9.0,46.0,0,31.8,71.718
LEC,Red Bull Ring,HARD,10.0,47.0,0,30.10000000000001,71.665
LEC,Red Bull Ring,HARD,11.0,48.0,0,28.40000000000001,72.597
LEC,Red Bull Ring,HARD,12.0,49.0,0,26.700000000000003,71.607
LEC,Red Bull Ring,HARD,13.0,50.0,0,25.0,71.537
LEC,Red Bull Ring,HARD,14.0,51.0,0,23.3,71.582
LEC,Red Bull Ring,HARD,16.0,53.0,0,19.90000000000001,74.572
LEC,Red Bull Ring,HARD,17.0,54.0,0,18.200000000000003,72.063
LEC,Red Bull Ring,HARD,18.0,55.0,0,16.5,72.011
LEC,Red Bull Ring,HARD,19.0,56.0,0,14.799999999999995,74.03
LEC,Red Bull Ring,HARD,20.0,57.0,0,13.100000000000009,72.075
LEC,Red Bull Ring,HARD,21.0,58.0,0,11.400000000000006,72.651
LEC,Red Bull Ring,SOFT,5.0,61.0,0,6.299999999999997,70.87
LEC,Red Bull Ring,SOFT,6.0,62.0,0,4.6000000000000085,71.098
LEC,Red Bull Ring,SOFT,7.0,63.0,0,2.9000000000000057,70.936
LEC,Red Bull Ring,SOFT,8.0,64.0,0,1.2000000000000028,70.878
LEC,Red Bull Ring,SOFT,9.0,65.0,0,0.0,71.021
LEC,Red Bull Ring,SOFT,10.0,66.0,0,0.0,70.684
LEC,Red Bull Ring,SOFT,11.0,67.0,0,0.0,70.606
LEC,Red Bull Ring,SOFT,12.0,68.0,0,0.0,70.713
LEC,Red Bull Ring,SOFT,13.0,69.0,0,0.0,70.803
LEC,Red Bull Ring,SOFT,14.0,70.0,0,0.0,70.998
LEC,Red Bull Ring,SOFT,15.0,71.0,0,0.0,70.796
STR,Red Bull Ring,MEDIUM,3.0,3.0,0,104.9,75.015
STR,Red Bull Ring,MEDIUM,4.0,4.0,0,103.2,75.217
STR,Red Bull Ring,MEDIUM,5.0,5.0,0,101.5,74.987
STR,Red Bull Ring,MEDIUM,6.0,6.0,0,99.8,74.995
STR,Red Bull Ring,SOFT,2.0,26.0,0,65.80000000000001,74.671
STR,Red Bull Ring,SOFT,4.0,28.0,0,62.4,74.161
STR,Red Bull Ring,SOFT,5.0,29.0,0,60.7,75.246
STR,Red Bull Ring,SOFT,6.0,30.0,0,59.0,73.796
STR,Red Bull Ring,SOFT,7.0,31.0,0,57.3,74.006
STR,Red Bull Ring,SOFT,8.0,32.0,0,55.6,74.101
STR,Red Bull Ring,SOFT,9.0,33.0,0,53.9,74.416
STR,Red Bull Ring,SOFT,10.0,34.0,0,52.2,74.224
STR,Red Bull Ring,SOFT,11.0,35.0,0,50.5,74.355
STR,Red Bull Ring,SOFT,12.0,36.0,0,48.8,74.615
STR,Red Bull Ring,SOFT,13.0,37.0,0,47.1,74.863
STR,Red Bull Ring,SOFT,15.0,39.0,0,43.7,74.619
STR,Red Bull Ring,SOFT,16.0,40.0,0,42.0,74.584
STR,Red Bull Ring,SOFT,18.0,42.0,0,38.60000000000001,74.654
STR,Red Bull Ring,SOFT,19.0,43.0,0,36.900000000000006,74.641
STR,Red Bull Ring,SOFT,20.0,44.0,0,35.2,74.53
ALB,Red Bull Ring,MEDIUM,2.0,2.0,0,106.6,74.956
ALB,Red Bull Ring,MEDIUM,3.0,3.0,0,104.9,74.318
ALB,Red Bull Ring,MEDIUM,4.0,4.0,0,103.2,74.27
ALB,Red Bull Ring,MEDIUM,5.0,5.0,0,101.5,74.288
ALB,Red Bull Ring,MEDIUM,6.0,6.0,0,99.8,74.684
ALB,Red Bull Ring,MEDIUM,7.0,7.0,0,98.1,74.463
ALB,Red Bull Ring,MEDIUM,8.0,8.0,0,96.4,74.716
ALB,Red Bull Ring,MEDIUM,9.0,9.0,0,94.7,75.298
ALB,Red Bull Ring,MEDIUM,10.0,10.0,0,93.0,75.141
ALB,Red Bull Ring,MEDIUM,12.0,12.0,0,89.6,75.281
ALB,Red Bull Ring,MEDIUM,13.0,13.0,0,87.9,75.112
ALB,Red Bull Ring,MEDIUM,14.0,14.0,0,86.2,74.921
ALB,Red Bull Ring,MEDIUM,15.0,15.0,0,84.5,74.858
ALB,Red Bull Ring,MEDIUM,16.0,16.0,0,82.8,74.979
ALB,Red Bull Ring,MEDIUM,17.0,17.0,0,81.1,75.072
ALB,Red Bull Ring,MEDIUM,2.0,20.0,0,76.0,73.642
ALB,Red Bull Ring,MEDIUM,3.0,21.0,0,74.30000000000001,73.823
ALB,Red Bull Ring,MEDIUM,4.0,22.0,0,72.6,74.202
ALB,Red Bull Ring,MEDIUM,5.0,23.0,0,70.9,73.794
ALB,Red Bull Ring,MEDIUM,9.0,27.0,0,64.1,73.344
ALB,Red Bull Ring,MEDIUM,10.0,28.0,0,62.4,73.531
ALB,Red Bull Ring,MEDIUM,11.0,29.0,0,60.7,73.404
ALB,Red Bull Ring,MEDIUM,12.0,30.0,0,59.0,74.285
ALB,Red Bull Ring,MEDIUM,13.0,31.0,0,57.3,74.701
ALB,Red Bull Ring,MEDIUM,14.0,32.0,0,55.6,74.764
ALB,Red Bull Ring,MEDIUM,15.0,33.0,0,53.9,74.294
ALB,Red Bull Ring,MEDIUM,16.0,34.0,0,52.2,74.002
ALB,Red Bull Ring,MEDIUM,17.0,35.0,0,50.5,75.013
ALB,Red Bull Ring,MEDIUM,18.0,36.0,0,48.8,74.131
ALB,Red Bull Ring,HARD,2.0,39.0,0,43.7,73.202
ALB,Red Bull Ring,HARD,3.0,40.0,0,42.0,73.974
ALB,Red Bull Ring,HARD,4.0,41.0,0,40.3,73.163
ALB,Red Bull Ring,HARD,5.0,42.0,0,38.60000000000001,73.526
ALB,Red Bull Ring,HARD,6.0,43.0,0,36.900000000000006,73.137
ALB,Red Bull Ring,HARD,7.0,44.0,0,35.2,73.181
ALB,Red Bull Ring,HARD,8.0,45.0,0,33.5,73.39
ALB,Red Bull Ring,HARD,9.0,46.0,0,31.8,73.426
ALB,Red Bull Ring,HARD,10.0,47.0,0,30.10000000000001,73.635
ALB,Red Bull Ring,HARD,11.0,48.0,0,28.40000000000001,73.344
ALB,Red Bull Ring,HARD,12.0,49.0,0,26.700000000000003,74.02
ALB,Red Bull Ring,HARD,13.0,50.0,0,25.0,73.711
ALB,Red Bull Ring,HARD,15.0,52.0,0,21.60000000000001,73.575
ALB,Red Bull Ring,HARD,16.0,53.0,0,19.90000000000001,73.197
ALB,Red Bull Ring,HARD,17.0,54.0,0,18.200000000000003,73.197
ALB,Red Bull Ring,HARD,18.0,55.0,0,16.5,73.301
ALB,Red Bull Ring,HARD,19.0,56.0,0,14.799999999999995,73.484
ALB,Red Bull Ring,HARD,20.0,57.0,0,13.100000000000009,73.664
ALB,Red Bull Ring,HARD,21.0,58.0,0,11.400000000000006,73.538
ALB,Red Bull Ring,HARD,22.0,59.0,0,9.700000000000005,73.351
ALB,Red Bull Ring,HARD,23.0,60.0,0,8.0,73.735
ALB,Red Bull Ring,HARD,24.0,61.0,0,6.299999999999997,74.077
ALB,Red Bull Ring,HARD,25.0,62.0,0,4.6000000000000085,73.893
ALB,Red Bull Ring,HARD,28.0,65.0,0,0.0,74.656
HUL,Red Bull Ring,MEDIUM,2.0,2.0,0,106.6,74.302
HUL,Red Bull Ring,MEDIUM,3.0,3.0,0,104.9,73.988
HUL,Red Bull Ring,MEDIUM,4.0,4.0,0,103.2,73.905
HUL,Red Bull Ring,MEDIUM,5.0,5.0,0,101.5,74.026
HUL,Red Bull Ring,MEDIUM,6.0,6.0,0,99.8,74.391
HUL,Red Bull Ring,MEDIUM,7.0,7.0,0,98.1,74.418
HUL,Red Bull Ring,MEDIUM,8.0,8.0,0,96.4,74.675
HUL,Red Bull Ring,MEDIUM,9.0,9.0,0,94.7,74.506
HUL,Red Bull Ring,MEDIUM,10.0,10.0,0,93.0,75.271
HUL,Red Bull Ring,MEDIUM,12.0,12.0,0,89.6,75.137
HUL,Red Bull Ring,MEDIUM,13.0,13.0,0,87.9,75.169
HUL,Red Bull Ring,MEDIUM,14.0,14.0,0,86.2,74.773
HUL,Red Bull Ring,MEDIUM,15.0,15.0,0,84.5,74.945
HUL,Red Bull Ring,MEDIUM,16.0,16.0,0,82.8,74.474
HUL,Red Bull Ring,MEDIUM,17.0,17.0,0,81.1,75.244
HUL,Red Bull Ring,MEDIUM,18.0,18.0,0,79.4,74.765
HUL,Red Bull Ring,MEDIUM,19.0,19.0,0,77.7,74.434
HUL,Red Bull Ring,MEDIUM,20.0,20.0,0,76.0,74.408
HUL,Red Bull Ring,MEDIUM,2.0,23.0,0,70.9,73.21
HUL,Red Bull Ring,MEDIUM,6.0,27.0,0,64.1,72.63
HUL,Red Bull Ring,MEDIUM,7.0,28.0,0,62.4,72.965
HUL,Red Bull Ring,MEDIUM,8.0,29.0,0,60.7,72.755
HUL,Red Bull Ring,MEDIUM,9.0,30.0,0,59.0,72.673
HUL,Red Bull Ring,MEDIUM,10.0,31.0,0,57.3,72.629
HUL,Red Bull Ring,MEDIUM,11.0,32.0,0,55.6,72.47
HUL,Red Bull Ring,MEDIUM,12.0,33.0,0,53.9,72.863
HUL,Red Bull Ring,MEDIUM,13.0,34.0,0,52.2,72.65
HUL,Red Bull Ring,MEDIUM,14.0,35.0,0,50.5,72.663
HUL,Red Bull Ring,MEDIUM,15.0,36.0,0,48.8,72.792
HUL,Red Bull Ring,MEDIUM,16.0,37.0,0,47.1,72.747
HUL,Red Bull Ring,MEDIUM,17.0,38.0,0,45.400000000000006,72.959
HUL,Red Bull Ring,MEDIUM,18.0,39.0,0,43.7,72.988
HUL,Red Bull Ring,MEDIUM,19.0,40.0,0,42.0,72.757
HUL,Red Bull Ring,MEDIUM,20.0,41.0,0,40.3,73.096
HUL,Red Bull Ring,MEDIUM,21.0,42.0,0,38.60000000000001,72.891
HUL,Red Bull Ring,MEDIUM,22.0,43.0,0,36.900000000000006,73.058
HUL,Red Bull Ring,MEDIUM,23.0,44.0,0,35.2,73.105
HUL,Red Bull Ring,HARD,2.0,47.0,0,30.10000000000001,72.534
HUL,Red Bull Ring,HARD,3.0,48.0,0,28.40000000000001,72.446
HUL,Red Bull Ring,HARD,4.0,49.0,0,26.700000000000003,72.255
HUL,Red Bull Ring,HARD,5.0,50.0,0,25.0,73.623
HUL,Red Bull Ring,HARD,8.0,53.0,0,19.90000000000001,73.956
HUL,Red Bull Ring,HARD,9.0,54.0,0,18.200000000000003,71.722
HUL,Red Bull Ring,HARD,10.0,55.0,0,16.5,71.634
HUL,Red Bull Ring,HARD,11.0,56.0,0,14.799999999999995,71.772
HUL,Red Bull Ring,HARD,12.0,57.0,0,13.100000000000009,73.683
HUL,Red Bull Ring,HARD,13.0,58.0,0,11.400000000000006,72.082
HUL,Red Bull Ring,HARD,14.0,59.0,0,9.700000000000005,72.413
HUL,Red Bull Ring,HARD,15.0,60.0,0,8.0,72.796
HUL,Red Bull Ring,HARD,16.0,61.0,0,6.299999999999997,75.042
HUL,Red Bull Ring,HARD,17.0,62.0,0,4.6000000000000085,72.449
HUL,Red Bull Ring,HARD,18.0,63.0,0,2.9000000000000057,73.081
HUL,Red Bull Ring,HARD,19.0,64.0,0,1.2000000000000028,72.846
HUL,Red Bull Ring,HARD,20.0,65.0,0,0.0,72.344
HUL,Red Bull Ring,HARD,21.0,66.0,0,0.0,72.492
HUL,Red Bull Ring,HARD,22.0,67.0,0,0.0,72.301
HUL,Red Bull Ring,HARD,23.0,68.0,0,0.0,72.371
HUL,Red Bull Ring,HARD,24.0,69.0,0,0.0,73.022
HUL,Red Bull Ring,HARD,25.0,70.0,0,0.0,72.56
VER,Red Bull Ring,MEDIUM,2.0,2.0,0,106.6,72.102
VER,Red Bull Ring,MEDIUM,3.0,3.0,0,104.9,72.084
VER,Red Bull Ring,MEDIUM,4.0,4.0,0,103.2,71.733
VER,Red Bull Ring,MEDIUM,5.0,5.0,0,101.5,71.846
VER,Red Bull Ring,MEDIUM,6.0,6.0,0,99.8,71.845
VER,Red Bull Ring,MEDIUM,7.0,7.0,0,98.1,72.072
VER,Red Bull Ring,MEDIUM,8.0,8.0,0,96.4,72.396
VER,Red Bull Ring,MEDIUM,9.0,9.0,0,94.7,72.558
VER,Red Bull Ring,MEDIUM,10.0,10.0,0,93.0,72.875
VER,Red Bull Ring,MEDIUM,11.0,11.0,0,91.3,74.413
VER,Red Bull Ring,MEDIUM,12.0,12.0,0,89.6,73.34
VER,Red Bull Ring,MEDIUM,13.0,13.0,0,87.9,72.789
VER,Red Bull Ring,MEDIUM,14.0,14.0,0,86.2,72.607
VER,Red Bull Ring,MEDIUM,15.0,15.0,0,84.5,72.765
VER,Red Bull Ring,MEDIUM,16.0,16.0,0,82.8,72.626
VER,Red Bull Ring,MEDIUM,17.0,17.0,0,81.1,72.733
VER,Red Bull Ring,HARD,2.0,20.0,0,76.0,71.48
VER,Red Bull Ring,HARD,3.0,21.0,0,74.30000000000001,71.484
VER,Red Bull Ring,HARD,4.0,22.0,0,72.6,72.409
VER,Red Bull Ring,HARD,5.0,23.0,0,70.9,71.787
VER,Red Bull Ring,HARD,6.0,24.0,0,69.2,72.016
VER,Red Bull Ring,HARD,9.0,27.0,0,64.1,71.307
VER,Red Bull Ring,HARD,10.0,28.0,0,62.4,71.072
VER,Red Bull Ring,HARD,11.0,29.0,0,60.7,71.209
VER,Red Bull Ring,HARD,12.0,30.0,0,59.0,71.041
VER,Red Bull Ring,HARD,13.0,31.0,0,57.3,71.249
VER,Red Bull Ring,HARD,14.0,32.0,0,55.6,71.492
VER,Red Bull Ring,HARD,15.0,33.0,0,53.9,71.442
VER,Red Bull Ring,HARD,16.0,34.0,0,52.2,71.846
VER,Red Bull Ring,HARD,17.0,35.0,0,50.5,71.606
VER,Red Bull Ring,HARD,18.0,36.0,0,48.8,71.931
VER,Red Bull Ring,HARD,19.0,37.0,0,47.1,71.809
VER,Red Bull Ring,HARD,20.0,38.0,0,45.400000000000006,72.159
VER,Red Bull Ring,HARD,21.0,39.0,0,43.7,72.245
VER,Red Bull Ring,HARD,22.0,40.0,0,42.0,72.132
VER,Red Bull Ring,HARD,23.0,41.0,0,40.3,71.892
VER,Red Bull Ring,HARD,24.0,42.0,0,38.60000000000001,72.168
VER,Red Bull Ring,HARD,25.0,43.0,0,36.900000000000006,72.087
VER,Red Bull Ring,HARD,26.0,44.0,0,35.2,72.414
VER,Red Bull Ring,HARD,27.0,45.0,0,33.5,72.356
VER,Red Bull Ring,HARD,28.0,46.0,0,31.8,72.38
VER,Red Bull Ring,HARD,29.0,47.0,0,30.10000000000001,72.63
VER,Red Bull Ring,HARD,30.0,48.0,0,28.40000000000001,72.681
VER,Red Bull Ring,HARD,2.0,51.0,0,23.3,70.888
VER,Red Bull Ring,HARD,5.0,54.0,0,18.200000000000003,70.596
VER,Red Bull Ring,HARD,6.0,55.0,0,16.5,70.599
VER,Red Bull Ring,HARD,7.0,56.0,0,14.799999999999995,70.633
VER,Red Bull Ring,HARD,8.0,57.0,0,13.100000000000009,70.483
VER,Red Bull Ring,HARD,9.0,58.0,0,11.400000000000006,70.622
VER,Red Bull Ring,HARD,10.0,59.0,0,9.700000000000005,70.508
VER,Red Bull Ring,HARD,11.0,60.0,0,8.0,70.9
VER,Red Bull Ring,HARD,12.0,61.0,0,6.299999999999997,70.828
VER,Red Bull Ring,HARD,13.0,62.0,0,4.6000000000000085,71.077
VER,Red Bull Ring,HARD,14.0,63.0,0,2.9000000000000057,70.936
VER,Red Bull Ring,HARD,15.0,64.0,0,1.2000000000000028,70.846
VER,Red Bull Ring,HARD,16.0,65.0,0,0.0,71.038
VER,Red Bull Ring,HARD,17.0,66.0,0,0.0,71.149
VER,Red Bull Ring,HARD,18.0,67.0,0,0.0,71.467
VER,Red Bull Ring,HARD,19.0,68.0,0,0.0,71.016
VER,Red Bull Ring,HARD,20.0,69.0,0,0.0,71.034
VER,Red Bull Ring,HARD,21.0,70.0,0,0.0,71.133
VER,Red Bull Ring,HARD,22.0,71.0,0,0.0,71.246
LAW,Red Bull Ring,MEDIUM,2.0,2.0,0,106.6,73.546
LAW,Red Bull Ring,MEDIUM,3.0,3.0,0,104.9,73.61
LAW,Red Bull Ring,MEDIUM,4.0,4.0,0,103.2,74.368
LAW,Red Bull Ring,MEDIUM,5.0,5.0,0,101.5,73.224
LAW,Red Bull Ring,MEDIUM,6.0,6.0,0,99.8,73.108
LAW,Red Bull Ring,MEDIUM,7.0,7.0,0,98.1,73.265
LAW,Red Bull Ring,MEDIUM,8.0,8.0,0,96.4,73.244
LAW,Red Bull Ring,MEDIUM,9.0,9.0,0,94.7,73.428
LAW,Red Bull Ring,MEDIUM,10.0,10.0,0,93.0,73.576
LAW,Red Bull Ring,MEDIUM,11.0,11.0,0,91.3,73.714
LAW,Red Bull Ring,MEDIUM,12.0,12.0,0,89.6,73.624
LAW,Red Bull Ring,MEDIUM,13.0,13.0,0,87.9,73.823
LAW,Red Bull Ring,MEDIUM,14.0,14.0,0,86.2,73.824
LAW,Red Bull Ring,MEDIUM,15.0,15.0,0,84.5,73.988
LAW,Red Bull Ring,MEDIUM,16.0,16.0,0,82.8,73.857
LAW,Red Bull Ring,MEDIUM,17.0,17.0,0,81.1,74.092
LAW,Red Bull Ring,MEDIUM,18.0,18.0,0,79.4,75.098
LAW,Red Bull Ring,HARD,2.0,21.0,0,74.30000000000001,73.679
LAW,Red Bull Ring,HARD,3.0,22.0,0,72.6,73.088
LAW,Red Bull Ring,HARD,4.0,23.0,0,70.9,72.637
LAW,Red Bull Ring,HARD,8.0,27.0,0,64.1,72.726
LAW,Red Bull Ring,HARD,9.0,28.0,0,62.4,72.416
LAW,Red Bull Ring,HARD,10.0,29.0,0,60.7,72.214
LAW,Red Bull Ring,HARD,11.0,30.0,0,59.0,72.544
LAW,Red Bull Ring,HARD,12.0,31.0,0,57.3,72.577
LAW,Red Bull Ring,HARD,13.0,32.0,0,55.6,72.468
LAW,Red Bull Ring,HARD,14.0,33.0,0,53.9,72.671
LAW,Red Bull Ring,HARD,15.0,34.0,0,52.2,72.784
LAW,Red Bull Ring,HARD,16.0,35.0,0,50.5,73.035
LAW,Red Bull Ring,HARD,17.0,36.0,0,48.8,72.96
LAW,Red Bull Ring,HARD,18.0,37.0,0,47.1,73.211
LAW,Red Bull Ring,HARD,19.0,38.0,0,45.400000000000006,74.115
LAW,Red Bull Ring,HARD,20.0,39.0,0,43.7,74.467
LAW,Red Bull Ring,HARD,21.0,40.0,0,42.0,73.118
LAW,Red Bull Ring,HARD,22.0,41.0,0,40.3,73.068
LAW,Red Bull Ring,HARD,23.0,42.0,0,38.60000000000001,73.279
LAW,Red Bull Ring,HARD,24.0,43.0,0,36.900000000000006,73.635
LAW,Red Bull Ring,HARD,25.0,44.0,0,35.2,73.993
LAW,Red Bull Ring,MEDIUM,2.0,47.0,0,30.10000000000001,72.099
LAW,Red Bull Ring,MEDIUM,3.0,48.0,0,28.40000000000001,72.149
LAW,Red Bull Ring,MEDIUM,4.0,49.0,0,26.700000000000003,72.133
LAW,Red Bull Ring,MEDIUM,5.0,50.0,0,25.0,71.946
LAW,Red Bull Ring,MEDIUM,6.0,51.0,0,23.3,72.537
LAW,Red Bull Ring,MEDIUM,8.0,53.0,0,19.90000000000001,71.774
LAW,Red Bull Ring,MEDIUM,9.0,54.0,0,18.200000000000003,71.75
LAW,Red Bull Ring,MEDIUM,10.0,55.0,0,16.5,71.547
LAW,Red Bull Ring,MEDIUM,11.0,56.0,0,14.799999999999995,71.809
LAW,Red Bull Ring,MEDIUM,12.0,57.0,0,13.100000000000009,73.698
LAW,Red Bull Ring,MEDIUM,13.0,58.0,0,11.400000000000006,71.944
LAW,Red Bull Ring,MEDIUM,14.0,59.0,0,9.700000000000005,71.81
LAW,Red Bull Ring,MEDIUM,15.0,60.0,0,8.0,71.875
LAW,Red Bull Ring,MEDIUM,16.0,61.0,0,6.299999999999997,72.118
LAW,Red Bull Ring,MEDIUM,17.0,62.0,0,4.6000000000000085,74.159
LAW,Red Bull Ring,MEDIUM,18.0,63.0,0,2.9000000000000057,74.033
LAW,Red Bull Ring,MEDIUM,19.0,64.0,0,1.2000000000000028,72.046
LAW,Red Bull Ring,MEDIUM,20.0,65.0,0,0.0,72.274
LAW,Red Bull Ring,MEDIUM,21.0,66.0,0,0.0,72.701
LAW,Red Bull Ring,MEDIUM,22.0,67.0,0,0.0,72.619
LAW,Red Bull Ring,MEDIUM,23.0,68.0,0,0.0,72.352
LAW,Red Bull Ring,MEDIUM,24.0,69.0,0,0.0,72.278
LAW,Red Bull Ring,MEDIUM,25.0,70.0,0,0.0,72.286
OCO,Red Bull Ring,MEDIUM,2.0,2.0,0,106.6,73.849
OCO,Red Bull Ring,MEDIUM,3.0,3.0,0,104.9,73.645
OCO,Red Bull Ring,MEDIUM,4.0,4.0,0,103.2,74.103
OCO,Red Bull Ring,MEDIUM,5.0,5.0,0,101.5,73.793
OCO,Red Bull Ring,MEDIUM,6.0,6.0,0,99.8,74.125
OCO,Red Bull Ring,MEDIUM,7.0,7.0,0,98.1,75.075
OCO,Red Bull Ring,MEDIUM,8.0,8.0,0,96.4,74.546
OCO,Red Bull Ring,MEDIUM,9.0,9.0,0,94.7,74.897
OCO,Red Bull Ring,MEDIUM,10.0,10.0,0,93.0,75.155
OCO,Red Bull Ring,MEDIUM,12.0,12.0,0,89.6,74.927
OCO,Red Bull Ring,MEDIUM,13.0,13.0,0,87.9,75.144
OCO,Red Bull Ring,MEDIUM,15.0,15.0,0,84.5,75.154
OCO,Red Bull Ring,MEDIUM,2.0,20.0,0,76.0,74.42
OCO,Red Bull Ring,MEDIUM,3.0,21.0,0,74.30000000000001,74.195
OCO,Red Bull Ring,MEDIUM,4.0,22.0,0,72.6,73.867
OCO,Red Bull Ring,MEDIUM,5.0,23.0,0,70.9,73.699
OCO,Red Bull Ring,MEDIUM,9.0,27.0,0,64.1,73.308
OCO,Red Bull Ring,MEDIUM,10.0,28.0,0,62.4,73.207
OCO,Red Bull Ring,MEDIUM,11.0,29.0,0,60.7,73.117
OCO,Red Bull Ring,MEDIUM,12.0,30.0,0,59.0,73.428
OCO,Red Bull Ring,MEDIUM,13.0,31.0,0,57.3,73.201
OCO,Red Bull Ring,MEDIUM,14.0,32.0,0,55.6,73.406
OCO,Red Bull Ring,HARD,2.0,35.0,0,50.5,73.061
OCO,Red Bull Ring,HARD,3.0,36.0,0,48.8,73.17
OCO,Red Bull Ring,HARD,4.0,37.0,0,47.1,72.979
OCO,Red Bull Ring,HARD,5.0,38.0,0,45.400000000000006,73.275
OCO,Red Bull Ring,HARD,6.0,39.0,0,43.7,73.094
OCO,Red Bull Ring,HARD,7.0,40.0,0,42.0,73.149
OCO,Red Bull Ring,HARD,8.0,41.0,0,40.3,73.565
OCO,Red Bull Ring,HARD,9.0,42.0,0,38.60000000000001,74.782
OCO,Red Bull Ring,HARD,11.0,44.0,0,35.2,73.412
OCO,Red Bull Ring,HARD,12.0,45.0,0,33.5,73.662
OCO,Red Bull Ring,HARD,13.0,46.0,0,31.8,73.402
OCO,Red Bull Ring,HARD,14.0,47.0,0,30.10000000000001,74.927
OCO,Red Bull Ring,HARD,15.0,48.0,0,28.40000000000001,73.239
OCO,Red Bull Ring,HARD,16.0,49.0,0,26.700000000000003,73.31
OCO,Red Bull Ring,HARD,17.0,50.0,0,25.0,73.463
OCO,Red Bull Ring,HARD,19.0,52.0,0,21.60000000000001,73.187
OCO,Red Bull Ring,HARD,20.0,53.0,0,19.90000000000001,73.217
OCO,Red Bull Ring,HARD,21.0,54.0,0,18.200000000000003,73.866
OCO,Red Bull Ring,HARD,22.0,55.0,0,16.5,73.346
OCO,Red Bull Ring,HARD,23.0,56.0,0,14.799999999999995,73.606
OCO,Red Bull Ring,HARD,24.0,57.0,0,13.100000000000009,73.59
OCO,Red Bull Ring,HARD,25.0,58.0,0,11.400000000000006,73.824
OCO,Red Bull Ring,HARD,26.0,59.0,0,9.700000000000005,73.929
OCO,Red Bull Ring,HARD,27.0,60.0,0,8.0,73.744
OCO,Red Bull Ring,HARD,28.0,61.0,0,6.299999999999997,74.012
OCO,Red Bull Ring,HARD,29.0,62.0,0,4.6000000000000085,73.932
OCO,Red Bull Ring,HARD,30.0,63.0,0,2.9000000000000057,74.39
OCO,Red Bull Ring,HARD,33.0,66.0,0,0.0,74.5
LIN,Red Bull Ring,MEDIUM,2.0,2.0,0,106.6,73.697
LIN,Red Bull Ring,MEDIUM,3.0,3.0,0,104.9,73.483
LIN,Red Bull Ring,MEDIUM,4.0,4.0,0,103.2,73.913
LIN,Red Bull Ring,MEDIUM,5.0,5.0,0,101.5,73.52
LIN,Red Bull Ring,MEDIUM,6.0,6.0,0,99.8,73.177
LIN,Red Bull Ring,MEDIUM,7.0,7.0,0,98.1,73.614
LIN,Red Bull Ring,MEDIUM,8.0,8.0,0,96.4,74.051
LIN,Red Bull Ring,MEDIUM,9.0,9.0,0,94.7,73.564
LIN,Red Bull Ring,MEDIUM,10.0,10.0,0,93.0,73.686
LIN,Red Bull Ring,MEDIUM,11.0,11.0,0,91.3,73.999
LIN,Red Bull Ring,MEDIUM,12.0,12.0,0,89.6,73.698
LIN,Red Bull Ring,MEDIUM,13.0,13.0,0,87.9,73.839
LIN,Red Bull Ring,MEDIUM,14.0,14.0,0,86.2,73.975
LIN,Red Bull Ring,MEDIUM,15.0,15.0,0,84.5,74.394
LIN,Red Bull Ring,MEDIUM,16.0,16.0,0,82.8,74.92
LIN,Red Bull Ring,MEDIUM,17.0,17.0,0,81.1,74.016
LIN,Red Bull Ring,HARD,2.0,20.0,0,76.0,73.512
LIN,Red Bull Ring,HARD,3.0,21.0,0,74.30000000000001,72.455
LIN,Red Bull Ring,HARD,4.0,22.0,0,72.6,72.72
LIN,Red Bull Ring,HARD,5.0,23.0,0,70.9,72.602
LIN,Red Bull Ring,HARD,9.0,27.0,0,64.1,72.707
LIN,Red Bull Ring,HARD,10.0,28.0,0,62.4,72.367
LIN,Red Bull Ring,HARD,11.0,29.0,0,60.7,72.227
LIN,Red Bull Ring,HARD,12.0,30.0,0,59.0,72.746
LIN,Red Bull Ring,HARD,13.0,31.0,0,57.3,72.593
LIN,Red Bull Ring,HARD,14.0,32.0,0,55.6,72.525
LIN,Red Bull Ring,HARD,15.0,33.0,0,53.9,72.78
LIN,Red Bull Ring,HARD,16.0,34.0,0,52.2,72.81
LIN,Red Bull Ring,HARD,17.0,35.0,0,50.5,72.963
LIN,Red Bull Ring,HARD,18.0,36.0,0,48.8,72.861
LIN,Red Bull Ring,HARD,19.0,37.0,0,47.1,73.281
LIN,Red Bull Ring,HARD,20.0,38.0,0,45.400000000000006,74.404
LIN,Red Bull Ring,HARD,21.0,39.0,0,43.7,73.357
LIN,Red Bull Ring,HARD,22.0,40.0,0,42.0,73.197
LIN,Red Bull Ring,HARD,23.0,41.0,0,40.3,73.377
LIN,Red Bull Ring,HARD,24.0,42.0,0,38.60000000000001,73.601
LIN,Red Bull Ring,HARD,25.0,43.0,0,36.900000000000006,73.901
LIN,Red Bull Ring,HARD,26.0,44.0,0,35.2,74.0
LIN,Red Bull Ring,HARD,27.0,45.0,0,33.5,73.962
LIN,Red Bull Ring,MEDIUM,2.0,48.0,0,28.40000000000001,72.142
LIN,Red Bull Ring,MEDIUM,3.0,49.0,0,26.700000000000003,71.994
LIN,Red Bull Ring,MEDIUM,4.0,50.0,0,25.0,72.007
LIN,Red Bull Ring,MEDIUM,5.0,51.0,0,23.3,74.698
LIN,Red Bull Ring,MEDIUM,7.0,53.0,0,19.90000000000001,71.881
LIN,Red Bull Ring,MEDIUM,8.0,54.0,0,18.200000000000003,71.661
LIN,Red Bull Ring,MEDIUM,9.0,55.0,0,16.5,73.614
LIN,Red Bull Ring,MEDIUM,10.0,56.0,0,14.799999999999995,71.587
LIN,Red Bull Ring,MEDIUM,11.0,57.0,0,13.100000000000009,71.919
LIN,Red Bull Ring,MEDIUM,12.0,58.0,0,11.400000000000006,71.76
LIN,Red Bull Ring,MEDIUM,13.0,59.0,0,9.700000000000005,71.918
LIN,Red Bull Ring,MEDIUM,14.0,60.0,0,8.0,73.502
LIN,Red Bull Ring,MEDIUM,15.0,61.0,0,6.299999999999997,72.065
LIN,Red Bull Ring,MEDIUM,16.0,62.0,0,4.6000000000000085,74.045
LIN,Red Bull Ring,MEDIUM,17.0,63.0,0,2.9000000000000057,72.347
LIN,Red Bull Ring,MEDIUM,18.0,64.0,0,1.2000000000000028,72.215
LIN,Red Bull Ring,MEDIUM,19.0,65.0,0,0.0,72.609
LIN,Red Bull Ring,MEDIUM,20.0,66.0,0,0.0,72.861
LIN,Red Bull Ring,MEDIUM,21.0,67.0,0,0.0,72.869
LIN,Red Bull Ring,MEDIUM,22.0,68.0,0,0.0,72.804
LIN,Red Bull Ring,MEDIUM,23.0,69.0,0,0.0,72.781
LIN,Red Bull Ring,MEDIUM,24.0,70.0,0,0.0,72.662
COL,Red Bull Ring,MEDIUM,2.0,2.0,0,106.6,74.754
COL,Red Bull Ring,MEDIUM,3.0,3.0,0,104.9,74.423
COL,Red Bull Ring,MEDIUM,4.0,4.0,0,103.2,73.852
COL,Red Bull Ring,MEDIUM,5.0,5.0,0,101.5,75.1
COL,Red Bull Ring,MEDIUM,6.0,6.0,0,99.8,74.183
COL,Red Bull Ring,MEDIUM,7.0,7.0,0,98.1,74.111
COL,Red Bull Ring,MEDIUM,8.0,8.0,0,96.4,74.651
COL,Red Bull Ring,MEDIUM,9.0,9.0,0,94.7,75.262
COL,Red Bull Ring,MEDIUM,15.0,15.0,0,84.5,75.24
COL,Red Bull Ring,MEDIUM,16.0,16.0,0,82.8,74.61
COL,Red Bull Ring,MEDIUM,17.0,17.0,0,81.1,74.417
COL,Red Bull Ring,MEDIUM,18.0,18.0,0,79.4,74.47
COL,Red Bull Ring,MEDIUM,19.0,19.0,0,77.7,74.775
COL,Red Bull Ring,HARD,2.0,22.0,0,72.6,73.301
COL,Red Bull Ring,HARD,3.0,23.0,0,70.9,73.444
COL,Red Bull Ring,HARD,6.0,26.0,0,65.80000000000001,74.927
COL,Red Bull Ring,HARD,7.0,27.0,0,64.1,72.963
COL,Red Bull Ring,HARD,8.0,28.0,0,62.4,72.673
COL,Red Bull Ring,HARD,9.0,29.0,0,60.7,73.104
COL,Red Bull Ring,HARD,10.0,30.0,0,59.0,72.578
COL,Red Bull Ring,HARD,11.0,31.0,0,57.3,74.472
COL,Red Bull Ring,HARD,12.0,32.0,0,55.6,73.166
COL,Red Bull Ring,HARD,13.0,33.0,0,53.9,74.5
COL,Red Bull Ring,HARD,14.0,34.0,0,52.2,73.108
COL,Red Bull Ring,HARD,15.0,35.0,0,50.5,73.265
COL,Red Bull Ring,HARD,16.0,36.0,0,48.8,73.574
COL,Red Bull Ring,HARD,17.0,37.0,0,47.1,75.029
COL,Red Bull Ring,HARD,18.0,38.0,0,45.400000000000006,73.642
COL,Red Bull Ring,HARD,19.0,39.0,0,43.7,74.048
COL,Red Bull Ring,HARD,20.0,40.0,0,42.0,73.611
COL,Red Bull Ring,HARD,22.0,42.0,0,38.60000000000001,73.599
COL,Red Bull Ring,HARD,23.0,43.0,0,36.900000000000006,75.108
COL,Red Bull Ring,HARD,24.0,44.0,0,35.2,73.696
COL,Red Bull Ring,HARD,25.0,45.0,0,33.5,74.111
COL,Red Bull Ring,MEDIUM,2.0,48.0,0,28.40000000000001,72.326
COL,Red Bull Ring,MEDIUM,3.0,49.0,0,26.700000000000003,71.795
COL,Red Bull Ring,MEDIUM,4.0,50.0,0,25.0,72.494
COL,Red Bull Ring,MEDIUM,6.0,52.0,0,21.60000000000001,72.496
COL,Red Bull Ring,MEDIUM,7.0,53.0,0,19.90000000000001,73.164
COL,Red Bull Ring,MEDIUM,8.0,54.0,0,18.200000000000003,72.385
COL,Red Bull Ring,MEDIUM,9.0,55.0,0,16.5,72.361
COL,Red Bull Ring,MEDIUM,10.0,56.0,0,14.799999999999995,71.981
COL,Red Bull Ring,MEDIUM,11.0,57.0,0,13.100000000000009,72.287
COL,Red Bull Ring,MEDIUM,12.0,58.0,0,11.400000000000006,72.149
COL,Red Bull Ring,MEDIUM,13.0,59.0,0,9.700000000000005,72.273
COL,Red Bull Ring,MEDIUM,14.0,60.0,0,8.0,73.572
COL,Red Bull Ring,MEDIUM,15.0,61.0,0,6.299999999999997,72.822
COL,Red Bull Ring,MEDIUM,16.0,62.0,0,4.6000000000000085,72.734
COL,Red Bull Ring,MEDIUM,17.0,63.0,0,2.9000000000000057,72.726
COL,Red Bull Ring,MEDIUM,18.0,64.0,0,1.2000000000000028,72.544
COL,Red Bull Ring,MEDIUM,19.0,65.0,0,0.0,72.536
COL,Red Bull Ring,MEDIUM,20.0,66.0,0,0.0,72.718
COL,Red Bull Ring,MEDIUM,21.0,67.0,0,0.0,72.729
COL,Red Bull Ring,MEDIUM,22.0,68.0,0,0.0,72.798
COL,Red Bull Ring,MEDIUM,23.0,69.0,0,0.0,73.361
COL,Red Bull Ring,MEDIUM,24.0,70.0,0,0.0,72.677
HAM,Red Bull Ring,MEDIUM,2.0,2.0,0,106.6,72.028
HAM,Red Bull Ring,MEDIUM,3.0,3.0,0,104.9,71.974
HAM,Red Bull Ring,MEDIUM,4.0,4.0,0,103.2,71.937
HAM,Red Bull Ring,MEDIUM,5.0,5.0,0,101.5,71.881
HAM,Red Bull Ring,MEDIUM,6.0,6.0,0,99.8,72.446
HAM,Red Bull Ring,MEDIUM,7.0,7.0,0,98.1,72.43
HAM,Red Bull Ring,MEDIUM,8.0,8.0,0,96.4,72.541
HAM,Red Bull Ring,MEDIUM,9.0,9.0,0,94.7,72.645
HAM,Red Bull Ring,MEDIUM,10.0,10.0,0,93.0,72.836
HAM,Red Bull Ring,MEDIUM,11.0,11.0,0,91.3,74.52
HAM,Red Bull Ring,HARD,2.0,14.0,0,86.2,72.317
HAM,Red Bull Ring,HARD,3.0,15.0,0,84.5,72.784
HAM,Red Bull Ring,HARD,4.0,16.0,0,82.8,72.318
HAM,Red Bull Ring,HARD,5.0,17.0,0,81.1,72.491
HAM,Red Bull Ring,HARD,6.0,18.0,0,79.4,72.303
HAM,Red Bull Ring,HARD,7.0,19.0,0,77.7,72.252
HAM,Red Bull Ring,HARD,8.0,20.0,0,76.0,71.887
HAM,Red Bull Ring,HARD,9.0,21.0,0,74.30000000000001,71.927
HAM,Red Bull Ring,HARD,10.0,22.0,0,72.6,74.016
HAM,Red Bull Ring,HARD,11.0,23.0,0,70.9,72.323
HAM,Red Bull Ring,HARD,12.0,24.0,0,69.2,72.517
HAM,Red Bull Ring,SOFT,4.0,27.0,0,64.1,71.284
HAM,Red Bull Ring,SOFT,5.0,28.0,0,62.4,71.079
HAM,Red Bull Ring,SOFT,6.0,29.0,0,60.7,71.397
HAM,Red Bull Ring,SOFT,7.0,30.0,0,59.0,71.85
HAM,Red Bull Ring,SOFT,8.0,31.0,0,57.3,71.704
HAM,Red Bull Ring,SOFT,9.0,32.0,0,55.6,71.59
HAM,Red Bull Ring,SOFT,10.0,33.0,0,53.9,71.749
HAM,Red Bull Ring,SOFT,11.0,34.0,0,52.2,71.496
HAM,Red Bull Ring,SOFT,12.0,35.0,0,50.5,71.727
HAM,Red Bull Ring,SOFT,13.0,36.0,0,48.8,72.13
HAM,Red Bull Ring,SOFT,14.0,37.0,0,47.1,72.552
HAM,Red Bull Ring,SOFT,15.0,38.0,0,45.400000000000006,72.247
HAM,Red Bull Ring,SOFT,16.0,39.0,0,43.7,72.506
HAM,Red Bull Ring,SOFT,17.0,40.0,0,42.0,72.159
HAM,Red Bull Ring,SOFT,18.0,41.0,0,40.3,72.183
HAM,Red Bull Ring,HARD,2.0,44.0,0,35.2,71.219
HAM,Red Bull Ring,HARD,3.0,45.0,0,33.5,70.946
HAM,Red Bull Ring,HARD,4.0,46.0,0,31.8,71.442
HAM,Red Bull Ring,HARD,5.0,47.0,0,30.10000000000001,71.292
HAM,Red Bull Ring,HARD,6.0,48.0,0,28.40000000000001,71.263
HAM,Red Bull Ring,HARD,7.0,49.0,0,26.700000000000003,70.999
HAM,Red Bull Ring,HARD,8.0,50.0,0,25.0,70.983
HAM,Red Bull Ring,HARD,9.0,51.0,0,23.3,71.513
HAM,Red Bull Ring,HARD,11.0,53.0,0,19.90000000000001,74.374
HAM,Red Bull Ring,HARD,12.0,54.0,0,18.200000000000003,71.692
HAM,Red Bull Ring,HARD,13.0,55.0,0,16.5,71.579
HAM,Red Bull Ring,HARD,14.0,56.0,0,14.799999999999995,71.317
HAM,Red Bull Ring,HARD,15.0,57.0,0,13.100000000000009,71.231
HAM,Red Bull Ring,HARD,16.0,58.0,0,11.400000000000006,71.306
HAM,Red Bull Ring,HARD,17.0,59.0,0,9.700000000000005,71.384
HAM,Red Bull Ring,HARD,18.0,60.0,0,8.0,71.398
HAM,Red Bull Ring,HARD,19.0,61.0,0,6.299999999999997,71.469
HAM,Red Bull Ring,HARD,20.0,62.0,0,4.6000000000000085,71.8
HAM,Red Bull Ring,HARD,21.0,63.0,0,2.9000000000000057,71.505
HAM,Red Bull Ring,HARD,22.0,64.0,0,1.2000000000000028,71.493
HAM,Red Bull Ring,HARD,23.0,65.0,0,0.0,71.658
HAM,Red Bull Ring,HARD,24.0,66.0,0,0.0,72.059
HAM,Red Bull Ring,HARD,25.0,67.0,0,0.0,72.08
HAM,Red Bull Ring,HARD,26.0,68.0,0,0.0,72.246
HAM,Red Bull Ring,HARD,27.0,69.0,0,0.0,72.173
HAM,Red Bull Ring,HARD,28.0,70.0,0,0.0,72.702
HAM,Red Bull Ring,HARD,29.0,71.0,0,0.0,72.909
BOR,Red Bull Ring,SOFT,2.0,2.0,0,106.6,74.516
BOR,Red Bull Ring,SOFT,3.0,3.0,0,104.9,73.538
BOR,Red Bull Ring,SOFT,4.0,4.0,0,103.2,74.13
BOR,Red Bull Ring,SOFT,5.0,5.0,0,101.5,74.049
BOR,Red Bull Ring,SOFT,6.0,6.0,0,99.8,73.725
BOR,Red Bull Ring,SOFT,7.0,7.0,0,98.1,73.833
BOR,Red Bull Ring,SOFT,8.0,8.0,0,96.4,73.96
BOR,Red Bull Ring,SOFT,9.0,9.0,0,94.7,73.808
BOR,Red Bull Ring,SOFT,10.0,10.0,0,93.0,73.956
BOR,Red Bull Ring,SOFT,11.0,11.0,0,91.3,73.978
BOR,Red Bull Ring,SOFT,12.0,12.0,0,89.6,73.764
BOR,Red Bull Ring,SOFT,13.0,13.0,0,87.9,74.046
BOR,Red Bull Ring,SOFT,14.0,14.0,0,86.2,74.714
BOR,Red Bull Ring,SOFT,15.0,15.0,0,84.5,74.091
BOR,Red Bull Ring,SOFT,16.0,16.0,0,82.8,74.072
BOR,Red Bull Ring,MEDIUM,2.0,19.0,0,77.7,73.064
BOR,Red Bull Ring,MEDIUM,3.0,20.0,0,76.0,72.538
BOR,Red Bull Ring,MEDIUM,4.0,21.0,0,74.30000000000001,73.017
BOR,Red Bull Ring,MEDIUM,5.0,22.0,0,72.6,72.981
BOR,Red Bull Ring,MEDIUM,6.0,23.0,0,70.9,72.431
BOR,Red Bull Ring,MEDIUM,10.0,27.0,0,64.1,72.556
BOR,Red Bull Ring,MEDIUM,11.0,28.0,0,62.4,72.458
BOR,Red Bull Ring,MEDIUM,12.0,29.0,0,60.7,72.496
BOR,Red Bull Ring,MEDIUM,13.0,30.0,0,59.0,72.771
BOR,Red Bull Ring,MEDIUM,14.0,31.0,0,57.3,72.88
BOR,Red Bull Ring,MEDIUM,15.0,32.0,0,55.6,72.898
BOR,Red Bull Ring,MEDIUM,16.0,33.0,0,53.9,73.034
BOR,Red Bull Ring,MEDIUM,17.0,34.0,0,52.2,73.192
BOR,Red Bull Ring,MEDIUM,18.0,35.0,0,50.5,73.366
BOR,Red Bull Ring,MEDIUM,19.0,36.0,0,48.8,73.252
BOR,Red Bull Ring,MEDIUM,20.0,37.0,0,47.1,73.535
BOR,Red Bull Ring,MEDIUM,21.0,38.0,0,45.400000000000006,73.537
BOR,Red Bull Ring,MEDIUM,22.0,39.0,0,43.7,73.355
BOR,Red Bull Ring,MEDIUM,23.0,40.0,0,42.0,73.826
BOR,Red Bull Ring,MEDIUM,24.0,41.0,0,40.3,73.73
BOR,Red Bull Ring,MEDIUM,25.0,42.0,0,38.60000000000001,74.21
BOR,Red Bull Ring,MEDIUM,26.0,43.0,0,36.900000000000006,74.387
BOR,Red Bull Ring,HARD,2.0,46.0,0,31.8,72.136
BOR,Red Bull Ring,HARD,3.0,47.0,0,30.10000000000001,72.131
BOR,Red Bull Ring,HARD,4.0,48.0,0,28.40000000000001,72.313
BOR,Red Bull Ring,HARD,5.0,49.0,0,26.700000000000003,72.125
BOR,Red Bull Ring,HARD,6.0,50.0,0,25.0,73.446
BOR,Red Bull Ring,HARD,9.0,53.0,0,19.90000000000001,72.1
BOR,Red Bull Ring,HARD,10.0,54.0,0,18.200000000000003,72.171
BOR,Red Bull Ring,HARD,11.0,55.0,0,16.5,72.229
BOR,Red Bull Ring,HARD,12.0,56.0,0,14.799999999999995,73.56
BOR,Red Bull Ring,HARD,13.0,57.0,0,13.100000000000009,72.132
BOR,Red Bull Ring,HARD,14.0,58.0,0,11.400000000000006,73.493
BOR,Red Bull Ring,HARD,15.0,59.0,0,9.700000000000005,71.866
BOR,Red Bull Ring,HARD,16.0,60.0,0,8.0,71.897
BOR,Red Bull Ring,HARD,17.0,61.0,0,6.299999999999997,72.314
BOR,Red Bull Ring,HARD,18.0,62.0,0,4.6000000000000085,72.451
BOR,Red Bull Ring,HARD,19.0,63.0,0,2.9000000000000057,74.277
BOR,Red Bull Ring,HARD,20.0,64.0,0,1.2000000000000028,72.393
BOR,Red Bull Ring,HARD,21.0,65.0,0,0.0,72.488
BOR,Red Bull Ring,HARD,22.0,66.0,0,0.0,72.929
BOR,Red Bull Ring,HARD,23.0,67.0,0,0.0,74.258
BOR,Red Bull Ring,HARD,24.0,68.0,0,0.0,72.818
BOR,Red Bull Ring,HARD,25.0,69.0,0,0.0,72.816
BOR,Red Bull Ring,HARD,26.0,70.0,0,0.0,74.827
SAI,Red Bull Ring,SOFT,2.0,2.0,0,106.6,74.69
SAI,Red Bull Ring,SOFT,3.0,3.0,0,104.9,74.166
SAI,Red Bull Ring,SOFT,4.0,4.0,0,103.2,74.249
SAI,Red Bull Ring,SOFT,5.0,5.0,0,101.5,74.144
SAI,Red Bull Ring,SOFT,6.0,6.0,0,99.8,74.257
SAI,Red Bull Ring,SOFT,7.0,7.0,0,98.1,74.62
SAI,Red Bull Ring,SOFT,8.0,8.0,0,96.4,74.621
SAI,Red Bull Ring,SOFT,9.0,9.0,0,94.7,74.899
SAI,Red Bull Ring,SOFT,13.0,13.0,0,87.9,75.069
SAI,Red Bull Ring,MEDIUM,2.0,16.0,0,82.8,74.303
SAI,Red Bull Ring,MEDIUM,3.0,17.0,0,81.1,74.143
SAI,Red Bull Ring,MEDIUM,4.0,18.0,0,79.4,73.865
SAI,Red Bull Ring,MEDIUM,5.0,19.0,0,77.7,73.878
SAI,Red Bull Ring,MEDIUM,6.0,20.0,0,76.0,73.759
SAI,Red Bull Ring,MEDIUM,7.0,21.0,0,74.30000000000001,73.799
SAI,Red Bull Ring,MEDIUM,8.0,22.0,0,72.6,73.694
HAD,Red Bull Ring,MEDIUM,2.0,2.0,0,106.6,73.413
HAD,Red Bull Ring,MEDIUM,3.0,3.0,0,104.9,73.499
HAD,Red Bull Ring,MEDIUM,4.0,4.0,0,103.2,73.029
HAD,Red Bull Ring,MEDIUM,5.0,5.0,0,101.5,72.593
HAD,Red Bull Ring,MEDIUM,6.0,6.0,0,99.8,72.357
HAD,Red Bull Ring,MEDIUM,7.0,7.0,0,98.1,72.706
HAD,Red Bull Ring,MEDIUM,8.0,8.0,0,96.4,72.917
HAD,Red Bull Ring,MEDIUM,9.0,9.0,0,94.7,72.857
HAD,Red Bull Ring,MEDIUM,10.0,10.0,0,93.0,73.262
HAD,Red Bull Ring,MEDIUM,11.0,11.0,0,91.3,73.449
HAD,Red Bull Ring,MEDIUM,12.0,12.0,0,89.6,73.467
HAD,Red Bull Ring,MEDIUM,13.0,13.0,0,87.9,73.556
HAD,Red Bull Ring,MEDIUM,14.0,14.0,0,86.2,73.885
HAD,Red Bull Ring,MEDIUM,15.0,15.0,0,84.5,73.518
HAD,Red Bull Ring,MEDIUM,16.0,16.0,0,82.8,73.745
HAD,Red Bull Ring,MEDIUM,17.0,17.0,0,81.1,73.478
HAD,Red Bull Ring,MEDIUM,2.0,20.0,0,76.0,71.839
HAD,Red Bull Ring,MEDIUM,3.0,21.0,0,74.30000000000001,71.268
HAD,Red Bull Ring,MEDIUM,4.0,22.0,0,72.6,71.798
HAD,Red Bull Ring,MEDIUM,5.0,23.0,0,70.9,71.527
HAD,Red Bull Ring,MEDIUM,6.0,24.0,0,69.2,72.139
HAD,Red Bull Ring,MEDIUM,9.0,27.0,0,64.1,71.621
HAD,Red Bull Ring,MEDIUM,10.0,28.0,0,62.4,71.801
HAD,Red Bull Ring,MEDIUM,11.0,29.0,0,60.7,71.664
HAD,Red Bull Ring,MEDIUM,12.0,30.0,0,59.0,72.824
HAD,Red Bull Ring,MEDIUM,13.0,31.0,0,57.3,72.244
HAD,Red Bull Ring,MEDIUM,14.0,32.0,0,55.6,72.187
HAD,Red Bull Ring,MEDIUM,15.0,33.0,0,53.9,72.202
HAD,Red Bull Ring,MEDIUM,16.0,34.0,0,52.2,72.337
HAD,Red Bull Ring,MEDIUM,17.0,35.0,0,50.5,72.292
HAD,Red Bull Ring,MEDIUM,18.0,36.0,0,48.8,72.562
HAD,Red Bull Ring,MEDIUM,19.0,37.0,0,47.1,72.699
HAD,Red Bull Ring,MEDIUM,20.0,38.0,0,45.400000000000006,72.228
HAD,Red Bull Ring,MEDIUM,21.0,39.0,0,43.7,72.443
HAD,Red Bull Ring,HARD,2.0,42.0,0,38.60000000000001,70.947
HAD,Red Bull Ring,HARD,3.0,43.0,0,36.900000000000006,71.227
HAD,Red Bull Ring,HARD,4.0,44.0,0,35.2,72.197
HAD,Red Bull Ring,HARD,5.0,45.0,0,33.5,71.002
HAD,Red Bull Ring,HARD,6.0,46.0,0,31.8,71.295
HAD,Red Bull Ring,HARD,7.0,47.0,0,30.10000000000001,71.498
HAD,Red Bull Ring,HARD,8.0,48.0,0,28.40000000000001,71.364
HAD,Red Bull Ring,HARD,9.0,49.0,0,26.700000000000003,71.383
HAD,Red Bull Ring,HARD,10.0,50.0,0,25.0,71.663
HAD,Red Bull Ring,HARD,11.0,51.0,0,23.3,71.462
HAD,Red Bull Ring,HARD,13.0,53.0,0,19.90000000000001,73.021
HAD,Red Bull Ring,HARD,14.0,54.0,0,18.200000000000003,71.285
HAD,Red Bull Ring,HARD,15.0,55.0,0,16.5,71.464
HAD,Red Bull Ring,HARD,16.0,56.0,0,14.799999999999995,72.413
HAD,Red Bull Ring,HARD,17.0,57.0,0,13.100000000000009,71.518
HAD,Red Bull Ring,HARD,18.0,58.0,0,11.400000000000006,71.647
HAD,Red Bull Ring,HARD,19.0,59.0,0,9.700000000000005,71.559
HAD,Red Bull Ring,HARD,20.0,60.0,0,8.0,71.567
HAD,Red Bull Ring,HARD,21.0,61.0,0,6.299999999999997,71.835
HAD,Red Bull Ring,HARD,22.0,62.0,0,4.6000000000000085,71.455
HAD,Red Bull Ring,HARD,23.0,63.0,0,2.9000000000000057,71.492
HAD,Red Bull Ring,HARD,24.0,64.0,0,1.2000000000000028,71.641
HAD,Red Bull Ring,HARD,25.0,65.0,0,0.0,71.799
HAD,Red Bull Ring,HARD,26.0,66.0,0,0.0,71.728
HAD,Red Bull Ring,HARD,27.0,67.0,0,0.0,71.861
HAD,Red Bull Ring,HARD,28.0,68.0,0,0.0,71.91
HAD,Red Bull Ring,HARD,29.0,69.0,0,0.0,71.647
HAD,Red Bull Ring,HARD,30.0,70.0,0,0.0,72.384
HAD,Red Bull Ring,HARD,31.0,71.0,0,0.0,72.638
RUS,Red Bull Ring,MEDIUM,1.0,1.0,0,108.3,75.002
RUS,Red Bull Ring,MEDIUM,2.0,2.0,0,106.6,72.037
RUS,Red Bull Ring,MEDIUM,3.0,3.0,0,104.9,71.818
RUS,Red Bull Ring,MEDIUM,4.0,4.0,0,103.2,71.779
RUS,Red Bull Ring,MEDIUM,5.0,5.0,0,101.5,71.686
RUS,Red Bull Ring,MEDIUM,6.0,6.0,0,99.8,71.947
RUS,Red Bull Ring,MEDIUM,7.0,7.0,0,98.1,71.975
RUS,Red Bull Ring,MEDIUM,8.0,8.0,0,96.4,72.069
RUS,Red Bull Ring,MEDIUM,9.0,9.0,0,94.7,72.403
RUS,Red Bull Ring,MEDIUM,10.0,10.0,0,93.0,72.516
RUS,Red Bull Ring,MEDIUM,11.0,11.0,0,91.3,72.652
RUS,Red Bull Ring,MEDIUM,12.0,12.0,0,89.6,72.912
RUS,Red Bull Ring,MEDIUM,13.0,13.0,0,87.9,73.164
RUS,Red Bull Ring,MEDIUM,14.0,14.0,0,86.2,72.965
RUS,Red Bull Ring,MEDIUM,15.0,15.0,0,84.5,72.786
RUS,Red Bull Ring,MEDIUM,16.0,16.0,0,82.8,72.78
RUS,Red Bull Ring,MEDIUM,17.0,17.0,0,81.1,72.911
RUS,Red Bull Ring,MEDIUM,18.0,18.0,0,79.4,72.904
RUS,Red Bull Ring,HARD,2.0,21.0,0,74.30000000000001,71.93
RUS,Red Bull Ring,HARD,3.0,22.0,0,72.6,71.458
RUS,Red Bull Ring,HARD,4.0,23.0,0,70.9,71.226
RUS,Red Bull Ring,HARD,5.0,24.0,0,69.2,71.88
RUS,Red Bull Ring,HARD,8.0,27.0,0,64.1,71.926
RUS,Red Bull Ring,HARD,9.0,28.0,0,62.4,71.263
RUS,Red Bull Ring,HARD,10.0,29.0,0,60.7,71.253
RUS,Red Bull Ring,HARD,11.0,30.0,0,59.0,71.274
RUS,Red Bull Ring,HARD,12.0,31.0,0,57.3,71.554
RUS,Red Bull Ring,HARD,13.0,32.0,0,55.6,71.706
RUS,Red Bull Ring,HARD,14.0,33.0,0,53.9,71.546
RUS,Red Bull Ring,HARD,15.0,34.0,0,52.2,72.066
RUS,Red Bull Ring,HARD,16.0,35.0,0,50.5,72.074
RUS,Red Bull Ring,HARD,17.0,36.0,0,48.8,72.715
RUS,Red Bull Ring,HARD,18.0,37.0,0,47.1,72.143
RUS,Red Bull Ring,HARD,19.0,38.0,0,45.400000000000006,72.365
RUS,Red Bull Ring,HARD,20.0,39.0,0,43.7,72.616
RUS,Red Bull Ring,HARD,21.0,40.0,0,42.0,72.234
RUS,Red Bull Ring,HARD,22.0,41.0,0,40.3,71.935
RUS,Red Bull Ring,HARD,23.0,42.0,0,38.60000000000001,72.225
RUS,Red Bull Ring,HARD,2.0,45.0,0,33.5,70.86
RUS,Red Bull Ring,HARD,3.0,46.0,0,31.8,71.045
RUS,Red Bull Ring,HARD,4.0,47.0,0,30.10000000000001,70.904
RUS,Red Bull Ring,HARD,5.0,48.0,0,28.40000000000001,71.215
RUS,Red Bull Ring,HARD,6.0,49.0,0,26.700000000000003,70.683
RUS,Red Bull Ring,HARD,7.0,50.0,0,25.0,70.952
RUS,Red Bull Ring,HARD,8.0,51.0,0,23.3,71.171
RUS,Red Bull Ring,HARD,11.0,54.0,0,18.200000000000003,70.937
RUS,Red Bull Ring,HARD,12.0,55.0,0,16.5,70.896
RUS,Red Bull Ring,HARD,13.0,56.0,0,14.799999999999995,70.78
RUS,Red Bull Ring,HARD,14.0,57.0,0,13.100000000000009,71.503
RUS,Red Bull Ring,HARD,15.0,58.0,0,11.400000000000006,71.01
RUS,Red Bull Ring,HARD,16.0,59.0,0,9.700000000000005,71.143
RUS,Red Bull Ring,HARD,17.0,60.0,0,8.0,71.361
RUS,Red Bull Ring,HARD,18.0,61.0,0,6.299999999999997,71.113
RUS,Red Bull Ring,HARD,19.0,62.0,0,4.6000000000000085,71.162
RUS,Red Bull Ring,HARD,20.0,63.0,0,2.9000000000000057,71.068
RUS,Red Bull Ring,HARD,21.0,64.0,0,1.2000000000000028,71.291
RUS,Red Bull Ring,HARD,22.0,65.0,0,0.0,71.581
RUS,Red Bull Ring,HARD,23.0,66.0,0,0.0,71.615
RUS,Red Bull Ring,HARD,24.0,67.0,0,0.0,71.557
RUS,Red Bull Ring,HARD,25.0,68.0,0,0.0,71.489
RUS,Red Bull Ring,HARD,26.0,69.0,0,0.0,71.425
RUS,Red Bull Ring,HARD,27.0,70.0,0,0.0,71.638
RUS,Red Bull Ring,HARD,28.0,71.0,0,0.0,71.832
PIA,Red Bull Ring,MEDIUM,2.0,2.0,0,106.6,73.5
PIA,Red Bull Ring,MEDIUM,3.0,3.0,0,104.9,72.701
PIA,Red Bull Ring,MEDIUM,4.0,4.0,0,103.2,72.36
PIA,Red Bull Ring,MEDIUM,5.0,5.0,0,101.5,72.234
PIA,Red Bull Ring,MEDIUM,6.0,6.0,0,99.8,72.39
PIA,Red Bull Ring,MEDIUM,7.0,7.0,0,98.1,72.773
PIA,Red Bull Ring,MEDIUM,8.0,8.0,0,96.4,73.221
PIA,Red Bull Ring,MEDIUM,9.0,9.0,0,94.7,73.118
PIA,Red Bull Ring,MEDIUM,10.0,10.0,0,93.0,73.22
PIA,Red Bull Ring,MEDIUM,11.0,11.0,0,91.3,73.384
PIA,Red Bull Ring,MEDIUM,12.0,12.0,0,89.6,73.426
PIA,Red Bull Ring,MEDIUM,13.0,13.0,0,87.9,73.675
PIA,Red Bull Ring,MEDIUM,14.0,14.0,0,86.2,73.418
PIA,Red Bull Ring,MEDIUM,15.0,15.0,0,84.5,73.235
PIA,Red Bull Ring,MEDIUM,16.0,16.0,0,82.8,73.179
PIA,Red Bull Ring,MEDIUM,17.0,17.0,0,81.1,73.101
PIA,Red Bull Ring,MEDIUM,18.0,18.0,0,79.4,73.451
PIA,Red Bull Ring,HARD,2.0,21.0,0,74.30000000000001,71.464
PIA,Red Bull Ring,HARD,3.0,22.0,0,72.6,71.578
PIA,Red Bull Ring,HARD,4.0,23.0,0,70.9,71.427
PIA,Red Bull Ring,HARD,5.0,24.0,0,69.2,72.21
PIA,Red Bull Ring,HARD,8.0,27.0,0,64.1,71.658
PIA,Red Bull Ring,HARD,9.0,28.0,0,62.4,71.227
PIA,Red Bull Ring,HARD,10.0,29.0,0,60.7,71.918
PIA,Red Bull Ring,HARD,11.0,30.0,0,59.0,71.149
PIA,Red Bull Ring,HARD,12.0,31.0,0,57.3,71.768
PIA,Red Bull Ring,HARD,13.0,32.0,0,55.6,71.854
PIA,Red Bull Ring,HARD,14.0,33.0,0,53.9,71.78
PIA,Red Bull Ring,HARD,15.0,34.0,0,52.2,72.048
PIA,Red Bull Ring,HARD,16.0,35.0,0,50.5,71.941
PIA,Red Bull Ring,HARD,17.0,36.0,0,48.8,72.318
PIA,Red Bull Ring,HARD,18.0,37.0,0,47.1,72.544
PIA,Red Bull Ring,HARD,19.0,38.0,0,45.400000000000006,72.385
PIA,Red Bull Ring,HARD,20.0,39.0,0,43.7,72.024
PIA,Red Bull Ring,HARD,21.0,40.0,0,42.0,72.017
PIA,Red Bull Ring,HARD,22.0,41.0,0,40.3,72.116
PIA,Red Bull Ring,HARD,2.0,44.0,0,35.2,70.753
PIA,Red Bull Ring,HARD,3.0,45.0,0,33.5,70.595
PIA,Red Bull Ring,HARD,4.0,46.0,0,31.8,70.844
PIA,Red Bull Ring,HARD,5.0,47.0,0,30.10000000000001,71.102
PIA,Red Bull Ring,HARD,6.0,48.0,0,28.40000000000001,71.389
PIA,Red Bull Ring,HARD,7.0,49.0,0,26.700000000000003,71.275
PIA,Red Bull Ring,HARD,8.0,50.0,0,25.0,71.247
PIA,Red Bull Ring,HARD,9.0,51.0,0,23.3,71.101
PIA,Red Bull Ring,HARD,11.0,53.0,0,19.90000000000001,75.298
PIA,Red Bull Ring,HARD,12.0,54.0,0,18.200000000000003,70.999
PIA,Red Bull Ring,HARD,13.0,55.0,0,16.5,71.056
PIA,Red Bull Ring,HARD,14.0,56.0,0,14.799999999999995,71.067
PIA,Red Bull Ring,HARD,15.0,57.0,0,13.100000000000009,71.335
PIA,Red Bull Ring,HARD,16.0,58.0,0,11.400000000000006,71.219
PIA,Red Bull Ring,HARD,17.0,59.0,0,9.700000000000005,71.332
PIA,Red Bull Ring,HARD,18.0,60.0,0,8.0,71.132
PIA,Red Bull Ring,HARD,19.0,61.0,0,6.299999999999997,71.363
PIA,Red Bull Ring,HARD,20.0,62.0,0,4.6000000000000085,71.525
PIA,Red Bull Ring,HARD,21.0,63.0,0,2.9000000000000057,71.883
PIA,Red Bull Ring,HARD,22.0,64.0,0,1.2000000000000028,71.318
PIA,Red Bull Ring,HARD,23.0,65.0,0,0.0,71.479
PIA,Red Bull Ring,HARD,24.0,66.0,0,0.0,72.133
PIA,Red Bull Ring,HARD,25.0,67.0,0,0.0,71.937
PIA,Red Bull Ring,HARD,26.0,68.0,0,0.0,71.774
PIA,Red Bull Ring,HARD,27.0,69.0,0,0.0,72.509
PIA,Red Bull Ring,HARD,28.0,70.0,0,0.0,73.065
PIA,Red Bull Ring,HARD,29.0,71.0,0,0.0,72.503
BEA,Red Bull Ring,MEDIUM,2.0,2.0,0,106.6,74.398
BEA,Red Bull Ring,MEDIUM,3.0,3.0,0,104.9,74.107
BEA,Red Bull Ring,MEDIUM,4.0,4.0,0,103.2,74.103
BEA,Red Bull Ring,MEDIUM,5.0,5.0,0,101.5,74.17
BEA,Red Bull Ring,MEDIUM,6.0,6.0,0,99.8,74.329
BEA,Red Bull Ring,MEDIUM,7.0,7.0,0,98.1,74.492
BEA,Red Bull Ring,MEDIUM,8.0,8.0,0,96.4,74.79
BEA,Red Bull Ring,MEDIUM,9.0,9.0,0,94.7,74.971
BEA,Red Bull Ring,MEDIUM,11.0,11.0,0,91.3,75.198
BEA,Red Bull Ring,MEDIUM,13.0,13.0,0,87.9,75.003
BEA,Red Bull Ring,MEDIUM,15.0,15.0,0,84.5,75.041
BEA,Red Bull Ring,MEDIUM,16.0,16.0,0,82.8,74.751
BEA,Red Bull Ring,MEDIUM,17.0,17.0,0,81.1,74.709
BEA,Red Bull Ring,MEDIUM,19.0,19.0,0,77.7,74.827
BEA,Red Bull Ring,MEDIUM,21.0,21.0,0,74.30000000000001,74.936
BEA,Red Bull Ring,MEDIUM,22.0,22.0,0,72.6,74.645
BEA,Red Bull Ring,HARD,3.0,27.0,0,64.1,73.101
BEA,Red Bull Ring,HARD,4.0,28.0,0,62.4,73.102
BEA,Red Bull Ring,HARD,5.0,29.0,0,60.7,73.025
BEA,Red Bull Ring,HARD,6.0,30.0,0,59.0,73.063
BEA,Red Bull Ring,HARD,7.0,31.0,0,57.3,73.147
BEA,Red Bull Ring,HARD,8.0,32.0,0,55.6,73.075
BEA,Red Bull Ring,HARD,9.0,33.0,0,53.9,73.27
BEA,Red Bull Ring,HARD,10.0,34.0,0,52.2,73.138
BEA,Red Bull Ring,HARD,11.0,35.0,0,50.5,73.161
BEA,Red Bull Ring,HARD,12.0,36.0,0,48.8,73.403
BEA,Red Bull Ring,HARD,14.0,38.0,0,45.400000000000006,74.08
BEA,Red Bull Ring,HARD,15.0,39.0,0,43.7,74.004
BEA,Red Bull Ring,HARD,16.0,40.0,0,42.0,75.228
BEA,Red Bull Ring,HARD,17.0,41.0,0,40.3,73.839
BEA,Red Bull Ring,HARD,18.0,42.0,0,38.60000000000001,73.708
BEA,Red Bull Ring,HARD,19.0,43.0,0,36.900000000000006,74.806
BEA,Red Bull Ring,HARD,20.0,44.0,0,35.2,73.877
BEA,Red Bull Ring,MEDIUM,2.0,47.0,0,30.10000000000001,72.405
BEA,Red Bull Ring,MEDIUM,3.0,48.0,0,28.40000000000001,72.626
BEA,Red Bull Ring,MEDIUM,4.0,49.0,0,26.700000000000003,73.475
BEA,Red Bull Ring,MEDIUM,5.0,50.0,0,25.0,72.579
BEA,Red Bull Ring,MEDIUM,7.0,52.0,0,21.60000000000001,72.808
BEA,Red Bull Ring,MEDIUM,8.0,53.0,0,19.90000000000001,72.266
BEA,Red Bull Ring,MEDIUM,9.0,54.0,0,18.200000000000003,72.207
BEA,Red Bull Ring,MEDIUM,10.0,55.0,0,16.5,72.506
BEA,Red Bull Ring,MEDIUM,11.0,56.0,0,14.799999999999995,72.764
BEA,Red Bull Ring,MEDIUM,12.0,57.0,0,13.100000000000009,72.952
BEA,Red Bull Ring,MEDIUM,13.0,58.0,0,11.400000000000006,72.989
BEA,Red Bull Ring,MEDIUM,14.0,59.0,0,9.700000000000005,73.054
BEA,Red Bull Ring,MEDIUM,15.0,60.0,0,8.0,73.01
BEA,Red Bull Ring,MEDIUM,16.0,61.0,0,6.299999999999997,73.132
BEA,Red Bull Ring,MEDIUM,17.0,62.0,0,4.6000000000000085,73.325
BEA,Red Bull Ring,MEDIUM,18.0,63.0,0,2.9000000000000057,74.962
BEA,Red Bull Ring,MEDIUM,19.0,64.0,0,1.2000000000000028,73.241
BEA,Red Bull Ring,MEDIUM,20.0,65.0,0,0.0,73.191
BEA,Red Bull Ring,MEDIUM,21.0,66.0,0,0.0,73.044
BEA,Red Bull Ring,MEDIUM,22.0,67.0,0,0.0,73.032
BEA,Red Bull Ring,MEDIUM,23.0,68.0,0,0.0,72.895
BEA,Red Bull Ring,MEDIUM,24.0,69.0,0,0.0,73.35
BEA,Red Bull Ring,MEDIUM,25.0,70.0,0,0.0,72.654
NOR,Silverstone,MEDIUM,2.0,2.0,0,106.6,94.836
NOR,Silverstone,MEDIUM,3.0,3.0,0,104.9,95.241
NOR,Silverstone,MEDIUM,4.0,4.0,0,103.2,95.116
NOR,Silverstone,MEDIUM,5.0,5.0,0,101.5,95.154
NOR,Silverstone,MEDIUM,6.0,6.0,0,99.8,94.875
NOR,Silverstone,MEDIUM,7.0,7.0,0,98.1,95.086
NOR,Silverstone,MEDIUM,8.0,8.0,0,96.4,95.281
NOR,Silverstone,MEDIUM,9.0,9.0,0,94.7,95.62
NOR,Silverstone,MEDIUM,10.0,10.0,0,93.0,95.286
NOR,Silverstone,MEDIUM,11.0,11.0,0,91.3,95.318
NOR,Silverstone,MEDIUM,12.0,12.0,0,89.6,95.442
NOR,Silverstone,MEDIUM,13.0,13.0,0,87.9,95.147
NOR,Silverstone,MEDIUM,14.0,14.0,0,86.2,95.09
NOR,Silverstone,MEDIUM,15.0,15.0,0,84.5,95.14
NOR,Silverstone,MEDIUM,16.0,16.0,0,82.8,95.278
NOR,Silverstone,MEDIUM,17.0,17.0,0,81.1,95.716
NOR,Silverstone,MEDIUM,18.0,18.0,0,79.4,94.741
NOR,Silverstone,MEDIUM,19.0,19.0,0,77.7,94.581
NOR,Silverstone,MEDIUM,20.0,20.0,0,76.0,94.722
NOR,Silverstone,MEDIUM,21.0,21.0,0,74.30000000000001,94.58
NOR,Silverstone,MEDIUM,23.0,23.0,0,70.9,94.73
NOR,Silverstone,MEDIUM,24.0,24.0,0,69.2,94.882
NOR,Silverstone,MEDIUM,25.0,25.0,0,67.5,94.519
NOR,Silverstone,MEDIUM,26.0,26.0,0,65.80000000000001,94.724
NOR,Silverstone,MEDIUM,27.0,27.0,0,64.1,94.525
NOR,Silverstone,MEDIUM,28.0,28.0,0,62.4,94.291
NOR,Silverstone,HARD,2.0,30.0,0,59.0,92.901
NOR,Silverstone,HARD,3.0,31.0,0,57.300000000000004,93.454
NOR,Silverstone,HARD,4.0,32.0,0,55.6,93.196
NOR,Silverstone,HARD,5.0,33.0,0,53.9,93.33
NOR,Silverstone,HARD,6.0,34.0,0,52.2,93.468
NOR,Silverstone,HARD,7.0,35.0,0,50.5,93.532
NOR,Silverstone,HARD,8.0,36.0,0,48.800000000000004,93.514
NOR,Silverstone,HARD,9.0,37.0,0,47.1,93.913
NOR,Silverstone,MEDIUM,8.0,40.0,0,42.0,92.759
NOR,Silverstone,MEDIUM,9.0,41.0,0,40.3,93.022
NOR,Silverstone,MEDIUM,10.0,42.0,0,38.60000000000001,93.302
NOR,Silverstone,MEDIUM,11.0,43.0,0,36.900000000000006,93.167
NOR,Silverstone,MEDIUM,12.0,44.0,0,35.2,92.775
NOR,Silverstone,MEDIUM,13.0,45.0,0,33.5,92.625
NOR,Silverstone,MEDIUM,14.0,46.0,0,31.799999999999997,93.028
GAS,Silverstone,MEDIUM,2.0,2.0,0,106.6,97.382
GAS,Silverstone,MEDIUM,3.0,3.0,0,104.9,96.022
GAS,Silverstone,MEDIUM,4.0,4.0,0,103.2,96.294
GAS,Silverstone,MEDIUM,5.0,5.0,0,101.5,97.169
GAS,Silverstone,MEDIUM,6.0,6.0,0,99.8,96.336
GAS,Silverstone,MEDIUM,7.0,7.0,0,98.1,97.056
GAS,Silverstone,MEDIUM,8.0,8.0,0,96.4,97.256
GAS,Silverstone,MEDIUM,9.0,9.0,0,94.7,96.887
GAS,Silverstone,MEDIUM,10.0,10.0,0,93.0,96.162
GAS,Silverstone,MEDIUM,11.0,11.0,0,91.3,96.225
GAS,Silverstone,MEDIUM,12.0,12.0,0,89.6,96.165
GAS,Silverstone,MEDIUM,13.0,13.0,0,87.9,96.45
GAS,Silverstone,MEDIUM,14.0,14.0,0,86.2,96.146
GAS,Silverstone,MEDIUM,15.0,15.0,0,84.5,95.989
GAS,Silverstone,MEDIUM,16.0,16.0,0,82.8,96.296
GAS,Silverstone,MEDIUM,17.0,17.0,0,81.1,96.175
GAS,Silverstone,MEDIUM,18.0,18.0,0,79.4,96.323
GAS,Silverstone,MEDIUM,19.0,19.0,0,77.7,95.953
GAS,Silverstone,MEDIUM,20.0,20.0,0,76.0,95.675
GAS,Silverstone,MEDIUM,23.0,23.0,0,70.9,95.388
GAS,Silverstone,HARD,2.0,25.0,0,67.5,94.576
GAS,Silverstone,HARD,3.0,26.0,0,65.80000000000001,95.614
GAS,Silverstone,HARD,4.0,27.0,0,64.1,94.731
GAS,Silverstone,HARD,5.0,28.0,0,62.4,94.618
GAS,Silverstone,HARD,6.0,29.0,0,60.7,94.437
GAS,Silverstone,HARD,7.0,30.0,0,59.0,94.619
GAS,Silverstone,HARD,8.0,31.0,0,57.300000000000004,94.721
GAS,Silverstone,HARD,9.0,32.0,0,55.6,95.063
GAS,Silverstone,HARD,10.0,33.0,0,53.9,94.963
GAS,Silverstone,HARD,11.0,34.0,0,52.2,94.996
GAS,Silverstone,HARD,12.0,35.0,0,50.5,95.558
GAS,Silverstone,HARD,13.0,36.0,0,48.800000000000004,94.937
GAS,Silverstone,HARD,14.0,37.0,0,47.1,94.861
GAS,Silverstone,HARD,16.0,39.0,0,43.7,94.522
GAS,Silverstone,HARD,17.0,40.0,0,42.0,94.455
GAS,Silverstone,HARD,18.0,41.0,0,40.3,94.312
GAS,Silverstone,HARD,19.0,42.0,0,38.60000000000001,94.303
GAS,Silverstone,HARD,20.0,43.0,0,36.900000000000006,94.387
GAS,Silverstone,HARD,21.0,44.0,0,35.2,94.179
GAS,Silverstone,HARD,22.0,45.0,0,33.5,94.51
GAS,Silverstone,HARD,23.0,46.0,0,31.799999999999997,95.978
PER,Silverstone,MEDIUM,2.0,2.0,0,106.6,97.781
PER,Silverstone,MEDIUM,3.0,3.0,0,104.9,96.934
PER,Silverstone,MEDIUM,4.0,4.0,0,103.2,97.232
PER,Silverstone,MEDIUM,5.0,5.0,0,101.5,97.229
PER,Silverstone,MEDIUM,6.0,6.0,0,99.8,96.94
PER,Silverstone,MEDIUM,7.0,7.0,0,98.1,97.311
PER,Silverstone,MEDIUM,8.0,8.0,0,96.4,97.54
PER,Silverstone,MEDIUM,9.0,9.0,0,94.7,97.662
PER,Silverstone,MEDIUM,10.0,10.0,0,93.0,97.773
PER,Silverstone,MEDIUM,11.0,11.0,0,91.3,97.545
PER,Silverstone,MEDIUM,12.0,12.0,0,89.6,97.825
PER,Silverstone,MEDIUM,13.0,13.0,0,87.9,97.294
PER,Silverstone,MEDIUM,14.0,14.0,0,86.2,97.156
PER,Silverstone,MEDIUM,15.0,15.0,0,84.5,96.975
PER,Silverstone,MEDIUM,16.0,16.0,0,82.8,97.265
PER,Silverstone,MEDIUM,17.0,17.0,0,81.1,96.947
PER,Silverstone,MEDIUM,18.0,18.0,0,79.4,97.577
PER,Silverstone,MEDIUM,19.0,19.0,0,77.7,97.094
PER,Silverstone,MEDIUM,20.0,20.0,0,76.0,96.721
PER,Silverstone,HARD,2.0,23.0,0,70.9,97.496
PER,Silverstone,HARD,3.0,24.0,0,69.2,97.186
PER,Silverstone,HARD,4.0,25.0,0,67.5,95.826
PER,Silverstone,HARD,5.0,26.0,0,65.80000000000001,95.661
PER,Silverstone,HARD,6.0,27.0,0,64.1,96.824
PER,Silverstone,HARD,7.0,28.0,0,62.4,96.534
PER,Silverstone,HARD,8.0,29.0,0,60.7,97.003
PER,Silverstone,HARD,9.0,30.0,0,59.0,96.389
PER,Silverstone,HARD,10.0,31.0,0,57.300000000000004,96.666
PER,Silverstone,HARD,11.0,32.0,0,55.6,96.292
PER,Silverstone,HARD,12.0,33.0,0,53.9,96.403
PER,Silverstone,HARD,14.0,35.0,0,50.5,96.497
PER,Silverstone,HARD,15.0,36.0,0,48.800000000000004,96.457
PER,Silverstone,HARD,18.0,39.0,0,43.7,96.798
PER,Silverstone,HARD,19.0,40.0,0,42.0,97.296
PER,Silverstone,HARD,20.0,41.0,0,40.3,95.713
PER,Silverstone,HARD,22.0,43.0,0,36.900000000000006,95.557
PER,Silverstone,HARD,23.0,44.0,0,35.2,95.52
PER,Silverstone,HARD,24.0,45.0,0,33.5,96.872
ANT,Silverstone,MEDIUM,1.0,1.0,0,108.3,97.447
ANT,Silverstone,MEDIUM,2.0,2.0,0,106.6,94.414
ANT,Silverstone,MEDIUM,3.0,3.0,0,104.9,94.05
ANT,Silverstone,MEDIUM,4.0,4.0,0,103.2,94.373
ANT,Silverstone,MEDIUM,5.0,5.0,0,101.5,94.751
ANT,Silverstone,MEDIUM,6.0,6.0,0,99.8,94.464
ANT,Silverstone,MEDIUM,7.0,7.0,0,98.1,94.477
ANT,Silverstone,MEDIUM,8.0,8.0,0,96.4,94.74
ANT,Silverstone,MEDIUM,9.0,9.0,0,94.7,94.965
ANT,Silverstone,MEDIUM,10.0,10.0,0,93.0,95.017
ANT,Silverstone,MEDIUM,11.0,11.0,0,91.3,94.276
ANT,Silverstone,MEDIUM,12.0,12.0,0,89.6,94.488
ANT,Silverstone,MEDIUM,13.0,13.0,0,87.9,94.592
ANT,Silverstone,MEDIUM,14.0,14.0,0,86.2,94.117
ANT,Silverstone,MEDIUM,15.0,15.0,0,84.5,93.91
ANT,Silverstone,MEDIUM,16.0,16.0,0,82.8,94.29
ANT,Silverstone,MEDIUM,17.0,17.0,0,81.1,94.544
ANT,Silverstone,MEDIUM,18.0,18.0,0,79.4,94.259
ANT,Silverstone,MEDIUM,19.0,19.0,0,77.7,94.268
ANT,Silverstone,MEDIUM,20.0,20.0,0,76.0,94.066
ANT,Silverstone,MEDIUM,21.0,21.0,0,74.30000000000001,94.078
ANT,Silverstone,MEDIUM,23.0,23.0,0,70.9,93.914
ANT,Silverstone,MEDIUM,24.0,24.0,0,69.2,93.955
ANT,Silverstone,MEDIUM,25.0,25.0,0,67.5,94.001
ANT,Silverstone,MEDIUM,26.0,26.0,0,65.80000000000001,93.951
ANT,Silverstone,MEDIUM,27.0,27.0,0,64.1,93.686
ANT,Silverstone,MEDIUM,28.0,28.0,0,62.4,93.52
ANT,Silverstone,MEDIUM,29.0,29.0,0,60.7,93.467
ANT,Silverstone,MEDIUM,30.0,30.0,0,59.0,93.72
ANT,Silverstone,MEDIUM,31.0,31.0,0,57.300000000000004,93.772
ANT,Silverstone,MEDIUM,32.0,32.0,0,55.6,93.451
ANT,Silverstone,MEDIUM,33.0,33.0,0,53.9,93.601
ANT,Silverstone,MEDIUM,34.0,34.0,0,52.2,93.725
ANT,Silverstone,MEDIUM,35.0,35.0,0,50.5,92.976
ANT,Silverstone,HARD,2.0,37.0,0,47.1,91.777
ANT,Silverstone,HARD,3.0,38.0,0,45.400000000000006,92.149
ANT,Silverstone,HARD,5.0,40.0,0,42.0,91.904
ANT,Silverstone,HARD,6.0,41.0,0,40.3,97.116
ANT,Silverstone,MEDIUM,10.0,45.0,0,33.5,93.812
ANT,Silverstone,MEDIUM,11.0,46.0,0,31.799999999999997,93.503
ALO,Silverstone,HARD,2.0,22.0,0,72.6,97.414
ALO,Silverstone,HARD,3.0,23.0,0,70.9,97.404
ALO,Silverstone,HARD,6.0,26.0,0,65.80000000000001,97.375
ALO,Silverstone,HARD,7.0,27.0,0,64.1,97.736
ALO,Silverstone,HARD,8.0,28.0,0,62.4,98.043
ALO,Silverstone,HARD,9.0,29.0,0,60.7,97.534
ALO,Silverstone,HARD,10.0,30.0,0,59.0,97.544
ALO,Silverstone,HARD,12.0,32.0,0,55.6,97.845
ALO,Silverstone,HARD,13.0,33.0,0,53.9,97.52
ALO,Silverstone,HARD,14.0,34.0,0,52.2,97.891
ALO,Silverstone,HARD,18.0,38.0,0,45.400000000000006,97.33
ALO,Silverstone,HARD,20.0,40.0,0,42.0,97.543
ALO,Silverstone,HARD,21.0,41.0,0,40.3,96.695
ALO,Silverstone,HARD,22.0,42.0,0,38.60000000000001,97.102
ALO,Silverstone,HARD,23.0,43.0,0,36.900000000000006,97.26
ALO,Silverstone,SOFT,4.0,50.0,0,25.0,95.827
LEC,Silverstone,MEDIUM,1.0,1.0,0,108.3,96.275
LEC,Silverstone,MEDIUM,2.0,2.0,0,106.6,93.916
LEC,Silverstone,MEDIUM,3.0,3.0,0,104.9,93.995
LEC,Silverstone,MEDIUM,4.0,4.0,0,103.2,93.737
LEC,Silverstone,MEDIUM,5.0,5.0,0,101.5,94.32
LEC,Silverstone,MEDIUM,6.0,6.0,0,99.8,94.069
LEC,Silverstone,MEDIUM,7.0,7.0,0,98.1,94.66
LEC,Silverstone,MEDIUM,8.0,8.0,0,96.4,94.342
LEC,Silverstone,MEDIUM,9.0,9.0,0,94.7,94.452
LEC,Silverstone,MEDIUM,10.0,10.0,0,93.0,94.302
LEC,Silverstone,MEDIUM,11.0,11.0,0,91.3,94.614
LEC,Silverstone,MEDIUM,12.0,12.0,0,89.6,94.346
LEC,Silverstone,MEDIUM,13.0,13.0,0,87.9,94.46
LEC,Silverstone,MEDIUM,14.0,14.0,0,86.2,94.149
LEC,Silverstone,MEDIUM,15.0,15.0,0,84.5,93.964
LEC,Silverstone,MEDIUM,16.0,16.0,0,82.8,94.403
LEC,Silverstone,MEDIUM,17.0,17.0,0,81.1,94.238
LEC,Silverstone,MEDIUM,18.0,18.0,0,79.4,94.567
LEC,Silverstone,MEDIUM,19.0,19.0,0,77.7,94.66
LEC,Silverstone,MEDIUM,20.0,20.0,0,76.0,94.33
LEC,Silverstone,MEDIUM,21.0,21.0,0,74.30000000000001,94.291
LEC,Silverstone,MEDIUM,23.0,23.0,0,70.9,94.457
LEC,Silverstone,MEDIUM,24.0,24.0,0,69.2,94.316
LEC,Silverstone,MEDIUM,25.0,25.0,0,67.5,94.043
LEC,Silverstone,HARD,2.0,27.0,0,64.1,92.951
LEC,Silverstone,HARD,3.0,28.0,0,62.4,93.427
LEC,Silverstone,HARD,4.0,29.0,0,60.7,93.007
LEC,Silverstone,HARD,5.0,30.0,0,59.0,93.26
LEC,Silverstone,HARD,6.0,31.0,0,57.300000000000004,93.347
LEC,Silverstone,HARD,7.0,32.0,0,55.6,93.072
LEC,Silverstone,HARD,8.0,33.0,0,53.9,93.392
LEC,Silverstone,HARD,9.0,34.0,0,52.2,93.247
LEC,Silverstone,HARD,10.0,35.0,0,50.5,93.335
LEC,Silverstone,HARD,11.0,36.0,0,48.800000000000004,93.448
LEC,Silverstone,HARD,12.0,37.0,0,47.1,93.449
LEC,Silverstone,HARD,13.0,38.0,0,45.400000000000006,93.309
LEC,Silverstone,HARD,15.0,40.0,0,42.0,93.101
LEC,Silverstone,HARD,16.0,41.0,0,40.3,92.893
LEC,Silverstone,HARD,17.0,42.0,0,38.60000000000001,93.422
LEC,Silverstone,HARD,18.0,43.0,0,36.900000000000006,92.871
LEC,Silverstone,HARD,19.0,44.0,0,35.2,93.09
LEC,Silverstone,HARD,20.0,45.0,0,33.5,92.89
LEC,Silverstone,HARD,21.0,46.0,0,31.799999999999997,93.385
LEC,Silverstone,HARD,22.0,47.0,0,30.10000000000001,93.275
STR,Silverstone,HARD,5.0,23.0,0,70.9,98.142
STR,Silverstone,HARD,8.0,26.0,0,65.80000000000001,97.697
STR,Silverstone,HARD,9.0,27.0,0,64.1,98.034
STR,Silverstone,HARD,10.0,28.0,0,62.4,97.9
STR,Silverstone,HARD,13.0,31.0,0,57.300000000000004,98.108
STR,Silverstone,HARD,14.0,32.0,0,55.6,97.735
STR,Silverstone,HARD,17.0,35.0,0,50.5,97.272
STR,Silverstone,HARD,18.0,36.0,0,48.800000000000004,97.796
STR,Silverstone,HARD,20.0,38.0,0,45.400000000000006,97.286
STR,Silverstone,HARD,22.0,40.0,0,42.0,97.36
STR,Silverstone,HARD,23.0,41.0,0,40.3,97.232
STR,Silverstone,HARD,25.0,43.0,0,36.900000000000006,97.51
STR,Silverstone,HARD,26.0,44.0,0,35.2,97.703
ALB,Silverstone,HARD,2.0,3.0,0,104.9,95.816
ALB,Silverstone,HARD,3.0,4.0,0,103.2,96.46
ALB,Silverstone,HARD,4.0,5.0,0,101.5,96.299
ALB,Silverstone,HARD,5.0,6.0,0,99.8,98.07
ALB,Silverstone,HARD,7.0,8.0,0,96.4,97.882
ALB,Silverstone,HARD,8.0,9.0,0,94.7,97.185
ALB,Silverstone,HARD,9.0,10.0,0,93.0,97.124
ALB,Silverstone,HARD,10.0,11.0,0,91.3,97.148
ALB,Silverstone,HARD,13.0,14.0,0,86.2,96.301
ALB,Silverstone,MEDIUM,9.0,16.0,0,82.8,96.453
ALB,Silverstone,MEDIUM,10.0,17.0,0,81.1,96.659
ALB,Silverstone,MEDIUM,11.0,18.0,0,79.4,96.373
ALB,Silverstone,MEDIUM,12.0,19.0,0,77.7,96.387
ALB,Silverstone,MEDIUM,14.0,21.0,0,74.30000000000001,96.902
ALB,Silverstone,MEDIUM,15.0,22.0,0,72.6,96.85
ALB,Silverstone,MEDIUM,16.0,23.0,0,70.9,95.696
ALB,Silverstone,SOFT,4.0,25.0,0,67.5,94.897
ALB,Silverstone,SOFT,5.0,26.0,0,65.80000000000001,95.09
ALB,Silverstone,SOFT,6.0,27.0,0,64.1,95.574
ALB,Silverstone,SOFT,7.0,28.0,0,62.4,95.493
ALB,Silverstone,SOFT,8.0,29.0,0,60.7,95.253
ALB,Silverstone,SOFT,9.0,30.0,0,59.0,97.374
ALB,Silverstone,SOFT,10.0,31.0,0,57.300000000000004,97.85
ALB,Silverstone,SOFT,11.0,32.0,0,55.6,95.828
ALB,Silverstone,SOFT,12.0,33.0,0,53.9,95.737
ALB,Silverstone,SOFT,13.0,34.0,0,52.2,95.537
ALB,Silverstone,SOFT,14.0,35.0,0,50.5,94.973
ALB,Silverstone,SOFT,5.0,37.0,0,47.1,98.129
ALB,Silverstone,SOFT,6.0,38.0,0,45.400000000000006,94.169
ALB,Silverstone,SOFT,7.0,39.0,0,43.7,94.562
ALB,Silverstone,SOFT,8.0,40.0,0,42.0,94.492
ALB,Silverstone,SOFT,5.0,42.0,0,38.60000000000001,93.867
HUL,Silverstone,MEDIUM,3.0,3.0,0,104.9,96.803
HUL,Silverstone,MEDIUM,4.0,4.0,0,103.2,96.654
HUL,Silverstone,MEDIUM,5.0,5.0,0,101.5,96.676
HUL,Silverstone,MEDIUM,6.0,6.0,0,99.8,96.766
HUL,Silverstone,MEDIUM,7.0,7.0,0,98.1,96.294
HUL,Silverstone,MEDIUM,8.0,8.0,0,96.4,97.217
HUL,Silverstone,MEDIUM,9.0,9.0,0,94.7,96.884
HUL,Silverstone,MEDIUM,10.0,10.0,0,93.0,96.607
HUL,Silverstone,MEDIUM,11.0,11.0,0,91.3,96.774
HUL,Silverstone,MEDIUM,12.0,12.0,0,89.6,96.055
HUL,Silverstone,MEDIUM,13.0,13.0,0,87.9,96.758
HUL,Silverstone,MEDIUM,14.0,14.0,0,86.2,96.095
HUL,Silverstone,MEDIUM,15.0,15.0,0,84.5,95.853
HUL,Silverstone,MEDIUM,16.0,16.0,0,82.8,95.962
HUL,Silverstone,MEDIUM,17.0,17.0,0,81.1,95.32
HUL,Silverstone,HARD,2.0,19.0,0,77.7,95.979
HUL,Silverstone,HARD,3.0,20.0,0,76.0,95.386
HUL,Silverstone,HARD,5.0,22.0,0,72.6,95.115
HUL,Silverstone,HARD,6.0,23.0,0,70.9,95.077
HUL,Silverstone,HARD,7.0,24.0,0,69.2,96.02
HUL,Silverstone,HARD,8.0,25.0,0,67.5,95.04
HUL,Silverstone,HARD,9.0,26.0,0,65.80000000000001,95.073
HUL,Silverstone,HARD,10.0,27.0,0,64.1,95.019
HUL,Silverstone,HARD,11.0,28.0,0,62.4,94.584
HUL,Silverstone,HARD,12.0,29.0,0,60.7,94.554
HUL,Silverstone,HARD,13.0,30.0,0,59.0,94.758
HUL,Silverstone,HARD,14.0,31.0,0,57.300000000000004,94.783
HUL,Silverstone,HARD,15.0,32.0,0,55.6,95.08
HUL,Silverstone,HARD,16.0,33.0,0,53.9,94.947
HUL,Silverstone,HARD,17.0,34.0,0,52.2,95.7
HUL,Silverstone,SOFT,2.0,36.0,0,48.800000000000004,93.433
VER,Silverstone,MEDIUM,2.0,2.0,0,106.6,94.919
VER,Silverstone,MEDIUM,3.0,3.0,0,104.9,95.127
VER,Silverstone,MEDIUM,4.0,4.0,0,103.2,94.726
VER,Silverstone,MEDIUM,5.0,5.0,0,101.5,94.801
VER,Silverstone,MEDIUM,6.0,6.0,0,99.8,94.588
VER,Silverstone,MEDIUM,7.0,7.0,0,98.1,94.514
VER,Silverstone,MEDIUM,8.0,8.0,0,96.4,94.675
VER,Silverstone,MEDIUM,9.0,9.0,0,94.7,94.948
VER,Silverstone,MEDIUM,10.0,10.0,0,93.0,95.103
VER,Silverstone,MEDIUM,11.0,11.0,0,91.3,94.835
VER,Silverstone,MEDIUM,12.0,12.0,0,89.6,94.909
VER,Silverstone,MEDIUM,13.0,13.0,0,87.9,94.979
VER,Silverstone,MEDIUM,14.0,14.0,0,86.2,94.55
VER,Silverstone,MEDIUM,15.0,15.0,0,84.5,94.57
VER,Silverstone,MEDIUM,16.0,16.0,0,82.8,94.758
VER,Silverstone,MEDIUM,17.0,17.0,0,81.1,94.07
VER,Silverstone,HARD,2.0,19.0,0,77.7,93.562
VER,Silverstone,HARD,3.0,20.0,0,76.0,93.619
VER,Silverstone,HARD,4.0,21.0,0,74.30000000000001,94.135
VER,Silverstone,HARD,6.0,23.0,0,70.9,94.258
VER,Silverstone,HARD,7.0,24.0,0,69.2,94.135
VER,Silverstone,HARD,8.0,25.0,0,67.5,93.964
VER,Silverstone,HARD,9.0,26.0,0,65.80000000000001,94.028
VER,Silverstone,HARD,10.0,27.0,0,64.1,94.143
VER,Silverstone,HARD,11.0,28.0,0,62.4,93.823
VER,Silverstone,HARD,12.0,29.0,0,60.7,94.05
VER,Silverstone,HARD,13.0,30.0,0,59.0,93.973
VER,Silverstone,HARD,14.0,31.0,0,57.300000000000004,93.958
VER,Silverstone,HARD,15.0,32.0,0,55.6,94.209
VER,Silverstone,HARD,16.0,33.0,0,53.9,94.313
VER,Silverstone,HARD,17.0,34.0,0,52.2,94.444
VER,Silverstone,HARD,18.0,35.0,0,50.5,93.739
VER,Silverstone,HARD,19.0,36.0,0,48.800000000000004,93.951
VER,Silverstone,HARD,20.0,37.0,0,47.1,94.272
VER,Silverstone,HARD,21.0,38.0,0,45.400000000000006,94.716
VER,Silverstone,MEDIUM,2.0,40.0,0,42.0,92.101
VER,Silverstone,MEDIUM,3.0,41.0,0,40.3,92.935
VER,Silverstone,MEDIUM,4.0,42.0,0,38.60000000000001,92.544
VER,Silverstone,MEDIUM,5.0,43.0,0,36.900000000000006,92.621
VER,Silverstone,MEDIUM,6.0,44.0,0,35.2,92.39
VER,Silverstone,MEDIUM,7.0,45.0,0,33.5,92.873
VER,Silverstone,MEDIUM,8.0,46.0,0,31.799999999999997,92.907
LAW,Silverstone,MEDIUM,2.0,2.0,0,106.6,96.083
LAW,Silverstone,MEDIUM,3.0,3.0,0,104.9,96.255
LAW,Silverstone,MEDIUM,4.0,4.0,0,103.2,95.707
LAW,Silverstone,MEDIUM,5.0,5.0,0,101.5,95.639
LAW,Silverstone,MEDIUM,6.0,6.0,0,99.8,95.737
LAW,Silverstone,MEDIUM,7.0,7.0,0,98.1,96.097
LAW,Silverstone,MEDIUM,8.0,8.0,0,96.4,95.971
LAW,Silverstone,MEDIUM,9.0,9.0,0,94.7,96.326
LAW,Silverstone,MEDIUM,10.0,10.0,0,93.0,96.255
LAW,Silverstone,MEDIUM,11.0,11.0,0,91.3,96.158
LAW,Silverstone,MEDIUM,12.0,12.0,0,89.6,96.401
LAW,Silverstone,MEDIUM,13.0,13.0,0,87.9,95.831
LAW,Silverstone,MEDIUM,14.0,14.0,0,86.2,95.903
LAW,Silverstone,MEDIUM,15.0,15.0,0,84.5,95.66
LAW,Silverstone,MEDIUM,16.0,16.0,0,82.8,95.721
LAW,Silverstone,MEDIUM,17.0,17.0,0,81.1,95.603
LAW,Silverstone,MEDIUM,18.0,18.0,0,79.4,95.81
LAW,Silverstone,MEDIUM,19.0,19.0,0,77.7,95.688
LAW,Silverstone,MEDIUM,20.0,20.0,0,76.0,95.635
LAW,Silverstone,MEDIUM,21.0,21.0,0,74.30000000000001,95.607
LAW,Silverstone,MEDIUM,23.0,23.0,0,70.9,96.051
LAW,Silverstone,MEDIUM,24.0,24.0,0,69.2,95.788
LAW,Silverstone,MEDIUM,25.0,25.0,0,67.5,96.438
LAW,Silverstone,MEDIUM,26.0,26.0,0,65.80000000000001,95.447
LAW,Silverstone,MEDIUM,27.0,27.0,0,64.1,95.183
LAW,Silverstone,MEDIUM,28.0,28.0,0,62.4,94.425
LAW,Silverstone,HARD,2.0,30.0,0,59.0,94.445
LAW,Silverstone,HARD,3.0,31.0,0,57.300000000000004,94.099
LAW,Silverstone,HARD,4.0,32.0,0,55.6,93.938
LAW,Silverstone,HARD,5.0,33.0,0,53.9,93.857
LAW,Silverstone,HARD,6.0,34.0,0,52.2,93.867
LAW,Silverstone,HARD,7.0,35.0,0,50.5,94.178
LAW,Silverstone,HARD,8.0,36.0,0,48.800000000000004,94.238
LAW,Silverstone,HARD,9.0,37.0,0,47.1,93.943
LAW,Silverstone,HARD,12.0,40.0,0,42.0,93.912
LAW,Silverstone,HARD,13.0,41.0,0,40.3,94.246
LAW,Silverstone,HARD,14.0,42.0,0,38.60000000000001,93.804
LAW,Silverstone,HARD,15.0,43.0,0,36.900000000000006,94.026
LAW,Silverstone,HARD,16.0,44.0,0,35.2,93.705
LAW,Silverstone,HARD,17.0,45.0,0,33.5,93.648
LAW,Silverstone,HARD,18.0,46.0,0,31.799999999999997,93.918
OCO,Silverstone,MEDIUM,2.0,2.0,0,106.6,97.203
OCO,Silverstone,MEDIUM,3.0,3.0,0,104.9,97.122
OCO,Silverstone,MEDIUM,4.0,4.0,0,103.2,96.797
OCO,Silverstone,MEDIUM,5.0,5.0,0,101.5,97.673
OCO,Silverstone,MEDIUM,6.0,6.0,0,99.8,97.297
OCO,Silverstone,MEDIUM,7.0,7.0,0,98.1,96.697
OCO,Silverstone,MEDIUM,8.0,8.0,0,96.4,97.005
OCO,Silverstone,MEDIUM,9.0,9.0,0,94.7,97.375
OCO,Silverstone,MEDIUM,10.0,10.0,0,93.0,97.684
OCO,Silverstone,MEDIUM,11.0,11.0,0,91.3,97.088
OCO,Silverstone,MEDIUM,12.0,12.0,0,89.6,97.021
OCO,Silverstone,MEDIUM,13.0,13.0,0,87.9,96.689
OCO,Silverstone,MEDIUM,14.0,14.0,0,86.2,96.866
OCO,Silverstone,MEDIUM,15.0,15.0,0,84.5,96.67
OCO,Silverstone,MEDIUM,16.0,16.0,0,82.8,97.073
OCO,Silverstone,MEDIUM,17.0,17.0,0,81.1,97.263
OCO,Silverstone,MEDIUM,18.0,18.0,0,79.4,96.953
OCO,Silverstone,MEDIUM,19.0,19.0,0,77.7,96.765
OCO,Silverstone,MEDIUM,20.0,20.0,0,76.0,96.514
OCO,Silverstone,HARD,2.0,23.0,0,70.9,96.507
OCO,Silverstone,HARD,3.0,24.0,0,69.2,95.533
OCO,Silverstone,HARD,4.0,25.0,0,67.5,95.738
OCO,Silverstone,HARD,5.0,26.0,0,65.80000000000001,95.711
OCO,Silverstone,HARD,6.0,27.0,0,64.1,95.844
OCO,Silverstone,HARD,7.0,28.0,0,62.4,95.946
OCO,Silverstone,HARD,8.0,29.0,0,60.7,95.893
OCO,Silverstone,HARD,9.0,30.0,0,59.0,97.178
OCO,Silverstone,HARD,10.0,31.0,0,57.300000000000004,95.36
OCO,Silverstone,HARD,11.0,32.0,0,55.6,95.614
OCO,Silverstone,HARD,12.0,33.0,0,53.9,95.41
OCO,Silverstone,HARD,13.0,34.0,0,52.2,96.252
OCO,Silverstone,HARD,14.0,35.0,0,50.5,95.455
OCO,Silverstone,HARD,15.0,36.0,0,48.800000000000004,95.142
OCO,Silverstone,HARD,18.0,39.0,0,43.7,95.393
OCO,Silverstone,HARD,19.0,40.0,0,42.0,95.486
OCO,Silverstone,HARD,20.0,41.0,0,40.3,95.127
OCO,Silverstone,HARD,21.0,42.0,0,38.60000000000001,95.893
OCO,Silverstone,HARD,22.0,43.0,0,36.900000000000006,94.792
OCO,Silverstone,HARD,23.0,44.0,0,35.2,95.925
OCO,Silverstone,HARD,24.0,45.0,0,33.5,94.896
OCO,Silverstone,SOFT,4.0,51.0,0,23.299999999999997,95.859
LIN,Silverstone,MEDIUM,2.0,2.0,0,106.6,96.203
LIN,Silverstone,MEDIUM,3.0,3.0,0,104.9,95.959
LIN,Silverstone,MEDIUM,4.0,4.0,0,103.2,95.642
LIN,Silverstone,MEDIUM,5.0,5.0,0,101.5,95.73
LIN,Silverstone,MEDIUM,6.0,6.0,0,99.8,95.824
LIN,Silverstone,MEDIUM,7.0,7.0,0,98.1,95.972
LIN,Silverstone,MEDIUM,8.0,8.0,0,96.4,96.144
LIN,Silverstone,MEDIUM,9.0,9.0,0,94.7,96.4
LIN,Silverstone,MEDIUM,10.0,10.0,0,93.0,96.249
LIN,Silverstone,MEDIUM,11.0,11.0,0,91.3,96.093
LIN,Silverstone,MEDIUM,12.0,12.0,0,89.6,95.905
LIN,Silverstone,MEDIUM,13.0,13.0,0,87.9,96.167
LIN,Silverstone,MEDIUM,14.0,14.0,0,86.2,95.72
LIN,Silverstone,MEDIUM,15.0,15.0,0,84.5,95.448
LIN,Silverstone,MEDIUM,16.0,16.0,0,82.8,95.99
LIN,Silverstone,MEDIUM,17.0,17.0,0,81.1,95.751
LIN,Silverstone,MEDIUM,18.0,18.0,0,79.4,95.857
LIN,Silverstone,MEDIUM,19.0,19.0,0,77.7,95.923
LIN,Silverstone,MEDIUM,20.0,20.0,0,76.0,95.841
LIN,Silverstone,MEDIUM,21.0,21.0,0,74.30000000000001,95.779
LIN,Silverstone,MEDIUM,23.0,23.0,0,70.9,96.608
LIN,Silverstone,MEDIUM,24.0,24.0,0,69.2,95.523
LIN,Silverstone,MEDIUM,25.0,25.0,0,67.5,95.82
LIN,Silverstone,MEDIUM,26.0,26.0,0,65.80000000000001,95.523
LIN,Silverstone,MEDIUM,27.0,27.0,0,64.1,94.582
LIN,Silverstone,HARD,2.0,29.0,0,60.7,93.632
LIN,Silverstone,HARD,3.0,30.0,0,59.0,93.928
LIN,Silverstone,HARD,4.0,31.0,0,57.300000000000004,93.748
LIN,Silverstone,HARD,5.0,32.0,0,55.6,93.919
LIN,Silverstone,HARD,6.0,33.0,0,53.9,93.853
LIN,Silverstone,HARD,7.0,34.0,0,52.2,94.074
LIN,Silverstone,HARD,8.0,35.0,0,50.5,94.158
LIN,Silverstone,HARD,9.0,36.0,0,48.800000000000004,94.38
LIN,Silverstone,HARD,10.0,37.0,0,47.1,94.247
LIN,Silverstone,HARD,12.0,39.0,0,43.7,97.215
LIN,Silverstone,HARD,13.0,40.0,0,42.0,94.136
LIN,Silverstone,HARD,14.0,41.0,0,40.3,94.369
LIN,Silverstone,HARD,15.0,42.0,0,38.60000000000001,94.11
LIN,Silverstone,HARD,16.0,43.0,0,36.900000000000006,94.576
LIN,Silverstone,HARD,17.0,44.0,0,35.2,94.327
LIN,Silverstone,HARD,18.0,45.0,0,33.5,94.039
LIN,Silverstone,HARD,19.0,46.0,0,31.799999999999997,94.257
COL,Silverstone,MEDIUM,2.0,2.0,0,106.6,97.205
COL,Silverstone,MEDIUM,3.0,3.0,0,104.9,96.677
COL,Silverstone,MEDIUM,4.0,4.0,0,103.2,96.311
COL,Silverstone,MEDIUM,5.0,5.0,0,101.5,96.694
COL,Silverstone,MEDIUM,6.0,6.0,0,99.8,97.119
COL,Silverstone,MEDIUM,7.0,7.0,0,98.1,96.459
COL,Silverstone,MEDIUM,8.0,8.0,0,96.4,97.208
COL,Silverstone,MEDIUM,9.0,9.0,0,94.7,96.548
COL,Silverstone,MEDIUM,10.0,10.0,0,93.0,97.468
COL,Silverstone,MEDIUM,11.0,11.0,0,91.3,96.477
COL,Silverstone,MEDIUM,12.0,12.0,0,89.6,96.843
COL,Silverstone,MEDIUM,13.0,13.0,0,87.9,96.073
COL,Silverstone,MEDIUM,14.0,14.0,0,86.2,95.917
COL,Silverstone,MEDIUM,15.0,15.0,0,84.5,95.857
COL,Silverstone,MEDIUM,16.0,16.0,0,82.8,96.579
COL,Silverstone,MEDIUM,17.0,17.0,0,81.1,96.239
COL,Silverstone,MEDIUM,18.0,18.0,0,79.4,96.248
COL,Silverstone,MEDIUM,19.0,19.0,0,77.7,96.072
COL,Silverstone,MEDIUM,20.0,20.0,0,76.0,95.78
COL,Silverstone,HARD,2.0,24.0,0,69.2,94.712
COL,Silverstone,HARD,3.0,25.0,0,67.5,94.281
COL,Silverstone,HARD,4.0,26.0,0,65.80000000000001,94.712
COL,Silverstone,HARD,5.0,27.0,0,64.1,94.61
COL,Silverstone,HARD,6.0,28.0,0,62.4,94.652
COL,Silverstone,HARD,7.0,29.0,0,60.7,94.868
COL,Silverstone,HARD,8.0,30.0,0,59.0,94.744
COL,Silverstone,HARD,9.0,31.0,0,57.300000000000004,95.017
COL,Silverstone,HARD,10.0,32.0,0,55.6,96.267
COL,Silverstone,HARD,11.0,33.0,0,53.9,95.319
COL,Silverstone,HARD,12.0,34.0,0,52.2,95.707
COL,Silverstone,HARD,13.0,35.0,0,50.5,95.458
COL,Silverstone,HARD,14.0,36.0,0,48.800000000000004,95.137
COL,Silverstone,HARD,15.0,37.0,0,47.1,94.759
COL,Silverstone,HARD,17.0,39.0,0,43.7,94.609
COL,Silverstone,HARD,18.0,40.0,0,42.0,94.765
COL,Silverstone,HARD,19.0,41.0,0,40.3,94.718
COL,Silverstone,HARD,20.0,42.0,0,38.60000000000001,94.624
COL,Silverstone,HARD,21.0,43.0,0,36.900000000000006,94.785
COL,Silverstone,HARD,22.0,44.0,0,35.2,94.432
COL,Silverstone,HARD,23.0,45.0,0,33.5,94.565
COL,Silverstone,HARD,24.0,46.0,0,31.799999999999997,94.87
HAM,Silverstone,MEDIUM,1.0,1.0,0,108.3,96.912
HAM,Silverstone,MEDIUM,2.0,2.0,0,106.6,94.226
HAM,Silverstone,MEDIUM,3.0,3.0,0,104.9,94.05
HAM,Silverstone,MEDIUM,4.0,4.0,0,103.2,93.943
HAM,Silverstone,MEDIUM,5.0,5.0,0,101.5,94.755
HAM,Silverstone,MEDIUM,6.0,6.0,0,99.8,94.672
HAM,Silverstone,MEDIUM,7.0,7.0,0,98.1,94.735
HAM,Silverstone,MEDIUM,8.0,8.0,0,96.4,94.651
HAM,Silverstone,MEDIUM,9.0,9.0,0,94.7,95.009
HAM,Silverstone,MEDIUM,10.0,10.0,0,93.0,94.986
HAM,Silverstone,MEDIUM,11.0,11.0,0,91.3,95.741
HAM,Silverstone,MEDIUM,12.0,12.0,0,89.6,94.641
HAM,Silverstone,MEDIUM,13.0,13.0,0,87.9,94.778
HAM,Silverstone,MEDIUM,14.0,14.0,0,86.2,94.431
HAM,Silverstone,MEDIUM,15.0,15.0,0,84.5,94.761
HAM,Silverstone,MEDIUM,16.0,16.0,0,82.8,95.372
HAM,Silverstone,MEDIUM,17.0,17.0,0,81.1,95.107
HAM,Silverstone,MEDIUM,18.0,18.0,0,79.4,94.887
HAM,Silverstone,MEDIUM,19.0,19.0,0,77.7,94.606
HAM,Silverstone,MEDIUM,20.0,20.0,0,76.0,94.395
HAM,Silverstone,MEDIUM,21.0,21.0,0,74.30000000000001,94.801
HAM,Silverstone,MEDIUM,23.0,23.0,0,70.9,94.245
HAM,Silverstone,HARD,2.0,25.0,0,67.5,92.309
HAM,Silverstone,HARD,3.0,26.0,0,65.80000000000001,92.667
HAM,Silverstone,HARD,4.0,27.0,0,64.1,92.916
HAM,Silverstone,HARD,5.0,28.0,0,62.4,92.922
HAM,Silverstone,HARD,6.0,29.0,0,60.7,94.747
HAM,Silverstone,HARD,7.0,30.0,0,59.0,93.207
HAM,Silverstone,HARD,8.0,31.0,0,57.300000000000004,94.738
HAM,Silverstone,HARD,9.0,32.0,0,55.6,93.746
HAM,Silverstone,HARD,10.0,33.0,0,53.9,93.882
HAM,Silverstone,HARD,11.0,34.0,0,52.2,93.896
HAM,Silverstone,HARD,12.0,35.0,0,50.5,94.034
HAM,Silverstone,HARD,13.0,36.0,0,48.800000000000004,93.993
HAM,Silverstone,HARD,14.0,37.0,0,47.1,93.738
HAM,Silverstone,HARD,17.0,40.0,0,42.0,93.742
HAM,Silverstone,HARD,18.0,41.0,0,40.3,93.421
HAM,Silverstone,HARD,19.0,42.0,0,38.60000000000001,93.337
HAM,Silverstone,HARD,20.0,43.0,0,36.900000000000006,93.029
HAM,Silverstone,HARD,21.0,44.0,0,35.2,93.042
HAM,Silverstone,HARD,22.0,45.0,0,33.5,92.783
HAM,Silverstone,HARD,23.0,46.0,0,31.799999999999997,92.973
HAM,Silverstone,HARD,24.0,47.0,0,30.10000000000001,93.06
BOR,Silverstone,MEDIUM,2.0,2.0,0,106.6,96.134
BOR,Silverstone,MEDIUM,3.0,3.0,0,104.9,96.169
BOR,Silverstone,MEDIUM,4.0,4.0,0,103.2,96.262
BOR,Silverstone,MEDIUM,5.0,5.0,0,101.5,96.569
BOR,Silverstone,MEDIUM,6.0,6.0,0,99.8,96.503
BOR,Silverstone,MEDIUM,7.0,7.0,0,98.1,95.792
BOR,Silverstone,MEDIUM,8.0,8.0,0,96.4,95.972
BOR,Silverstone,MEDIUM,9.0,9.0,0,94.7,96.141
BOR,Silverstone,MEDIUM,10.0,10.0,0,93.0,96.116
BOR,Silverstone,MEDIUM,11.0,11.0,0,91.3,95.671
BOR,Silverstone,MEDIUM,12.0,12.0,0,89.6,95.88
BOR,Silverstone,MEDIUM,13.0,13.0,0,87.9,96.293
BOR,Silverstone,MEDIUM,14.0,14.0,0,86.2,95.862
BOR,Silverstone,MEDIUM,15.0,15.0,0,84.5,95.766
BOR,Silverstone,MEDIUM,16.0,16.0,0,82.8,96.062
BOR,Silverstone,MEDIUM,17.0,17.0,0,81.1,95.662
BOR,Silverstone,MEDIUM,18.0,18.0,0,79.4,95.885
BOR,Silverstone,MEDIUM,19.0,19.0,0,77.7,95.876
BOR,Silverstone,MEDIUM,20.0,20.0,0,76.0,96.716
BOR,Silverstone,MEDIUM,21.0,21.0,0,74.30000000000001,96.56
BOR,Silverstone,MEDIUM,23.0,23.0,0,70.9,95.718
BOR,Silverstone,MEDIUM,24.0,24.0,0,69.2,95.663
BOR,Silverstone,MEDIUM,25.0,25.0,0,67.5,95.525
BOR,Silverstone,MEDIUM,26.0,26.0,0,65.80000000000001,95.15
BOR,Silverstone,HARD,2.0,28.0,0,62.4,94.07
BOR,Silverstone,HARD,3.0,29.0,0,60.7,93.776
BOR,Silverstone,HARD,4.0,30.0,0,59.0,93.65
BOR,Silverstone,HARD,5.0,31.0,0,57.300000000000004,94.158
BOR,Silverstone,HARD,6.0,32.0,0,55.6,94.422
BOR,Silverstone,HARD,7.0,33.0,0,53.9,94.652
BOR,Silverstone,HARD,8.0,34.0,0,52.2,94.485
BOR,Silverstone,HARD,9.0,35.0,0,50.5,94.516
BOR,Silverstone,HARD,10.0,36.0,0,48.800000000000004,94.588
BOR,Silverstone,HARD,11.0,37.0,0,47.1,94.507
BOR,Silverstone,HARD,13.0,39.0,0,43.7,97.83
BOR,Silverstone,HARD,14.0,40.0,0,42.0,94.412
BOR,Silverstone,HARD,15.0,41.0,0,40.3,94.648
BOR,Silverstone,HARD,16.0,42.0,0,38.60000000000001,94.452
BOR,Silverstone,HARD,17.0,43.0,0,36.900000000000006,94.658
BOR,Silverstone,HARD,18.0,44.0,0,35.2,94.402
BOR,Silverstone,HARD,19.0,45.0,0,33.5,94.239
BOR,Silverstone,HARD,20.0,46.0,0,31.799999999999997,94.538
SAI,Silverstone,MEDIUM,2.0,2.0,0,106.6,96.527
SAI,Silverstone,MEDIUM,3.0,3.0,0,104.9,96.47
SAI,Silverstone,MEDIUM,4.0,4.0,0,103.2,96.292
SAI,Silverstone,MEDIUM,5.0,5.0,0,101.5,98.075
SAI,Silverstone,MEDIUM,6.0,6.0,0,99.8,97.424
SAI,Silverstone,MEDIUM,7.0,7.0,0,98.1,97.155
SAI,Silverstone,MEDIUM,8.0,8.0,0,96.4,97.177
SAI,Silverstone,MEDIUM,9.0,9.0,0,94.7,97.749
SAI,Silverstone,MEDIUM,10.0,10.0,0,93.0,97.881
SAI,Silverstone,MEDIUM,11.0,11.0,0,91.3,96.954
SAI,Silverstone,MEDIUM,12.0,12.0,0,89.6,96.976
SAI,Silverstone,MEDIUM,13.0,13.0,0,87.9,96.635
SAI,Silverstone,MEDIUM,14.0,14.0,0,86.2,96.051
SAI,Silverstone,MEDIUM,15.0,15.0,0,84.5,96.383
SAI,Silverstone,MEDIUM,16.0,16.0,0,82.8,96.554
SAI,Silverstone,MEDIUM,17.0,17.0,0,81.1,96.586
SAI,Silverstone,MEDIUM,18.0,18.0,0,79.4,96.657
SAI,Silverstone,MEDIUM,19.0,19.0,0,77.7,96.288
SAI,Silverstone,MEDIUM,20.0,20.0,0,76.0,95.516
SAI,Silverstone,HARD,2.0,22.0,0,72.6,95.449
SAI,Silverstone,HARD,3.0,23.0,0,70.9,94.923
SAI,Silverstone,HARD,4.0,24.0,0,69.2,96.537
SAI,Silverstone,HARD,5.0,25.0,0,67.5,96.742
SAI,Silverstone,HARD,6.0,26.0,0,65.80000000000001,95.549
SAI,Silverstone,HARD,7.0,27.0,0,64.1,95.707
SAI,Silverstone,HARD,8.0,28.0,0,62.4,95.769
SAI,Silverstone,HARD,9.0,29.0,0,60.7,95.453
SAI,Silverstone,HARD,10.0,30.0,0,59.0,95.522
SAI,Silverstone,HARD,11.0,31.0,0,57.300000000000004,95.62
SAI,Silverstone,HARD,12.0,32.0,0,55.6,97.184
SAI,Silverstone,HARD,13.0,33.0,0,53.9,96.566
SAI,Silverstone,HARD,14.0,34.0,0,52.2,97.358
SAI,Silverstone,HARD,15.0,35.0,0,50.5,95.775
SAI,Silverstone,HARD,16.0,36.0,0,48.800000000000004,96.697
SAI,Silverstone,HARD,17.0,37.0,0,47.1,96.901
SAI,Silverstone,HARD,19.0,39.0,0,43.7,95.26
SAI,Silverstone,HARD,20.0,40.0,0,42.0,95.542
SAI,Silverstone,HARD,21.0,41.0,0,40.3,95.553
SAI,Silverstone,HARD,22.0,42.0,0,38.60000000000001,95.085
SAI,Silverstone,HARD,23.0,43.0,0,36.900000000000006,95.666
SAI,Silverstone,HARD,24.0,44.0,0,35.2,96.988
SAI,Silverstone,HARD,25.0,45.0,0,33.5,95.6
SAI,Silverstone,HARD,26.0,46.0,0,31.799999999999997,96.704
SAI,Silverstone,SOFT,3.0,51.0,0,23.299999999999997,92.734
HAD,Silverstone,MEDIUM,2.0,2.0,0,106.6,94.945
HAD,Silverstone,MEDIUM,3.0,3.0,0,104.9,96.372
HAD,Silverstone,MEDIUM,4.0,4.0,0,103.2,94.846
HAD,Silverstone,MEDIUM,5.0,5.0,0,101.5,95.002
HAD,Silverstone,MEDIUM,6.0,6.0,0,99.8,94.531
HAD,Silverstone,MEDIUM,7.0,7.0,0,98.1,94.882
HAD,Silverstone,MEDIUM,8.0,8.0,0,96.4,95.17
HAD,Silverstone,MEDIUM,9.0,9.0,0,94.7,95.34
HAD,Silverstone,MEDIUM,10.0,10.0,0,93.0,95.537
HAD,Silverstone,MEDIUM,11.0,11.0,0,91.3,95.653
HAD,Silverstone,MEDIUM,12.0,12.0,0,89.6,95.565
HAD,Silverstone,MEDIUM,13.0,13.0,0,87.9,95.336
HAD,Silverstone,MEDIUM,14.0,14.0,0,86.2,95.029
HAD,Silverstone,MEDIUM,15.0,15.0,0,84.5,95.305
HAD,Silverstone,MEDIUM,16.0,16.0,0,82.8,95.184
HAD,Silverstone,MEDIUM,17.0,17.0,0,81.1,95.382
HAD,Silverstone,MEDIUM,18.0,18.0,0,79.4,95.024
HAD,Silverstone,MEDIUM,19.0,19.0,0,77.7,94.152
HAD,Silverstone,HARD,2.0,21.0,0,74.30000000000001,94.043
HAD,Silverstone,HARD,4.0,23.0,0,70.9,94.73
HAD,Silverstone,HARD,5.0,24.0,0,69.2,94.502
HAD,Silverstone,HARD,6.0,25.0,0,67.5,94.33
HAD,Silverstone,HARD,7.0,26.0,0,65.80000000000001,94.704
HAD,Silverstone,HARD,8.0,27.0,0,64.1,94.636
HAD,Silverstone,HARD,9.0,28.0,0,62.4,94.243
HAD,Silverstone,HARD,10.0,29.0,0,60.7,93.941
HAD,Silverstone,HARD,11.0,30.0,0,59.0,94.877
HAD,Silverstone,HARD,12.0,31.0,0,57.300000000000004,94.725
HAD,Silverstone,HARD,13.0,32.0,0,55.6,94.843
HAD,Silverstone,HARD,14.0,33.0,0,53.9,94.76
HAD,Silverstone,HARD,15.0,34.0,0,52.2,94.324
HAD,Silverstone,HARD,16.0,35.0,0,50.5,94.26
HAD,Silverstone,HARD,17.0,36.0,0,48.800000000000004,94.961
HAD,Silverstone,HARD,18.0,37.0,0,47.1,94.324
HAD,Silverstone,MEDIUM,2.0,40.0,0,42.0,92.268
HAD,Silverstone,MEDIUM,3.0,41.0,0,40.3,92.697
HAD,Silverstone,MEDIUM,4.0,42.0,0,38.60000000000001,92.919
HAD,Silverstone,MEDIUM,5.0,43.0,0,36.900000000000006,92.895
HAD,Silverstone,MEDIUM,6.0,44.0,0,35.2,92.693
HAD,Silverstone,MEDIUM,7.0,45.0,0,33.5,92.481
HAD,Silverstone,MEDIUM,8.0,46.0,0,31.799999999999997,93.072
HAD,Silverstone,MEDIUM,9.0,47.0,0,30.10000000000001,97.072
RUS,Silverstone,MEDIUM,1.0,1.0,0,108.3,98.171
RUS,Silverstone,MEDIUM,2.0,2.0,0,106.6,94.809
RUS,Silverstone,MEDIUM,3.0,3.0,0,104.9,94.725
RUS,Silverstone,MEDIUM,4.0,4.0,0,103.2,94.598
RUS,Silverstone,MEDIUM,5.0,5.0,0,101.5,94.769
RUS,Silverstone,MEDIUM,6.0,6.0,0,99.8,94.872
RUS,Silverstone,MEDIUM,7.0,7.0,0,98.1,94.469
RUS,Silverstone,MEDIUM,8.0,8.0,0,96.4,94.797
RUS,Silverstone,MEDIUM,9.0,9.0,0,94.7,95.043
RUS,Silverstone,MEDIUM,10.0,10.0,0,93.0,95.047
RUS,Silverstone,MEDIUM,11.0,11.0,0,91.3,95.107
RUS,Silverstone,MEDIUM,12.0,12.0,0,89.6,94.961
RUS,Silverstone,MEDIUM,13.0,13.0,0,87.9,95.077
RUS,Silverstone,MEDIUM,14.0,14.0,0,86.2,94.708
RUS,Silverstone,MEDIUM,15.0,15.0,0,84.5,94.564
RUS,Silverstone,MEDIUM,16.0,16.0,0,82.8,94.867
RUS,Silverstone,MEDIUM,17.0,17.0,0,81.1,95.783
RUS,Silverstone,MEDIUM,18.0,18.0,0,79.4,95.196
RUS,Silverstone,MEDIUM,19.0,19.0,0,77.7,94.581
RUS,Silverstone,MEDIUM,20.0,20.0,0,76.0,94.553
RUS,Silverstone,MEDIUM,21.0,21.0,0,74.30000000000001,94.405
RUS,Silverstone,MEDIUM,23.0,23.0,0,70.9,93.95
RUS,Silverstone,HARD,2.0,25.0,0,67.5,92.758
RUS,Silverstone,HARD,3.0,26.0,0,65.80000000000001,92.807
RUS,Silverstone,HARD,4.0,27.0,0,64.1,92.953
RUS,Silverstone,HARD,5.0,28.0,0,62.4,93.108
RUS,Silverstone,HARD,6.0,29.0,0,60.7,94.497
RUS,Silverstone,HARD,7.0,30.0,0,59.0,93.734
RUS,Silverstone,HARD,8.0,31.0,0,57.300000000000004,93.895
RUS,Silverstone,HARD,9.0,32.0,0,55.6,94.015
RUS,Silverstone,HARD,10.0,33.0,0,53.9,94.18
RUS,Silverstone,HARD,11.0,34.0,0,52.2,93.43
RUS,Silverstone,MEDIUM,8.0,36.0,0,48.800000000000004,92.489
RUS,Silverstone,MEDIUM,9.0,37.0,0,47.1,92.498
RUS,Silverstone,MEDIUM,12.0,40.0,0,42.0,92.583
RUS,Silverstone,MEDIUM,13.0,41.0,0,40.3,92.732
RUS,Silverstone,MEDIUM,14.0,42.0,0,38.60000000000001,92.686
RUS,Silverstone,MEDIUM,15.0,43.0,0,36.900000000000006,92.755
RUS,Silverstone,MEDIUM,16.0,44.0,0,35.2,92.491
RUS,Silverstone,MEDIUM,17.0,45.0,0,33.5,93.142
RUS,Silverstone,MEDIUM,18.0,46.0,0,31.799999999999997,92.986
RUS,Silverstone,MEDIUM,19.0,47.0,0,30.10000000000001,93.258
BOT,Silverstone,MEDIUM,3.0,3.0,0,104.9,97.527
BOT,Silverstone,MEDIUM,4.0,4.0,0,103.2,97.283
BOT,Silverstone,MEDIUM,5.0,5.0,0,101.5,97.157
BOT,Silverstone,MEDIUM,6.0,6.0,0,99.8,98.028
BOT,Silverstone,MEDIUM,8.0,8.0,0,96.4,97.759
BOT,Silverstone,MEDIUM,9.0,9.0,0,94.7,98.164
BOT,Silverstone,MEDIUM,10.0,10.0,0,93.0,98.044
BOT,Silverstone,MEDIUM,11.0,11.0,0,91.3,98.082
BOT,Silverstone,MEDIUM,12.0,12.0,0,89.6,97.854
BOT,Silverstone,MEDIUM,13.0,13.0,0,87.9,97.644
BOT,Silverstone,MEDIUM,14.0,14.0,0,86.2,97.7
BOT,Silverstone,MEDIUM,15.0,15.0,0,84.5,97.577
BOT,Silverstone,MEDIUM,16.0,16.0,0,82.8,97.667
BOT,Silverstone,MEDIUM,17.0,17.0,0,81.1,97.675
BOT,Silverstone,MEDIUM,18.0,18.0,0,79.4,98.067
BOT,Silverstone,MEDIUM,19.0,19.0,0,77.7,97.829
BOT,Silverstone,MEDIUM,23.0,23.0,0,70.9,97.992
BOT,Silverstone,MEDIUM,26.0,26.0,0,65.80000000000001,97.5
BOT,Silverstone,MEDIUM,27.0,27.0,0,64.1,97.926
BOT,Silverstone,MEDIUM,29.0,29.0,0,60.7,97.033
BOT,Silverstone,HARD,2.0,31.0,0,57.300000000000004,95.893
BOT,Silverstone,HARD,3.0,32.0,0,55.6,96.192
BOT,Silverstone,HARD,4.0,33.0,0,53.9,96.204
BOT,Silverstone,HARD,5.0,34.0,0,52.2,96.54
BOT,Silverstone,HARD,6.0,35.0,0,50.5,96.131
BOT,Silverstone,HARD,7.0,36.0,0,48.800000000000004,96.181
BOT,Silverstone,HARD,10.0,39.0,0,43.7,97.651
BOT,Silverstone,HARD,12.0,41.0,0,40.3,96.141
BOT,Silverstone,HARD,13.0,42.0,0,38.60000000000001,96.287
BOT,Silverstone,HARD,14.0,43.0,0,36.900000000000006,96.161
BOT,Silverstone,HARD,15.0,44.0,0,35.2,97.012
BOT,Silverstone,HARD,16.0,45.0,0,33.5,96.561
PIA,Silverstone,HARD,2.0,4.0,0,103.2,94.363
PIA,Silverstone,HARD,3.0,5.0,0,101.5,94.721
PIA,Silverstone,HARD,4.0,6.0,0,99.8,94.631
PIA,Silverstone,HARD,5.0,7.0,0,98.1,94.878
PIA,Silverstone,HARD,6.0,8.0,0,96.4,94.798
PIA,Silverstone,HARD,7.0,9.0,0,94.7,95.396
PIA,Silverstone,HARD,8.0,10.0,0,93.0,95.224
PIA,Silverstone,HARD,9.0,11.0,0,91.3,95.302
PIA,Silverstone,HARD,10.0,12.0,0,89.6,95.64
PIA,Silverstone,HARD,11.0,13.0,0,87.9,95.182
PIA,Silverstone,HARD,12.0,14.0,0,86.2,95.317
PIA,Silverstone,HARD,13.0,15.0,0,84.5,96.324
PIA,Silverstone,HARD,14.0,16.0,0,82.8,95.157
PIA,Silverstone,HARD,15.0,17.0,0,81.1,95.241
PIA,Silverstone,HARD,16.0,18.0,0,79.4,94.928
PIA,Silverstone,HARD,17.0,19.0,0,77.7,94.863
PIA,Silverstone,HARD,18.0,20.0,0,76.0,94.996
PIA,Silverstone,HARD,20.0,22.0,0,72.6,95.295
PIA,Silverstone,HARD,21.0,23.0,0,70.9,94.964
PIA,Silverstone,HARD,22.0,24.0,0,69.2,94.763
PIA,Silverstone,HARD,23.0,25.0,0,67.5,94.685
PIA,Silverstone,HARD,24.0,26.0,0,65.80000000000001,94.616
PIA,Silverstone,HARD,25.0,27.0,0,64.1,94.99
PIA,Silverstone,HARD,26.0,28.0,0,62.4,95.894
PIA,Silverstone,HARD,27.0,29.0,0,60.7,95.402
PIA,Silverstone,HARD,28.0,30.0,0,59.0,95.285
PIA,Silverstone,HARD,29.0,31.0,0,57.300000000000004,96.685
PIA,Silverstone,HARD,30.0,32.0,0,55.6,95.71
PIA,Silverstone,HARD,31.0,33.0,0,53.9,95.303
PIA,Silverstone,HARD,32.0,34.0,0,52.2,96.816
PIA,Silverstone,HARD,33.0,35.0,0,50.5,95.929
PIA,Silverstone,HARD,34.0,36.0,0,48.800000000000004,94.546
PIA,Silverstone,MEDIUM,6.0,39.0,0,43.7,93.169
PIA,Silverstone,MEDIUM,7.0,40.0,0,42.0,93.535
PIA,Silverstone,MEDIUM,8.0,41.0,0,40.3,93.145
PIA,Silverstone,MEDIUM,9.0,42.0,0,38.60000000000001,92.917
PIA,Silverstone,MEDIUM,10.0,43.0,0,36.900000000000006,93.069
PIA,Silverstone,MEDIUM,11.0,44.0,0,35.2,94.287
PIA,Silverstone,MEDIUM,12.0,45.0,0,33.5,93.405
PIA,Silverstone,MEDIUM,13.0,46.0,0,31.799999999999997,93.032
PIA,Silverstone,SOFT,6.0,50.0,0,25.0,94.706
PIA,Silverstone,SOFT,7.0,51.0,0,23.299999999999997,93.586
BEA,Silverstone,MEDIUM,2.0,2.0,0,106.6,97.833
BEA,Silverstone,MEDIUM,3.0,3.0,0,104.9,97.373
BEA,Silverstone,MEDIUM,4.0,4.0,0,103.2,97.13
BEA,Silverstone,MEDIUM,5.0,5.0,0,101.5,96.867
BEA,Silverstone,MEDIUM,6.0,6.0,0,99.8,96.479
BEA,Silverstone,MEDIUM,7.0,7.0,0,98.1,97.331
BEA,Silverstone,MEDIUM,8.0,8.0,0,96.4,97.205
BEA,Silverstone,MEDIUM,9.0,9.0,0,94.7,97.289
BEA,Silverstone,MEDIUM,11.0,11.0,0,91.3,97.041
BEA,Silverstone,MEDIUM,12.0,12.0,0,89.6,97.18
BEA,Silverstone,MEDIUM,13.0,13.0,0,87.9,97.119
BEA,Silverstone,MEDIUM,14.0,14.0,0,86.2,96.894
BEA,Silverstone,MEDIUM,15.0,15.0,0,84.5,97.135
BEA,Silverstone,MEDIUM,16.0,16.0,0,82.8,96.996
BEA,Silverstone,MEDIUM,17.0,17.0,0,81.1,97.008
BEA,Silverstone,MEDIUM,18.0,18.0,0,79.4,97.453
BEA,Silverstone,MEDIUM,19.0,19.0,0,77.7,97.157
BEA,Silverstone,MEDIUM,20.0,20.0,0,76.0,96.729
BEA,Silverstone,MEDIUM,22.0,22.0,0,72.6,96.419
BEA,Silverstone,MEDIUM,23.0,23.0,0,70.9,96.657
BEA,Silverstone,MEDIUM,24.0,24.0,0,69.2,96.956
BEA,Silverstone,MEDIUM,25.0,25.0,0,67.5,96.495
BEA,Silverstone,MEDIUM,26.0,26.0,0,65.80000000000001,96.617
BEA,Silverstone,MEDIUM,27.0,27.0,0,64.1,97.32
BEA,Silverstone,MEDIUM,28.0,28.0,0,62.4,97.185
BEA,Silverstone,MEDIUM,29.0,29.0,0,60.7,96.36
BEA,Silverstone,HARD,2.0,31.0,0,57.300000000000004,94.455
BEA,Silverstone,HARD,3.0,32.0,0,55.6,94.854
BEA,Silverstone,HARD,4.0,33.0,0,53.9,95.006
BEA,Silverstone,HARD,5.0,34.0,0,52.2,94.565
BEA,Silverstone,HARD,6.0,35.0,0,50.5,95.352
BEA,Silverstone,HARD,7.0,36.0,0,48.800000000000004,95.004
BEA,Silverstone,HARD,10.0,39.0,0,43.7,96.431
BEA,Silverstone,HARD,11.0,40.0,0,42.0,95.464
BEA,Silverstone,HARD,12.0,41.0,0,40.3,95.163
BEA,Silverstone,HARD,13.0,42.0,0,38.60000000000001,94.989
BEA,Silverstone,HARD,14.0,43.0,0,36.900000000000006,95.876
BEA,Silverstone,HARD,15.0,44.0,0,35.2,95.994
BEA,Silverstone,HARD,16.0,45.0,0,33.5,94.916
BEA,Silverstone,SOFT,7.0,51.0,0,23.299999999999997,96.174
